ACCNUM,YEAR,HOUR,ROAD_CLASS,District,WardNum,ACCLOC,TRAFFCTL,VISIBILITY,RDSFCOND,ACCLASS,IMPACTYPE,INVAGE,INJURY,FATAL_NO,DRIVACT,DRIVCOND,PEDACT,PEDCOND,geometry
8002149511,2018,9,Major Arterial,Scarborough,22,At Intersection,Traffic Signal,Clear,Dry,Non-Fatal Injury,Cyclist Collisions,45 to 49,None,,Failed to Yield Right of Way,Inattentive,,,"-79.300037, 43.825247"
8002149511,2018,9,Major Arterial,Scarborough,22,At Intersection,Traffic Signal,Clear,Dry,Non-Fatal Injury,Cyclist Collisions,65 to 69,Major,,,,,,"-79.300037, 43.825247"
8002149511,2018,9,Major Arterial,Scarborough,22,At Intersection,Traffic Signal,Clear,Dry,Non-Fatal Injury,Cyclist Collisions,60 to 64,None,,,,,,"-79.300037, 43.825247"
9001462666,2019,9,Major Arterial,Scarborough,21,At Intersection,No Control,Clear,Dry,Fatal,SMV Other,55 to 59,Fatal,31,Lost control,Unknown,,,"-79.301395, 43.763796"
9001504654,2019,9,Major Arterial,North York,18,Non Intersection,No Control,Clear,Dry,Fatal,Pedestrian Collisions,65 to 69,Fatal,33,,,On Sidewalk or Shoulder,Normal,"-79.413204, 43.780181"
9001504654,2019,9,Major Arterial,North York,18,Non Intersection,No Control,Clear,Dry,Fatal,Pedestrian Collisions,35 to 39,None,,Lost control,Unknown,,,"-79.413204, 43.780181"
8001870911,2018,9,Major Arterial,Toronto and East York,,Intersection Related,Traffic Signal,Clear,Dry,Non-Fatal Injury,Pedestrian Collisions,45 to 49,None,,Driving Properly,Normal,,,"-79.422672, 43.654395"
8001870911,2018,9,Major Arterial,Toronto and East York,,Intersection Related,Traffic Signal,Clear,Dry,Non-Fatal Injury,Pedestrian Collisions,75 to 79,Major,,,,Crossing without right of way,Medical or Physical Disability,"-79.422672, 43.654395"
8001891156,2018,9,Major Arterial,Scarborough,20,At Intersection,Traffic Signal,Clear,Dry,Non-Fatal Injury,Pedestrian Collisions,45 to 49,None,,Failed to Yield Right of Way,Normal,,,"-79.262294, 43.692973"
8001891156,2018,9,Major Arterial,Scarborough,20,At Intersection,Traffic Signal,Clear,Dry,Non-Fatal Injury,Pedestrian Collisions,65 to 69,Major,,,,Crossing without right of way,Normal,"-79.262294, 43.692973"
9001734593,2019,9,Major Arterial,North York,,At Intersection,No Control,Clear,Dry,Fatal,Pedestrian Collisions,50 to 54,Fatal,41,,,Crossing with right of way,Normal,"-79.399272, 43.711005"
9001734593,2019,9,Major Arterial,North York,,At Intersection,No Control,Clear,Dry,Fatal,Pedestrian Collisions,55 to 59,None,,Improper Turn,Unknown,,,"-79.399272, 43.711005"
9001911446,2019,9,Major Arterial,North York,,At Intersection,Traffic Signal,Clear,Dry,Non-Fatal Injury,Pedestrian Collisions,45 to 49,None,,Failed to Yield Right of Way,Normal,,,"-79.413853, 43.703471"
9001911446,2019,9,Major Arterial,North York,,At Intersection,Traffic Signal,Clear,Dry,Non-Fatal Injury,Pedestrian Collisions,40 to 44,Major,,,,,Normal,"-79.413853, 43.703471"
9001955336,2019,9,Minor Arterial,Toronto and East York,10,Non Intersection,No Control,Clear,Dry,Non-Fatal Injury,Turning Movement,50 to 54,Major,,Improper Passing,Inattentive,,,"-79.382732, 43.639507"
9001955336,2019,9,Minor Arterial,Toronto and East York,10,Non Intersection,No Control,Clear,Dry,Non-Fatal Injury,Turning Movement,40 to 44,None,,Driving Properly,Normal,,,"-79.382732, 43.639507"
918360,2006,10,Major Arterial,North York,,At Intersection,Traffic Signal,Clear,Dry,Non-Fatal Injury,Rear End,50 to 54,Major,,Failed to Yield Right of Way,Inattentive,,,"-79.40809, 43.752445"
918360,2006,10,Major Arterial,North York,,At Intersection,Traffic Signal,Clear,Dry,Non-Fatal Injury,Rear End,45 to 49,None,,Driving Properly,Normal,,,"-79.40809, 43.752445"
1027306,2008,10,Major Arterial,Scarborough,22,At Intersection,Traffic Signal,Clear,Dry,Fatal,Angle,unknown,,,,,,,"-79.31689, 43.821345"
907762,2006,10,Major Arterial,Etobicoke York,1,At Intersection,Traffic Signal,Rain,Wet,Non-Fatal Injury,Turning Movement,50 to 54,None,,Driving Properly,Normal,,,"-79.55969, 43.713345"
907762,2006,10,Major Arterial,Etobicoke York,1,At Intersection,Traffic Signal,Rain,Wet,Non-Fatal Injury,Turning Movement,unknown,None,,,,,,"-79.55969, 43.713345"
907762,2006,10,Major Arterial,Etobicoke York,1,At Intersection,Traffic Signal,Rain,Wet,Non-Fatal Injury,Turning Movement,15 to 19,Major,,Improper Turn,Normal,,,"-79.55969, 43.713345"
907762,2006,10,Major Arterial,Etobicoke York,1,At Intersection,Traffic Signal,Rain,Wet,Non-Fatal Injury,Turning Movement,45 to 49,None,,Driving Properly,Normal,,,"-79.55969, 43.713345"
917601,2006,10,Major Arterial,North York,18,At Intersection,Traffic Signal,Clear,Dry,Non-Fatal Injury,Pedestrian Collisions,40 to 44,None,,Failed to Yield Right of Way,Normal,,,"-79.41939, 43.795445"
917601,2006,10,Major Arterial,North York,18,At Intersection,Traffic Signal,Clear,Dry,Non-Fatal Injury,Pedestrian Collisions,80 to 84,Major,,,,Crossing with right of way,Normal,"-79.41939, 43.795445"
924979,2006,10,Major Arterial,Toronto and East York,4,At Intersection,Stop Sign,Clear,Dry,Non-Fatal Injury,Pedestrian Collisions,10 to 14,None,,,,,,"-79.43729, 43.640445"
997564,2007,10,Collector,Etobicoke York,1,,No Control,Rain,Wet,Fatal,Approaching,unknown,,,,,,,"-79.55869, 43.716245"
919517,2006,10,Major Arterial,North York,16,,No Control,Clear,Other,Non-Fatal Injury,Pedestrian Collisions,55 to 59,None,,Driving Properly,Normal,,,"-79.33279, 43.722145"
919517,2006,10,Major Arterial,North York,16,,No Control,Clear,Other,Non-Fatal Injury,Pedestrian Collisions,25 to 29,Major,,,,On Sidewalk or Shoulder,Inattentive,"-79.33279, 43.722145"
924979,2006,10,Major Arterial,Toronto and East York,4,At Intersection,Stop Sign,Clear,Dry,Non-Fatal Injury,Pedestrian Collisions,10 to 14,None,,,,,,"-79.43729, 43.640445"
924979,2006,10,Major Arterial,Toronto and East York,4,At Intersection,Stop Sign,Clear,Dry,Non-Fatal Injury,Pedestrian Collisions,5 to 9,None,,,,,,"-79.43729, 43.640445"
911336,2006,10,Major Arterial,Scarborough,21,,Stop Sign,Clear,Dry,Non-Fatal Injury,Cyclist Collisions,unknown,,,,,,,"-79.28349, 43.744045"
911336,2006,10,Major Arterial,Scarborough,21,,Stop Sign,Clear,Dry,Non-Fatal Injury,Cyclist Collisions,45 to 49,None,,Driving Properly,Normal,,,"-79.28349, 43.744045"
911336,2006,10,Major Arterial,Scarborough,21,,Stop Sign,Clear,Dry,Non-Fatal Injury,Cyclist Collisions,30 to 34,Major,,,,,,"-79.28349, 43.744045"
924979,2006,10,Major Arterial,Toronto and East York,4,At Intersection,Stop Sign,Clear,Dry,Non-Fatal Injury,Pedestrian Collisions,60 to 64,None,,Driving Properly,Normal,,,"-79.43729, 43.640445"
924979,2006,10,Major Arterial,Toronto and East York,4,At Intersection,Stop Sign,Clear,Dry,Non-Fatal Injury,Pedestrian Collisions,5 to 9,None,,,,,,"-79.43729, 43.640445"
924979,2006,10,Major Arterial,Toronto and East York,4,At Intersection,Stop Sign,Clear,Dry,Non-Fatal Injury,Pedestrian Collisions,65 to 69,Major,,,,"Crossing, no Traffic Control",Inattentive,"-79.43729, 43.640445"
922913,2006,10,Major Arterial,Scarborough,24,At Intersection,Traffic Signal,Clear,Dry,Non-Fatal Injury,Pedestrian Collisions,35 to 39,Minimal,,,,,,"-79.20499, 43.782545"
922913,2006,10,Major Arterial,Scarborough,24,At Intersection,Traffic Signal,Clear,Dry,Non-Fatal Injury,Pedestrian Collisions,unknown,,,,,,,"-79.20499, 43.782545"
922913,2006,10,Major Arterial,Scarborough,24,At Intersection,Traffic Signal,Clear,Dry,Non-Fatal Injury,Pedestrian Collisions,45 to 49,None,,Other,Normal,,,"-79.20499, 43.782545"
922913,2006,10,Major Arterial,Scarborough,24,At Intersection,Traffic Signal,Clear,Dry,Non-Fatal Injury,Pedestrian Collisions,75 to 79,Major,,,,Crossing without right of way,Normal,"-79.20499, 43.782545"
918360,2006,10,Major Arterial,North York,,At Intersection,Traffic Signal,Clear,Dry,Non-Fatal Injury,Rear End,35 to 39,Minimal,,,,,,"-79.40809, 43.752445"
918360,2006,10,Major Arterial,North York,,At Intersection,Traffic Signal,Clear,Dry,Non-Fatal Injury,Rear End,40 to 44,Major,,Failed to Yield Right of Way,Normal,,,"-79.40809, 43.752445"
918360,2006,10,Major Arterial,North York,,At Intersection,Traffic Signal,Clear,Dry,Non-Fatal Injury,Rear End,50 to 54,Minimal,,,,,,"-79.40809, 43.752445"
918360,2006,10,Major Arterial,North York,,At Intersection,Traffic Signal,Clear,Dry,Non-Fatal Injury,Rear End,50 to 54,None,,Driving Properly,Normal,,,"-79.40809, 43.752445"
918360,2006,10,Major Arterial,North York,,At Intersection,Traffic Signal,Clear,Dry,Non-Fatal Injury,Rear End,30 to 34,Major,,,,,,"-79.40809, 43.752445"
900756,2006,10,Major Arterial,Toronto and East York,,At Intersection,Traffic Signal,Clear,Dry,Fatal,Pedestrian Collisions,unknown,,,,,,,"-79.41829, 43.649845"
900756,2006,10,Major Arterial,Toronto and East York,,At Intersection,Traffic Signal,Clear,Dry,Fatal,Pedestrian Collisions,65 to 69,None,,Failed to Yield Right of Way,Inattentive,,,"-79.41829, 43.649845"
900756,2006,10,Major Arterial,Toronto and East York,,At Intersection,Traffic Signal,Clear,Dry,Fatal,Pedestrian Collisions,70 to 74,Fatal,,,,Crossing with right of way,Normal,"-79.41829, 43.649845"
958123,2007,10,Major Arterial,Toronto and East York,9,,No Control,Clear,Dry,Non-Fatal Injury,Pedestrian Collisions,35 to 39,None,,Driving Properly,Normal,,,"-79.43339, 43.654645"
958123,2007,10,Major Arterial,Toronto and East York,9,,No Control,Clear,Dry,Non-Fatal Injury,Pedestrian Collisions,20 to 24,Major,,,,"Crossing, no Traffic Control",Normal,"-79.43339, 43.654645"
934337,2006,10,Major Arterial,North York,17,,Traffic Signal,Clear,Dry,Non-Fatal Injury,Pedestrian Collisions,50 to 54,None,,Driving Properly,Normal,,,"-79.35749, 43.811945"
934337,2006,10,Major Arterial,North York,17,,Traffic Signal,Clear,Dry,Non-Fatal Injury,Pedestrian Collisions,40 to 44,None,,Improper Lane Change,Normal,,,"-79.35749, 43.811945"
934337,2006,10,Major Arterial,North York,17,,Traffic Signal,Clear,Dry,Non-Fatal Injury,Pedestrian Collisions,60 to 64,Major,,,,On Sidewalk or Shoulder,Normal,"-79.35749, 43.811945"
967741,2007,10,Major Arterial,North York,,,No Control,Clear,Dry,Non-Fatal Injury,Rear End,unknown,None,,,,,,"-79.31479, 43.756645"
967741,2007,10,Major Arterial,North York,,,No Control,Clear,Dry,Non-Fatal Injury,Rear End,30 to 34,None,,Following too Close,Normal,,,"-79.31479, 43.756645"
967741,2007,10,Major Arterial,North York,,,No Control,Clear,Dry,Non-Fatal Injury,Rear End,55 to 59,Minimal,,Driving Properly,Normal,,,"-79.31479, 43.756645"
967741,2007,10,Major Arterial,North York,,,No Control,Clear,Dry,Non-Fatal Injury,Rear End,50 to 54,Minor,,,,,,"-79.31479, 43.756645"
967741,2007,10,Major Arterial,North York,,,No Control,Clear,Dry,Non-Fatal Injury,Rear End,55 to 59,Major,,Driving Properly,Normal,,,"-79.31479, 43.756645"
967962,2007,10,Major Arterial,Etobicoke York,1,,Traffic Signal,Clear,Dry,Non-Fatal Injury,Angle,65 to 69,None,,Disobeyed Traffic Control,Normal,,,"-79.56349, 43.704845"
967962,2007,10,Major Arterial,Etobicoke York,1,,Traffic Signal,Clear,Dry,Non-Fatal Injury,Angle,10 to 14,Minimal,,,,,,"-79.56349, 43.704845"
967962,2007,10,Major Arterial,Etobicoke York,1,,Traffic Signal,Clear,Dry,Non-Fatal Injury,Angle,60 to 64,Major,,,,,,"-79.56349, 43.704845"
967962,2007,10,Major Arterial,Etobicoke York,1,,Traffic Signal,Clear,Dry,Non-Fatal Injury,Angle,15 to 19,Minimal,,,,,,"-79.56349, 43.704845"
967962,2007,10,Major Arterial,Etobicoke York,1,,Traffic Signal,Clear,Dry,Non-Fatal Injury,Angle,45 to 49,Minimal,,Driving Properly,Normal,,,"-79.56349, 43.704845"
971396,2007,10,Major Arterial,North York,17,At Intersection,Traffic Signal,Clear,Dry,Non-Fatal Injury,Pedestrian Collisions,75 to 79,None,,Driving Properly,Normal,,,"-79.35469, 43.792645"
971396,2007,10,Major Arterial,North York,17,At Intersection,Traffic Signal,Clear,Dry,Non-Fatal Injury,Pedestrian Collisions,20 to 24,Major,,,,Crossing without right of way,Inattentive,"-79.35469, 43.792645"
976441,2007,10,Major Arterial,Etobicoke York,1,At Intersection,Traffic Controller,Clear,Dry,Non-Fatal Injury,Turning Movement,35 to 39,Major,,Improper Turn,Normal,,,"-79.60389, 43.743645"
976441,2007,10,Major Arterial,Etobicoke York,1,At Intersection,Traffic Controller,Clear,Dry,Non-Fatal Injury,Turning Movement,15 to 19,Minimal,,Improper Turn,Normal,,,"-79.60389, 43.743645"
976441,2007,10,Major Arterial,Etobicoke York,1,At Intersection,Traffic Controller,Clear,Dry,Non-Fatal Injury,Turning Movement,unknown,None,,,,,,"-79.60389, 43.743645"
976441,2007,10,Major Arterial,Etobicoke York,1,At Intersection,Traffic Controller,Clear,Dry,Non-Fatal Injury,Turning Movement,40 to 44,Minor,,Driving Properly,Normal,,,"-79.60389, 43.743645"
943367,2006,10,Major Arterial,Toronto and East York,,,Traffic Signal,Clear,Dry,Non-Fatal Injury,Sideswipe,unknown,None,,,,,,"-79.43249, 43.680245"
943367,2006,10,Major Arterial,Toronto and East York,,,Traffic Signal,Clear,Dry,Non-Fatal Injury,Sideswipe,30 to 34,None,,Driving Properly,Normal,,,"-79.43249, 43.680245"
943367,2006,10,Major Arterial,Toronto and East York,,,Traffic Signal,Clear,Dry,Non-Fatal Injury,Sideswipe,20 to 24,Major,,,,,,"-79.43249, 43.680245"
943367,2006,10,Major Arterial,Toronto and East York,,,Traffic Signal,Clear,Dry,Non-Fatal Injury,Sideswipe,20 to 24,Minor,,Improper Turn,Normal,,,"-79.43249, 43.680245"
957566,2007,10,Major Arterial,Etobicoke York,1,,No Control,Clear,Other,Fatal,Approaching,unknown,,,,,,,"-79.59689, 43.759345"
957566,2007,10,Major Arterial,Etobicoke York,1,,No Control,Clear,Other,Fatal,Approaching,35 to 39,Minor,,Lost control,Other,,,"-79.59689, 43.759345"
957566,2007,10,Major Arterial,Etobicoke York,1,,No Control,Clear,Other,Fatal,Approaching,unknown,,,,,,,"-79.59689, 43.759345"
957566,2007,10,Major Arterial,Etobicoke York,1,,No Control,Clear,Other,Fatal,Approaching,60 to 64,Fatal,,Driving Properly,Normal,,,"-79.59689, 43.759345"
951783,2007,10,Major Arterial,Etobicoke York,3,At Intersection,Traffic Signal,Clear,Dry,Non-Fatal Injury,Turning Movement,unknown,None,,,,,,"-79.55489, 43.628945"
951783,2007,10,Major Arterial,Etobicoke York,3,At Intersection,Traffic Signal,Clear,Dry,Non-Fatal Injury,Turning Movement,60 to 64,Minor,,Disobeyed Traffic Control,Normal,,,"-79.55489, 43.628945"
951783,2007,10,Major Arterial,Etobicoke York,3,At Intersection,Traffic Signal,Clear,Dry,Non-Fatal Injury,Turning Movement,75 to 79,Major,,Driving Properly,Normal,,,"-79.55489, 43.628945"
945694,2006,10,Major Arterial,Toronto and East York,,At Intersection,Pedestrian Crossover,Clear,Dry,Non-Fatal Injury,Pedestrian Collisions,50 to 54,None,,Failed to Yield Right of Way,Unknown,,,"-79.40849, 43.651745"
945694,2006,10,Major Arterial,Toronto and East York,,At Intersection,Pedestrian Crossover,Clear,Dry,Non-Fatal Injury,Pedestrian Collisions,45 to 49,Major,,,,"Crossing, Pedestrian Crossover",Normal,"-79.40849, 43.651745"
946614,2006,10,Major Arterial,Scarborough,23,,Traffic Signal,Clear,Dry,Non-Fatal Injury,Angle,35 to 39,Major,,Disobeyed Traffic Control,Normal,,,"-79.26919, 43.811645"
946614,2006,10,Major Arterial,Scarborough,23,,Traffic Signal,Clear,Dry,Non-Fatal Injury,Angle,40 to 44,Major,,Driving Properly,Normal,,,"-79.26919, 43.811645"
946614,2006,10,Major Arterial,Scarborough,23,,Traffic Signal,Clear,Dry,Non-Fatal Injury,Angle,5 to 9,Major,,,,,,"-79.26919, 43.811645"
946614,2006,10,Major Arterial,Scarborough,23,,Traffic Signal,Clear,Dry,Non-Fatal Injury,Angle,60 to 64,Major,,Driving Properly,Normal,,,"-79.26919, 43.811645"
931113,2006,10,Major Arterial,Etobicoke York,1,,Pedestrian Crossover,Clear,Wet,Non-Fatal Injury,Pedestrian Collisions,55 to 59,None,,Disobeyed Traffic Control,Inattentive,,,"-79.58109, 43.741245"
931113,2006,10,Major Arterial,Etobicoke York,1,,Pedestrian Crossover,Clear,Wet,Non-Fatal Injury,Pedestrian Collisions,75 to 79,Major,,,,"Crossing, Pedestrian Crossover",Normal,"-79.58109, 43.741245"
932797,2006,10,Local,Toronto and East York,4,,No Control,Rain,Wet,Non-Fatal Injury,SMV Other,15 to 19,Minor,,,,,,"-79.48489, 43.643545"
932797,2006,10,Local,Toronto and East York,4,,No Control,Rain,Wet,Non-Fatal Injury,SMV Other,unknown,,,,,,,"-79.48489, 43.643545"
932028,2006,10,Minor Arterial,Toronto and East York,13,At Intersection,Traffic Signal,Clear,Dry,Non-Fatal Injury,Cyclist Collisions,25 to 29,None,,Driving Properly,Normal,,,"-79.36699, 43.661945"
932028,2006,10,Minor Arterial,Toronto and East York,13,At Intersection,Traffic Signal,Clear,Dry,Non-Fatal Injury,Cyclist Collisions,35 to 39,Major,,,,,,"-79.36699, 43.661945"
932797,2006,10,Local,Toronto and East York,4,,No Control,Rain,Wet,Non-Fatal Injury,SMV Other,10 to 14,Major,,,,,,"-79.48489, 43.643545"
932797,2006,10,Local,Toronto and East York,4,,No Control,Rain,Wet,Non-Fatal Injury,SMV Other,15 to 19,None,,Lost control,Normal,,,"-79.48489, 43.643545"
932797,2006,10,Local,Toronto and East York,4,,No Control,Rain,Wet,Non-Fatal Injury,SMV Other,unknown,,,,,,,"-79.48489, 43.643545"
987941,2007,10,Major Arterial,Etobicoke York,2,,No Control,Clear,Dry,Non-Fatal Injury,Sideswipe,40 to 44,None,,Driving Properly,Normal,,,"-79.60369, 43.651045"
987941,2007,10,Major Arterial,Etobicoke York,2,,No Control,Clear,Dry,Non-Fatal Injury,Sideswipe,unknown,None,,,,,,"-79.60369, 43.651045"
987941,2007,10,Major Arterial,Etobicoke York,2,,No Control,Clear,Dry,Non-Fatal Injury,Sideswipe,50 to 54,Major,,Lost control,Medical or Physical Disability,,,"-79.60369, 43.651045"
976207,2007,10,Other,Scarborough,20,,No Control,Clear,Dry,Non-Fatal Injury,Pedestrian Collisions,unknown,Major,,,,,,"-79.23599, 43.706145"
976207,2007,10,Other,Scarborough,20,,No Control,Clear,Dry,Non-Fatal Injury,Pedestrian Collisions,unknown,,,,,,,"-79.23599, 43.706145"
976207,2007,10,Other,Scarborough,20,,No Control,Clear,Dry,Non-Fatal Injury,Pedestrian Collisions,45 to 49,None,,,,,,"-79.23599, 43.706145"
981104,2007,10,Minor Arterial,Scarborough,25,At Intersection,Stop Sign,Clear,Dry,Non-Fatal Injury,Angle,45 to 49,Major,,Driving Properly,Normal,,,"-79.17999, 43.853145"
981104,2007,10,Minor Arterial,Scarborough,25,At Intersection,Stop Sign,Clear,Dry,Non-Fatal Injury,Angle,45 to 49,Major,,,,,,"-79.17999, 43.853145"
981104,2007,10,Minor Arterial,Scarborough,25,At Intersection,Stop Sign,Clear,Dry,Non-Fatal Injury,Angle,unknown,None,,,,,,"-79.17999, 43.853145"
981104,2007,10,Minor Arterial,Scarborough,25,At Intersection,Stop Sign,Clear,Dry,Non-Fatal Injury,Angle,40 to 44,Minimal,,Failed to Yield Right of Way,Inattentive,,,"-79.17999, 43.853145"
997564,2007,10,Collector,Etobicoke York,1,,No Control,Rain,Wet,Fatal,Approaching,80 to 84,Fatal,,,,,,"-79.55869, 43.716245"
997564,2007,10,Collector,Etobicoke York,1,,No Control,Rain,Wet,Fatal,Approaching,80 to 84,Fatal,,,,,,"-79.55869, 43.716245"
997564,2007,10,Collector,Etobicoke York,1,,No Control,Rain,Wet,Fatal,Approaching,unknown,,,,,,,"-79.55869, 43.716245"
997564,2007,10,Collector,Etobicoke York,1,,No Control,Rain,Wet,Fatal,Approaching,70 to 74,Major,,Lost control,"Ability Impaired, Alcohol Over .08",,,"-79.55869, 43.716245"
997564,2007,10,Collector,Etobicoke York,1,,No Control,Rain,Wet,Fatal,Approaching,55 to 59,None,,Driving Properly,Normal,,,"-79.55869, 43.716245"
1005723,2007,10,Major Arterial,Scarborough,23,,No Control,Clear,Dry,Non-Fatal Injury,Turning Movement,50 to 54,Major,,Driving Properly,Normal,,,"-79.26899, 43.788245"
982822,2007,10,Minor Arterial,Scarborough,25,At Intersection,Traffic Signal,Clear,Dry,Non-Fatal Injury,Turning Movement,25 to 29,Minor,,Improper Turn,Normal,,,"-79.19929, 43.848445"
982822,2007,10,Minor Arterial,Scarborough,25,At Intersection,Traffic Signal,Clear,Dry,Non-Fatal Injury,Turning Movement,25 to 29,Major,,Driving Properly,Normal,,,"-79.19929, 43.848445"
983259,2007,10,Minor Arterial,Toronto and East York,4,At Intersection,Traffic Signal,Rain,Wet,Non-Fatal Injury,SMV Other,45 to 49,Major,,Lost control,Normal,,,"-79.44529, 43.651145"
1005723,2007,10,Major Arterial,Scarborough,23,,No Control,Clear,Dry,Non-Fatal Injury,Turning Movement,unknown,,,,,,,"-79.26899, 43.788245"
1005723,2007,10,Major Arterial,Scarborough,23,,No Control,Clear,Dry,Non-Fatal Injury,Turning Movement,25 to 29,None,,Lost control,Normal,,,"-79.26899, 43.788245"
993583,2007,10,Minor Arterial,Scarborough,25,,No Control,Clear,Dry,Non-Fatal Injury,Cyclist Collisions,unknown,,,,,,,"-79.15969, 43.805445"
993583,2007,10,Minor Arterial,Scarborough,25,,No Control,Clear,Dry,Non-Fatal Injury,Cyclist Collisions,40 to 44,None,,Failed to Yield Right of Way,Normal,,,"-79.15969, 43.805445"
993583,2007,10,Minor Arterial,Scarborough,25,,No Control,Clear,Dry,Non-Fatal Injury,Cyclist Collisions,60 to 64,Major,,,,,,"-79.15969, 43.805445"
999758,2007,10,Major Arterial,North York,6,At Intersection,Traffic Signal,Clear,Dry,Non-Fatal Injury,Angle,45 to 49,Major,,Disobeyed Traffic Control,Unknown,,,"-79.49009, 43.782545"
999758,2007,10,Major Arterial,North York,6,At Intersection,Traffic Signal,Clear,Dry,Non-Fatal Injury,Angle,70 to 74,None,,Driving Properly,Normal,,,"-79.49009, 43.782545"
973856,2007,10,Major Arterial,Scarborough,22,,No Control,Clear,Dry,Non-Fatal Injury,SMV Other,70 to 74,Major,,Lost control,Medical or Physical Disability,,,"-79.28989, 43.782845"
974270,2007,10,Major Arterial,North York,18,At Intersection,Traffic Signal,Clear,Dry,Non-Fatal Injury,Pedestrian Collisions,5 to 9,None,,,,,,"-79.43659, 43.794445"
974270,2007,10,Major Arterial,North York,18,At Intersection,Traffic Signal,Clear,Dry,Non-Fatal Injury,Pedestrian Collisions,0 to 4,None,,,,,,"-79.43659, 43.794445"
974270,2007,10,Major Arterial,North York,18,At Intersection,Traffic Signal,Clear,Dry,Non-Fatal Injury,Pedestrian Collisions,5 to 9,None,,,,,,"-79.43659, 43.794445"
974270,2007,10,Major Arterial,North York,18,At Intersection,Traffic Signal,Clear,Dry,Non-Fatal Injury,Pedestrian Collisions,50 to 54,None,,,,,,"-79.43659, 43.794445"
974270,2007,10,Major Arterial,North York,18,At Intersection,Traffic Signal,Clear,Dry,Non-Fatal Injury,Pedestrian Collisions,unknown,,,,,,,"-79.43659, 43.794445"
974270,2007,10,Major Arterial,North York,18,At Intersection,Traffic Signal,Clear,Dry,Non-Fatal Injury,Pedestrian Collisions,25 to 29,None,,Driving Properly,Unknown,,,"-79.43659, 43.794445"
974270,2007,10,Major Arterial,North York,18,At Intersection,Traffic Signal,Clear,Dry,Non-Fatal Injury,Pedestrian Collisions,10 to 14,Major,,,,Crossing without right of way,Unknown,"-79.43659, 43.794445"
980194,2007,10,Major Arterial,Toronto and East York,9,,No Control,Clear,Dry,Non-Fatal Injury,Turning Movement,55 to 59,Major,,Driving Properly,Normal,,,"-79.44779, 43.676945"
980194,2007,10,Major Arterial,Toronto and East York,9,,No Control,Clear,Dry,Non-Fatal Injury,Turning Movement,70 to 74,None,,Failed to Yield Right of Way,Inattentive,,,"-79.44779, 43.676945"
1000380,2007,10,Major Arterial,Toronto and East York,4,At Intersection,Traffic Signal,Clear,Dry,Non-Fatal Injury,Pedestrian Collisions,unknown,,,,,,,"-79.43599, 43.637145"
1000380,2007,10,Major Arterial,Toronto and East York,4,At Intersection,Traffic Signal,Clear,Dry,Non-Fatal Injury,Pedestrian Collisions,55 to 59,None,,Driving Properly,Normal,,,"-79.43599, 43.637145"
1000380,2007,10,Major Arterial,Toronto and East York,4,At Intersection,Traffic Signal,Clear,Dry,Non-Fatal Injury,Pedestrian Collisions,75 to 79,Major,,,,Crossing without right of way,Normal,"-79.43599, 43.637145"
1001877,2007,10,Major Arterial,Toronto and East York,4,At Intersection,No Control,Clear,Dry,Non-Fatal Injury,Pedestrian Collisions,40 to 44,None,,Driving Properly,Normal,,,"-79.47819, 43.650745"
1001877,2007,10,Major Arterial,Toronto and East York,4,At Intersection,No Control,Clear,Dry,Non-Fatal Injury,Pedestrian Collisions,70 to 74,Major,,,,On Sidewalk or Shoulder,Normal,"-79.47819, 43.650745"
990014,2007,10,Major Arterial,Etobicoke York,7,At Intersection,Traffic Signal,Clear,Dry,Fatal,Pedestrian Collisions,unknown,,,,,,,"-79.52429, 43.755945"
990014,2007,10,Major Arterial,Etobicoke York,7,At Intersection,Traffic Signal,Clear,Dry,Fatal,Pedestrian Collisions,20 to 24,None,,Driving Properly,Normal,,,"-79.52429, 43.755945"
990014,2007,10,Major Arterial,Etobicoke York,7,At Intersection,Traffic Signal,Clear,Dry,Fatal,Pedestrian Collisions,65 to 69,Fatal,,,,Crossing without right of way,Unknown,"-79.52429, 43.755945"
1004530,2007,10,Major Arterial,Scarborough,23,At Intersection,Traffic Signal,Clear,Dry,Non-Fatal Injury,Rear End,75 to 79,Major,,Disobeyed Traffic Control,Normal,,,"-79.25729, 43.787345"
1004530,2007,10,Major Arterial,Scarborough,23,At Intersection,Traffic Signal,Clear,Dry,Non-Fatal Injury,Rear End,50 to 54,Major,,Driving Properly,Normal,,,"-79.25729, 43.787345"
994868,2007,10,Minor Arterial,Scarborough,20,,Traffic Signal,Clear,Dry,Non-Fatal Injury,Cyclist Collisions,45 to 49,None,,Driving Properly,Normal,,,"-79.26809, 43.706945"
994868,2007,10,Minor Arterial,Scarborough,20,,Traffic Signal,Clear,Dry,Non-Fatal Injury,Cyclist Collisions,55 to 59,Major,,,,,,"-79.26809, 43.706945"
986718,2007,10,Major Arterial,Scarborough,21,,No Control,Clear,Dry,Fatal,Pedestrian Collisions,unknown,,,,,,,"-79.24609, 43.755345"
986718,2007,10,Major Arterial,Scarborough,21,,No Control,Clear,Dry,Fatal,Pedestrian Collisions,50 to 54,None,,Driving Properly,Normal,,,"-79.24609, 43.755345"
986718,2007,10,Major Arterial,Scarborough,21,,No Control,Clear,Dry,Fatal,Pedestrian Collisions,unknown,,,,,,,"-79.24609, 43.755345"
986718,2007,10,Major Arterial,Scarborough,21,,No Control,Clear,Dry,Fatal,Pedestrian Collisions,35 to 39,None,,Driving Properly,Normal,,,"-79.24609, 43.755345"