ACCNUM,YEAR,HOUR,ROAD_CLASS,District,WardNum,ACCLOC,TRAFFCTL,VISIBILITY,RDSFCOND,ACCLASS,IMPACTYPE,INVAGE,INJURY,FATAL_NO,DRIVACT,DRIVCOND,PEDACT,PEDCOND,geometry
986718,2007,10,Major Arterial,Scarborough,21,,No Control,Clear,Dry,Fatal,Pedestrian Collisions,75 to 79,Fatal,,,,"Crossing, no Traffic Control",Normal,"-79.24609, 43.755345"
986004,2007,10,Major Arterial,Scarborough,25,At Intersection,Traffic Signal,Clear,Dry,Non-Fatal Injury,Cyclist Collisions,unknown,None,,Driving Properly,,,,"-79.14919, 43.797045"
986004,2007,10,Major Arterial,Scarborough,25,At Intersection,Traffic Signal,Clear,Dry,Non-Fatal Injury,Cyclist Collisions,55 to 59,Major,,,,,,"-79.14919, 43.797045"
1055967,2008,10,Major Arterial,North York,,,Traffic Signal,Clear,Dry,Non-Fatal Injury,Pedestrian Collisions,40 to 44,None,,Following too Close,Normal,,,"-79.31399, 43.754345"
1055967,2008,10,Major Arterial,North York,,,Traffic Signal,Clear,Dry,Non-Fatal Injury,Pedestrian Collisions,20 to 24,Minor,,Driving Properly,Normal,,,"-79.31399, 43.754345"
1055967,2008,10,Major Arterial,North York,,,Traffic Signal,Clear,Dry,Non-Fatal Injury,Pedestrian Collisions,70 to 74,Major,,,,On Sidewalk or Shoulder,Normal,"-79.31399, 43.754345"
1058993,2008,10,Major Arterial,North York,18,,No Control,Clear,Dry,Non-Fatal Injury,Angle,20 to 24,Major,,,,,,"-79.43839, 43.774545"
1062586,2008,10,Major Arterial,Etobicoke York,,,No Control,Clear,Dry,Non-Fatal Injury,Rear End,55 to 59,Minimal,,Following too Close,Normal,,,"-79.54669, 43.697045"
1062586,2008,10,Major Arterial,Etobicoke York,,,No Control,Clear,Dry,Non-Fatal Injury,Rear End,45 to 49,Major,,Driving Properly,Normal,,,"-79.54669, 43.697045"
1021846,2008,10,Major Arterial,Scarborough,24,,No Control,Rain,Wet,Non-Fatal Injury,Approaching,65 to 69,Major,,Driving Properly,Normal,,,"-79.22899, 43.769045"
1021846,2008,10,Major Arterial,Scarborough,24,,No Control,Rain,Wet,Non-Fatal Injury,Approaching,20 to 24,Minimal,,,,,,"-79.22899, 43.769045"
1021846,2008,10,Major Arterial,Scarborough,24,,No Control,Rain,Wet,Non-Fatal Injury,Approaching,unknown,,,,,,,"-79.22899, 43.769045"
1021846,2008,10,Major Arterial,Scarborough,24,,No Control,Rain,Wet,Non-Fatal Injury,Approaching,25 to 29,Minimal,,Lost control,"Ability Impaired, Alcohol",,,"-79.22899, 43.769045"
1062415,2008,10,Major Arterial,North York,18,,No Control,Clear,Dry,Fatal,Pedestrian Collisions,unknown,,,,,,,"-79.41639, 43.783245"
1062415,2008,10,Major Arterial,North York,18,,No Control,Clear,Dry,Fatal,Pedestrian Collisions,45 to 49,None,,Driving Properly,Normal,,,"-79.41639, 43.783245"
1062415,2008,10,Major Arterial,North York,18,,No Control,Clear,Dry,Fatal,Pedestrian Collisions,85 to 89,Fatal,43,,,"Crossing, no Traffic Control",Inattentive,"-79.41639, 43.783245"
1052382,2008,10,Major Arterial,North York,,At Intersection,Stop Sign,Clear,Dry,Fatal,Pedestrian Collisions,20 to 24,None,,,,,,"-79.38669, 43.699245"
1052382,2008,10,Major Arterial,North York,,At Intersection,Stop Sign,Clear,Dry,Fatal,Pedestrian Collisions,30 to 34,None,,,,,,"-79.38669, 43.699245"
1052382,2008,10,Major Arterial,North York,,At Intersection,Stop Sign,Clear,Dry,Fatal,Pedestrian Collisions,unknown,,,,,,,"-79.38669, 43.699245"
1052382,2008,10,Major Arterial,North York,,At Intersection,Stop Sign,Clear,Dry,Fatal,Pedestrian Collisions,60 to 64,None,,Failed to Yield Right of Way,Inattentive,,,"-79.38669, 43.699245"
1052382,2008,10,Major Arterial,North York,,At Intersection,Stop Sign,Clear,Dry,Fatal,Pedestrian Collisions,80 to 84,Fatal,35,,,Crossing with right of way,Normal,"-79.38669, 43.699245"
1044158,2008,10,Major Arterial,Scarborough,,At Intersection,Traffic Signal,Clear,Dry,Non-Fatal Injury,Pedestrian Collisions,20 to 24,Minimal,,,,,,"-79.23209, 43.740245"
1044158,2008,10,Major Arterial,Scarborough,,At Intersection,Traffic Signal,Clear,Dry,Non-Fatal Injury,Pedestrian Collisions,20 to 24,Minimal,,,,,,"-79.23209, 43.740245"
1020139,2008,10,Local,North York,8,,Stop Sign,Clear,Wet,Non-Fatal Injury,Pedestrian Collisions,unknown,None,,Failed to Yield Right of Way,Unknown,,,"-79.44899, 43.703245"
1044158,2008,10,Major Arterial,Scarborough,,At Intersection,Traffic Signal,Clear,Dry,Non-Fatal Injury,Pedestrian Collisions,25 to 29,Minimal,,Driving Properly,Normal,,,"-79.23209, 43.740245"
1020139,2008,10,Local,North York,8,,Stop Sign,Clear,Wet,Non-Fatal Injury,Pedestrian Collisions,80 to 84,Major,,,,Crossing with right of way,Normal,"-79.44899, 43.703245"
1044158,2008,10,Major Arterial,Scarborough,,At Intersection,Traffic Signal,Clear,Dry,Non-Fatal Injury,Pedestrian Collisions,60 to 64,Minimal,,Disobeyed Traffic Control,Unknown,,,"-79.23209, 43.740245"
1044158,2008,10,Major Arterial,Scarborough,,At Intersection,Traffic Signal,Clear,Dry,Non-Fatal Injury,Pedestrian Collisions,35 to 39,Minor,,,,Crossing with right of way,Normal,"-79.23209, 43.740245"
1044158,2008,10,Major Arterial,Scarborough,,At Intersection,Traffic Signal,Clear,Dry,Non-Fatal Injury,Pedestrian Collisions,25 to 29,Major,,,,Crossing with right of way,Normal,"-79.23209, 43.740245"
1027306,2008,10,Major Arterial,Scarborough,22,At Intersection,Traffic Signal,Clear,Dry,Fatal,Angle,60 to 64,Fatal,12,Driving Properly,Normal,,,"-79.31689, 43.821345"
1027306,2008,10,Major Arterial,Scarborough,22,At Intersection,Traffic Signal,Clear,Dry,Fatal,Angle,60 to 64,Minor,,Disobeyed Traffic Control,Inattentive,,,"-79.31689, 43.821345"
1031555,2008,10,Major Arterial,Etobicoke York,5,At Intersection,No Control,Clear,Dry,Non-Fatal Injury,Rear End,20 to 24,Major,,Following too Close,Inattentive,,,"-79.48029, 43.683345"
1031555,2008,10,Major Arterial,Etobicoke York,5,At Intersection,No Control,Clear,Dry,Non-Fatal Injury,Rear End,25 to 29,None,,Driving Properly,Normal,,,"-79.48029, 43.683345"
1066823,2008,10,Major Arterial,Etobicoke York,,,Traffic Signal,Clear,Dry,Non-Fatal Injury,Turning Movement,60 to 64,Major,,Improper Turn,Normal,,,"-79.55859, 43.694245"
1066823,2008,10,Major Arterial,Etobicoke York,,,Traffic Signal,Clear,Dry,Non-Fatal Injury,Turning Movement,unknown,,,,,,,"-79.55859, 43.694245"
1066823,2008,10,Major Arterial,Etobicoke York,,,Traffic Signal,Clear,Dry,Non-Fatal Injury,Turning Movement,50 to 54,None,,Failed to Yield Right of Way,Normal,,,"-79.55859, 43.694245"
1057630,2008,10,Major Arterial,North York,6,At Intersection,No Control,Clear,Dry,Non-Fatal Injury,Pedestrian Collisions,unknown,None,,Failed to Yield Right of Way,Unknown,,,"-79.49419, 43.743045"
1025433,2008,10,Major Arterial,Toronto and East York,12,At Intersection,Stop Sign,Clear,Wet,Non-Fatal Injury,Turning Movement,unknown,,,,,,,"-79.40559, 43.697445"
1057630,2008,10,Major Arterial,North York,6,At Intersection,No Control,Clear,Dry,Non-Fatal Injury,Pedestrian Collisions,20 to 24,Major,,,,Crossing with right of way,Normal,"-79.49419, 43.743045"
1049419,2008,10,Minor Arterial,Toronto and East York,9,,No Control,Clear,Dry,Non-Fatal Injury,Cyclist Collisions,45 to 49,None,,Other,Normal,,,"-79.43929, 43.650145"
1049419,2008,10,Minor Arterial,Toronto and East York,9,,No Control,Clear,Dry,Non-Fatal Injury,Cyclist Collisions,20 to 24,Major,,,,,,"-79.43929, 43.650145"
1025433,2008,10,Major Arterial,Toronto and East York,12,At Intersection,Stop Sign,Clear,Wet,Non-Fatal Injury,Turning Movement,unknown,,,,,,,"-79.40559, 43.697445"
1025433,2008,10,Major Arterial,Toronto and East York,12,At Intersection,Stop Sign,Clear,Wet,Non-Fatal Injury,Turning Movement,40 to 44,None,,Failed to Yield Right of Way,Normal,,,"-79.40559, 43.697445"
1025433,2008,10,Major Arterial,Toronto and East York,12,At Intersection,Stop Sign,Clear,Wet,Non-Fatal Injury,Turning Movement,45 to 49,Major,,Driving Properly,Normal,,,"-79.40559, 43.697445"
1022016,2008,10,Major Arterial,Scarborough,21,At Intersection,Stop Sign,Clear,Wet,Non-Fatal Injury,Pedestrian Collisions,25 to 29,None,,Failed to Yield Right of Way,Inattentive,,,"-79.26719, 43.751045"
1022016,2008,10,Major Arterial,Scarborough,21,At Intersection,Stop Sign,Clear,Wet,Non-Fatal Injury,Pedestrian Collisions,65 to 69,Major,,,,Crossing with right of way,Normal,"-79.26719, 43.751045"
1021038,2008,10,Major Arterial,Toronto and East York,9,,Traffic Signal,Clear,Dry,Non-Fatal Injury,Pedestrian Collisions,25 to 29,None,,Driving Properly,Normal,,,"-79.43359, 43.655245"
1021038,2008,10,Major Arterial,Toronto and East York,9,,Traffic Signal,Clear,Dry,Non-Fatal Injury,Pedestrian Collisions,25 to 29,Major,,,,Crossing without right of way,Inattentive,"-79.43359, 43.655245"
1121120,2009,10,Major Arterial,Toronto and East York,11,At Intersection,Traffic Signal,Clear,Dry,Non-Fatal Injury,Cyclist Collisions,35 to 39,None,,Improper Turn,Normal,,,"-79.40209, 43.663045"
1121120,2009,10,Major Arterial,Toronto and East York,11,At Intersection,Traffic Signal,Clear,Dry,Non-Fatal Injury,Cyclist Collisions,25 to 29,Major,,,,,,"-79.40209, 43.663045"
1125917,2009,10,Minor Arterial,Scarborough,22,,Pedestrian Crossover,Clear,Dry,Non-Fatal Injury,Pedestrian Collisions,45 to 49,None,,Failed to Yield Right of Way,Normal,,,"-79.328235, 43.798709"
1125917,2009,10,Minor Arterial,Scarborough,22,,Pedestrian Crossover,Clear,Dry,Non-Fatal Injury,Pedestrian Collisions,55 to 59,Major,,,,"Crossing, Pedestrian Crossover",Normal,"-79.328235, 43.798709"
1122151,2009,10,Collector,Toronto and East York,11,At Intersection,No Control,Clear,Dry,Non-Fatal Injury,Cyclist Collisions,40 to 44,None,,Driving Properly,Normal,,,"-79.39319, 43.658445"
1122151,2009,10,Collector,Toronto and East York,11,At Intersection,No Control,Clear,Dry,Non-Fatal Injury,Cyclist Collisions,65 to 69,None,,Other,Inattentive,,,"-79.39319, 43.658445"
1122151,2009,10,Collector,Toronto and East York,11,At Intersection,No Control,Clear,Dry,Non-Fatal Injury,Cyclist Collisions,30 to 34,Major,,,,,,"-79.39319, 43.658445"
1115921,2009,10,Major Arterial,Toronto and East York,11,,Traffic Signal,Clear,Dry,Non-Fatal Injury,Pedestrian Collisions,unknown,None,,,,,,"-79.41609, 43.664245"
1115921,2009,10,Major Arterial,Toronto and East York,11,,Traffic Signal,Clear,Dry,Non-Fatal Injury,Pedestrian Collisions,70 to 74,None,,Other,Normal,,,"-79.41609, 43.664245"
1099856,2009,10,Minor Arterial,Toronto and East York,9,,Stop Sign,Clear,Dry,Fatal,Pedestrian Collisions,20 to 24,None,,Other,Normal,,,"-79.46319, 43.674045"
1099856,2009,10,Minor Arterial,Toronto and East York,9,,Stop Sign,Clear,Dry,Fatal,Pedestrian Collisions,65 to 69,Fatal,12,,,Other,Normal,"-79.46319, 43.674045"
1115921,2009,10,Major Arterial,Toronto and East York,11,,Traffic Signal,Clear,Dry,Non-Fatal Injury,Pedestrian Collisions,40 to 44,Major,,,,Playing or Working on Highway,Normal,"-79.41609, 43.664245"
1120053,2009,10,Major Arterial,North York,,At Intersection,Stop Sign,Clear,Dry,Non-Fatal Injury,Turning Movement,unknown,,,,,,,"-79.30439, 43.728845"
1092352,2009,10,Local,Toronto and East York,12,At Intersection,Stop Sign,Clear,Dry,Non-Fatal Injury,Pedestrian Collisions,unknown,,,,,,,"-79.41389, 43.688345"
1109028,2009,10,Minor Arterial,Toronto and East York,4,,No Control,Clear,Dry,Non-Fatal Injury,Rear End,unknown,,,,,,,"-79.47299, 43.634945"
1109028,2009,10,Minor Arterial,Toronto and East York,4,,No Control,Clear,Dry,Non-Fatal Injury,Rear End,55 to 59,Minimal,,,,,,"-79.47299, 43.634945"
1109028,2009,10,Minor Arterial,Toronto and East York,4,,No Control,Clear,Dry,Non-Fatal Injury,Rear End,unknown,Major,,,,,,"-79.47299, 43.634945"
1109028,2009,10,Minor Arterial,Toronto and East York,4,,No Control,Clear,Dry,Non-Fatal Injury,Rear End,55 to 59,Minimal,,Lost control,Normal,,,"-79.47299, 43.634945"
1109028,2009,10,Minor Arterial,Toronto and East York,4,,No Control,Clear,Dry,Non-Fatal Injury,Rear End,50 to 54,None,,Driving Properly,Normal,,,"-79.47299, 43.634945"
1111668,2009,10,Major Arterial,North York,6,,No Control,Clear,Dry,Non-Fatal Injury,Pedestrian Collisions,unknown,,,,,,,"-79.44319, 43.754545"
1111668,2009,10,Major Arterial,North York,6,,No Control,Clear,Dry,Non-Fatal Injury,Pedestrian Collisions,20 to 24,None,,Driving Properly,Normal,,,"-79.44319, 43.754545"
1111668,2009,10,Major Arterial,North York,6,,No Control,Clear,Dry,Non-Fatal Injury,Pedestrian Collisions,80 to 84,Major,,,,"Crossing, no Traffic Control",Inattentive,"-79.44319, 43.754545"
1121495,2009,10,Major Arterial,Toronto and East York,11,,No Control,Clear,Dry,Non-Fatal Injury,Cyclist Collisions,45 to 49,None,,Other,Normal,,,"-79.41309, 43.664745"
1121495,2009,10,Major Arterial,Toronto and East York,11,,No Control,Clear,Dry,Non-Fatal Injury,Cyclist Collisions,35 to 39,Major,,,,,,"-79.41309, 43.664745"
1120053,2009,10,Major Arterial,North York,,At Intersection,Stop Sign,Clear,Dry,Non-Fatal Injury,Turning Movement,45 to 49,Minimal,,Lost control,Normal,,,"-79.30439, 43.728845"
1120053,2009,10,Major Arterial,North York,,At Intersection,Stop Sign,Clear,Dry,Non-Fatal Injury,Turning Movement,30 to 34,Minimal,,Driving Properly,Normal,,,"-79.30439, 43.728845"
1120053,2009,10,Major Arterial,North York,,At Intersection,Stop Sign,Clear,Dry,Non-Fatal Injury,Turning Movement,40 to 44,Major,,Driving Properly,Normal,,,"-79.30439, 43.728845"
1092352,2009,10,Local,Toronto and East York,12,At Intersection,Stop Sign,Clear,Dry,Non-Fatal Injury,Pedestrian Collisions,45 to 49,None,,Disobeyed Traffic Control,Inattentive,,,"-79.41389, 43.688345"
1092352,2009,10,Local,Toronto and East York,12,At Intersection,Stop Sign,Clear,Dry,Non-Fatal Injury,Pedestrian Collisions,85 to 89,Major,,,,Crossing with right of way,Normal,"-79.41389, 43.688345"
1101072,2009,10,Minor Arterial,Toronto and East York,10,,Traffic Signal,Clear,Dry,Non-Fatal Injury,Pedestrian Collisions,unknown,,,,,,,"-79.38019, 43.639945"
1101072,2009,10,Minor Arterial,Toronto and East York,10,,Traffic Signal,Clear,Dry,Non-Fatal Injury,Pedestrian Collisions,35 to 39,None,,Failed to Yield Right of Way,Inattentive,,,"-79.38019, 43.639945"
1101072,2009,10,Minor Arterial,Toronto and East York,10,,Traffic Signal,Clear,Dry,Non-Fatal Injury,Pedestrian Collisions,0 to 4,Major,,,,Crossing with right of way,Normal,"-79.38019, 43.639945"
1106355,2009,10,Minor Arterial,Toronto and East York,4,At Intersection,No Control,Clear,Dry,Non-Fatal Injury,Turning Movement,unknown,,,,,,,"-79.43429, 43.632445"
1106355,2009,10,Minor Arterial,Toronto and East York,4,At Intersection,No Control,Clear,Dry,Non-Fatal Injury,Turning Movement,35 to 39,None,,Driving Properly,Normal,,,"-79.43429, 43.632445"
1106355,2009,10,Minor Arterial,Toronto and East York,4,At Intersection,No Control,Clear,Dry,Non-Fatal Injury,Turning Movement,20 to 24,Major,,Failed to Yield Right of Way,Normal,,,"-79.43429, 43.632445"
1106355,2009,10,Minor Arterial,Toronto and East York,4,At Intersection,No Control,Clear,Dry,Non-Fatal Injury,Turning Movement,unknown,None,,,,,,"-79.43429, 43.632445"
1073297,2008,10,Major Arterial,Scarborough,22,At Intersection,Traffic Signal,Clear,Dry,Non-Fatal Injury,Angle,30 to 34,Minor,,Disobeyed Traffic Control,Inattentive,,,"-79.32099, 43.806345"
1073297,2008,10,Major Arterial,Scarborough,22,At Intersection,Traffic Signal,Clear,Dry,Non-Fatal Injury,Angle,55 to 59,Major,,Driving Properly,Normal,,,"-79.32099, 43.806345"
1075169,2008,10,Major Arterial,Toronto and East York,11,,No Control,Rain,Wet,Non-Fatal Injury,Rear End,unknown,,,,,,,"-79.40599, 43.675145"
1075169,2008,10,Major Arterial,Toronto and East York,11,,No Control,Rain,Wet,Non-Fatal Injury,Rear End,25 to 29,None,,Following too Close,Inattentive,,,"-79.40599, 43.675145"
1075169,2008,10,Major Arterial,Toronto and East York,11,,No Control,Rain,Wet,Non-Fatal Injury,Rear End,50 to 54,None,,Driving Properly,Normal,,,"-79.40599, 43.675145"
1075169,2008,10,Major Arterial,Toronto and East York,11,,No Control,Rain,Wet,Non-Fatal Injury,Rear End,55 to 59,Major,,,,,,"-79.40599, 43.675145"
1075169,2008,10,Major Arterial,Toronto and East York,11,,No Control,Rain,Wet,Non-Fatal Injury,Rear End,55 to 59,Major,,Driving Properly,Normal,,,"-79.40599, 43.675145"
1169790,2010,10,Minor Arterial,Scarborough,24,,No Control,Clear,Dry,Fatal,Approaching,50 to 54,Fatal,19,Driving Properly,Unknown,,,"-79.20709, 43.767545"
1169790,2010,10,Minor Arterial,Scarborough,24,,No Control,Clear,Dry,Fatal,Approaching,40 to 44,None,,Lost control,Inattentive,,,"-79.20709, 43.767545"
1177202,2010,10,Major Arterial,North York,,At Intersection,Traffic Signal,Clear,Dry,Non-Fatal Injury,Turning Movement,10 to 14,Minor,,,,,,"-79.42559, 43.700945"
1177202,2010,10,Major Arterial,North York,,At Intersection,Traffic Signal,Clear,Dry,Non-Fatal Injury,Turning Movement,unknown,,,,,,,"-79.42559, 43.700945"
1177202,2010,10,Major Arterial,North York,,At Intersection,Traffic Signal,Clear,Dry,Non-Fatal Injury,Turning Movement,35 to 39,Minimal,,Driving Properly,Normal,,,"-79.42559, 43.700945"
1177202,2010,10,Major Arterial,North York,,At Intersection,Traffic Signal,Clear,Dry,Non-Fatal Injury,Turning Movement,10 to 14,Major,,,,,,"-79.42559, 43.700945"
1177202,2010,10,Major Arterial,North York,,At Intersection,Traffic Signal,Clear,Dry,Non-Fatal Injury,Turning Movement,5 to 9,Major,,,,,,"-79.42559, 43.700945"
1177202,2010,10,Major Arterial,North York,,At Intersection,Traffic Signal,Clear,Dry,Non-Fatal Injury,Turning Movement,40 to 44,Major,,,,,,"-79.42559, 43.700945"
1177202,2010,10,Major Arterial,North York,,At Intersection,Traffic Signal,Clear,Dry,Non-Fatal Injury,Turning Movement,40 to 44,Minor,,,,,,"-79.42559, 43.700945"
1177202,2010,10,Major Arterial,North York,,At Intersection,Traffic Signal,Clear,Dry,Non-Fatal Injury,Turning Movement,unknown,,,,,,,"-79.42559, 43.700945"
1177202,2010,10,Major Arterial,North York,,At Intersection,Traffic Signal,Clear,Dry,Non-Fatal Injury,Turning Movement,40 to 44,Minimal,,Improper Turn,Inattentive,,,"-79.42559, 43.700945"
1177187,2010,10,Collector,Toronto and East York,4,At Intersection,No Control,Clear,Dry,Non-Fatal Injury,Pedestrian Collisions,35 to 39,None,,Failed to Yield Right of Way,Inattentive,,,"-79.43269, 43.642345"
1177187,2010,10,Collector,Toronto and East York,4,At Intersection,No Control,Clear,Dry,Non-Fatal Injury,Pedestrian Collisions,40 to 44,Major,,,,Crossing with right of way,Normal,"-79.43269, 43.642345"
1155951,2010,10,Pending,Toronto and East York,,,No Control,Snow,Packed Snow,Non-Fatal Injury,SMV Other,40 to 44,Major,,Lost control,Normal,,,"-79.35349, 43.656745"
1163175,2010,10,Major Arterial,North York,6,At Intersection,No Control,Clear,Dry,Non-Fatal Injury,Pedestrian Collisions,unknown,,,,,,,"-79.43689, 43.749145"
1163175,2010,10,Major Arterial,North York,6,At Intersection,No Control,Clear,Dry,Non-Fatal Injury,Pedestrian Collisions,35 to 39,None,,Driving Properly,Normal,,,"-79.43689, 43.749145"
1163175,2010,10,Major Arterial,North York,6,At Intersection,No Control,Clear,Dry,Non-Fatal Injury,Pedestrian Collisions,10 to 14,Major,,,,Coming From Behind Parked Vehicle,Unknown,"-79.43689, 43.749145"
1169892,2010,10,Major Arterial,Toronto and East York,11,At Intersection,Traffic Signal,Clear,Dry,Non-Fatal Injury,Rear End,20 to 24,Major,,Lost control,Inattentive,,,"-79.38019, 43.674545"
1169892,2010,10,Major Arterial,Toronto and East York,11,At Intersection,Traffic Signal,Clear,Dry,Non-Fatal Injury,Rear End,55 to 59,None,,Driving Properly,Normal,,,"-79.38019, 43.674545"
1169755,2010,10,Major Arterial,Scarborough,21,At Intersection,Traffic Controller,Clear,Dry,Non-Fatal Injury,Turning Movement,80 to 84,Major,,,,,,"-79.26129, 43.770045"
1169755,2010,10,Major Arterial,Scarborough,21,At Intersection,Traffic Controller,Clear,Dry,Non-Fatal Injury,Turning Movement,80 to 84,None,,Failed to Yield Right of Way,Inattentive,,,"-79.26129, 43.770045"
1169755,2010,10,Major Arterial,Scarborough,21,At Intersection,Traffic Controller,Clear,Dry,Non-Fatal Injury,Turning Movement,35 to 39,None,,Failed to Yield Right of Way,Inattentive,,,"-79.26129, 43.770045"
1134481,2009,10,Minor Arterial,Toronto and East York,12,At Intersection,No Control,Clear,Dry,Non-Fatal Injury,SMV Unattended Vehicle,70 to 74,Major,,Lost control,Medical or Physical Disability,,,"-79.39609, 43.698445"
1134481,2009,10,Minor Arterial,Toronto and East York,12,At Intersection,No Control,Clear,Dry,Non-Fatal Injury,SMV Unattended Vehicle,unknown,,,,,,,"-79.39609, 43.698445"
1134906,2009,10,Major Arterial,Toronto and East York,13,At Intersection,Traffic Signal,Clear,Dry,Non-Fatal Injury,Turning Movement,35 to 39,Major,,Driving Properly,Normal,,,"-79.37949, 43.668845"
1134906,2009,10,Major Arterial,Toronto and East York,13,At Intersection,Traffic Signal,Clear,Dry,Non-Fatal Injury,Turning Movement,40 to 44,None,,Improper Turn,Inattentive,,,"-79.37949, 43.668845"
1145050,2009,10,Minor Arterial,Scarborough,25,,No Control,Rain,Wet,Non-Fatal Injury,SMV Other,80 to 84,Major,,Lost control,Normal,,,"-79.14569, 43.777545"
1146741,2010,10,Major Arterial,Toronto and East York,19,At Intersection,Traffic Signal,Clear,Dry,Non-Fatal Injury,Pedestrian Collisions,unknown,,,,,,,"-79.29679, 43.689345"
1146741,2010,10,Major Arterial,Toronto and East York,19,At Intersection,Traffic Signal,Clear,Dry,Non-Fatal Injury,Pedestrian Collisions,55 to 59,None,,Failed to Yield Right of Way,Inattentive,,,"-79.29679, 43.689345"
1146741,2010,10,Major Arterial,Toronto and East York,19,At Intersection,Traffic Signal,Clear,Dry,Non-Fatal Injury,Pedestrian Collisions,80 to 84,Major,,,,Crossing with right of way,Normal,"-79.29679, 43.689345"
1140607,2009,10,Collector,Toronto and East York,11,,No Control,Clear,Dry,Non-Fatal Injury,Sideswipe,35 to 39,Major,,Improper Passing,Normal,,,"-79.38739, 43.662245"
1140607,2009,10,Collector,Toronto and East York,11,,No Control,Clear,Dry,Non-Fatal Injury,Sideswipe,55 to 59,None,,Failed to Yield Right of Way,Normal,,,"-79.38739, 43.662245"
1135255,2009,10,Collector,Toronto and East York,10,,No Control,Clear,Dry,Non-Fatal Injury,Pedestrian Collisions,25 to 29,None,,Driving Properly,Normal,,,"-79.38439, 43.643545"
1135255,2009,10,Collector,Toronto and East York,10,,No Control,Clear,Dry,Non-Fatal Injury,Pedestrian Collisions,25 to 29,Major,,,,"Crossing, no Traffic Control",Normal,"-79.38439, 43.643545"
1141576,2009,10,Major Arterial,Toronto and East York,11,,No Control,Clear,Dry,Non-Fatal Injury,Cyclist Collisions,30 to 34,None,,Failed to Yield Right of Way,Inattentive,,,"-79.39529, 43.658845"
1141576,2009,10,Major Arterial,Toronto and East York,11,,No Control,Clear,Dry,Non-Fatal Injury,Cyclist Collisions,30 to 34,Major,,,,,,"-79.39529, 43.658845"
1132051,2009,10,Minor Arterial,Toronto and East York,13,,No Control,Clear,Dry,Non-Fatal Injury,Cyclist Collisions,unknown,None,,Other,Inattentive,,,"-79.37809, 43.658745"
1132051,2009,10,Minor Arterial,Toronto and East York,13,,No Control,Clear,Dry,Non-Fatal Injury,Cyclist Collisions,20 to 24,Major,,,,,,"-79.37809, 43.658745"
1128218,2009,10,Major Arterial,Etobicoke York,3,At Intersection,No Control,Clear,Dry,Non-Fatal Injury,Pedestrian Collisions,80 to 84,None,,Failed to Yield Right of Way,Normal,,,"-79.54549, 43.602245"
1128218,2009,10,Major Arterial,Etobicoke York,3,At Intersection,No Control,Clear,Dry,Non-Fatal Injury,Pedestrian Collisions,70 to 74,Major,,,,On Sidewalk or Shoulder,Normal,"-79.54549, 43.602245"
1133419,2009,10,Major Arterial,Scarborough,23,At Intersection,Traffic Signal,Rain,Wet,Non-Fatal Injury,Pedestrian Collisions,45 to 49,None,,Failed to Yield Right of Way,Inattentive,,,"-79.28039, 43.829845"
1133419,2009,10,Major Arterial,Scarborough,23,At Intersection,Traffic Signal,Rain,Wet,Non-Fatal Injury,Pedestrian Collisions,60 to 64,Major,,,,Crossing with right of way,Normal,"-79.28039, 43.829845"
1183260,2010,10,Major Arterial,Toronto and East York,,At Intersection,No Control,Clear,Other,Non-Fatal Injury,Pedestrian Collisions,75 to 79,None,,Failed to Yield Right of Way,Inattentive,,,"-79.39889, 43.652745"
1183260,2010,10,Major Arterial,Toronto and East York,,At Intersection,No Control,Clear,Other,Non-Fatal Injury,Pedestrian Collisions,65 to 69,None,,Driving Properly,Normal,,,"-79.39889, 43.652745"
1240092,2011,10,Major Arterial,North York,16,At Intersection,Traffic Signal,Clear,Dry,Non-Fatal Injury,Turning Movement,70 to 74,Major,,Disobeyed Traffic Control,Inattentive,,,"-79.31929, 43.741145"
1240092,2011,10,Major Arterial,North York,16,At Intersection,Traffic Signal,Clear,Dry,Non-Fatal Injury,Turning Movement,20 to 24,None,,Driving Properly,Normal,,,"-79.31929, 43.741145"
1233108,2011,10,Major Arterial,Toronto and East York,14,At Intersection,Traffic Signal,Rain,Wet,Non-Fatal Injury,Pedestrian Collisions,70 to 74,None,,Failed to Yield Right of Way,Inattentive,,,"-79.34879, 43.689445"
1233108,2011,10,Major Arterial,Toronto and East York,14,At Intersection,Traffic Signal,Rain,Wet,Non-Fatal Injury,Pedestrian Collisions,80 to 84,Major,,,,Crossing with right of way,Normal,"-79.34879, 43.689445"
1183260,2010,10,Major Arterial,Toronto and East York,,At Intersection,No Control,Clear,Other,Non-Fatal Injury,Pedestrian Collisions,30 to 34,Major,,,,On Sidewalk or Shoulder,Normal,"-79.39889, 43.652745"
1225643,2011,10,Minor Arterial,Etobicoke York,3,,No Control,Clear,Dry,Non-Fatal Injury,Sideswipe,25 to 29,Major,,Lost control,Normal,,,"-79.53579, 43.623545"