ACCNUM,YEAR,HOUR,ROAD_CLASS,District,WardNum,ACCLOC,TRAFFCTL,VISIBILITY,RDSFCOND,ACCLASS,IMPACTYPE,INVAGE,INJURY,FATAL_NO,DRIVACT,DRIVCOND,PEDACT,PEDCOND,geometry
1193686,2010,11,Major Arterial,Toronto and East York,12,,No Control,Clear,Dry,Non-Fatal Injury,Pedestrian Collisions,unknown,None,,,,,,"-79.39669, 43.707045"
1193686,2010,11,Major Arterial,Toronto and East York,12,,No Control,Clear,Dry,Non-Fatal Injury,Pedestrian Collisions,40 to 44,Major,,,,Playing or Working on Highway,Normal,"-79.39669, 43.707045"
1198891,2010,11,Major Arterial,Scarborough,20,At Intersection,Traffic Signal,Rain,Wet,Non-Fatal Injury,Angle,25 to 29,None,,Disobeyed Traffic Control,Inattentive,,,"-79.26589, 43.727445"
1198891,2010,11,Major Arterial,Scarborough,20,At Intersection,Traffic Signal,Rain,Wet,Non-Fatal Injury,Angle,unknown,,,,,,,"-79.26589, 43.727445"
1198891,2010,11,Major Arterial,Scarborough,20,At Intersection,Traffic Signal,Rain,Wet,Non-Fatal Injury,Angle,45 to 49,Major,,Driving Properly,Normal,,,"-79.26589, 43.727445"
1194416,2010,11,Major Arterial,Toronto and East York,10,,No Control,Clear,Dry,Non-Fatal Injury,Pedestrian Collisions,20 to 24,None,,Improper Passing,Inattentive,,,"-79.38309, 43.651645"
1194416,2010,11,Major Arterial,Toronto and East York,10,,No Control,Clear,Dry,Non-Fatal Injury,Pedestrian Collisions,20 to 24,Major,,,,Person Getting on/off Vehicle,Unknown,"-79.38309, 43.651645"
1194416,2010,11,Major Arterial,Toronto and East York,10,,No Control,Clear,Dry,Non-Fatal Injury,Pedestrian Collisions,unknown,,,,,,,"-79.38309, 43.651645"
1194416,2010,11,Major Arterial,Toronto and East York,10,,No Control,Clear,Dry,Non-Fatal Injury,Pedestrian Collisions,45 to 49,None,,,,,,"-79.38309, 43.651645"
1189140,2010,11,Major Arterial,Scarborough,20,At Intersection,Stop Sign,Clear,Dry,Non-Fatal Injury,Turning Movement,70 to 74,Major,,Failed to Yield Right of Way,Normal,,,"-79.26609, 43.690745"
1189140,2010,11,Major Arterial,Scarborough,20,At Intersection,Stop Sign,Clear,Dry,Non-Fatal Injury,Turning Movement,70 to 74,None,,Driving Properly,Normal,,,"-79.26609, 43.690745"
1196331,2010,11,Minor Arterial,Toronto and East York,19,,No Control,Clear,Dry,Non-Fatal Injury,Turning Movement,unknown,,,,,,,"-79.30209, 43.688745"
1196331,2010,11,Minor Arterial,Toronto and East York,19,,No Control,Clear,Dry,Non-Fatal Injury,Turning Movement,40 to 44,None,,Driving Properly,Normal,,,"-79.30209, 43.688745"
1196331,2010,11,Minor Arterial,Toronto and East York,19,,No Control,Clear,Dry,Non-Fatal Injury,Turning Movement,unknown,,,,,,,"-79.30209, 43.688745"
1196331,2010,11,Minor Arterial,Toronto and East York,19,,No Control,Clear,Dry,Non-Fatal Injury,Turning Movement,45 to 49,Major,,Failed to Yield Right of Way,Inattentive,,,"-79.30209, 43.688745"
1198672,2010,11,Major Arterial,Scarborough,,,No Control,Clear,Dry,Non-Fatal Injury,Pedestrian Collisions,45 to 49,Major,,,,"Crossing, no Traffic Control",Unknown,"-79.24529, 43.755545"
1198672,2010,11,Major Arterial,Scarborough,,,No Control,Clear,Dry,Non-Fatal Injury,Pedestrian Collisions,50 to 54,None,,Driving Properly,Normal,,,"-79.24529, 43.755545"
1183691,2010,11,Major Arterial,Scarborough,21,At Intersection,Traffic Signal,Clear,Dry,Non-Fatal Injury,Pedestrian Collisions,30 to 34,None,,Failed to Yield Right of Way,Inattentive,,,"-79.28229, 43.769445"
1183691,2010,11,Major Arterial,Scarborough,21,At Intersection,Traffic Signal,Clear,Dry,Non-Fatal Injury,Pedestrian Collisions,45 to 49,Major,,,,Crossing with right of way,Normal,"-79.28229, 43.769445"
1234453,2011,11,Major Arterial,North York,,At Intersection,Traffic Signal,Clear,Dry,Non-Fatal Injury,Angle,unknown,,,,,,,"-79.323009, 43.775233"
1234453,2011,11,Major Arterial,North York,,At Intersection,Traffic Signal,Clear,Dry,Non-Fatal Injury,Angle,35 to 39,None,,Driving Properly,Normal,,,"-79.323009, 43.775233"
1234453,2011,11,Major Arterial,North York,,At Intersection,Traffic Signal,Clear,Dry,Non-Fatal Injury,Angle,25 to 29,None,,Driving Properly,Normal,,,"-79.323009, 43.775233"
1280520,2012,11,Minor Arterial,Etobicoke York,3,At Intersection,Traffic Signal,Clear,Dry,Non-Fatal Injury,Turning Movement,85 to 89,Major,,,,,,"-79.55229, 43.631445"
1280520,2012,11,Minor Arterial,Etobicoke York,3,At Intersection,Traffic Signal,Clear,Dry,Non-Fatal Injury,Turning Movement,65 to 69,Minor,,Improper Turn,Normal,,,"-79.55229, 43.631445"
1280520,2012,11,Minor Arterial,Etobicoke York,3,At Intersection,Traffic Signal,Clear,Dry,Non-Fatal Injury,Turning Movement,25 to 29,None,,Driving Properly,Normal,,,"-79.55229, 43.631445"
1269892,2011,11,Major Arterial,Etobicoke York,3,At Intersection,Stop Sign,Clear,Dry,Non-Fatal Injury,Turning Movement,unknown,,,,,,,"-79.50759, 43.600245"
1234453,2011,11,Major Arterial,North York,,At Intersection,Traffic Signal,Clear,Dry,Non-Fatal Injury,Angle,45 to 49,Major,,Disobeyed Traffic Control,Normal,,,"-79.323009, 43.775233"
1269892,2011,11,Major Arterial,Etobicoke York,3,At Intersection,Stop Sign,Clear,Dry,Non-Fatal Injury,Turning Movement,55 to 59,Major,,Driving Properly,Normal,,,"-79.50759, 43.600245"
1261497,2011,11,Major Arterial,Toronto and East York,,,No Control,Clear,Dry,Non-Fatal Injury,Pedestrian Collisions,unknown,,,,,,,"-79.38159, 43.657945"
1261497,2011,11,Major Arterial,Toronto and East York,,,No Control,Clear,Dry,Non-Fatal Injury,Pedestrian Collisions,40 to 44,None,,Driving Properly,Normal,,,"-79.38159, 43.657945"
1261497,2011,11,Major Arterial,Toronto and East York,,,No Control,Clear,Dry,Non-Fatal Injury,Pedestrian Collisions,45 to 49,Major,,,,Other,Inattentive,"-79.38159, 43.657945"
1263764,2011,11,,Toronto and East York,14,,No Control,Clear,Dry,Fatal,SMV Other,unknown,,,,,,,"-79.36239, 43.682345"
1269892,2011,11,Major Arterial,Etobicoke York,3,At Intersection,Stop Sign,Clear,Dry,Non-Fatal Injury,Turning Movement,75 to 79,Minor,,Failed to Yield Right of Way,Normal,,,"-79.50759, 43.600245"
1263147,2011,11,Minor Arterial,Toronto and East York,9,At Intersection,Stop Sign,Clear,Dry,Fatal,Cyclist Collisions,unknown,,,,,,,"-79.44299, 43.650645"
1263147,2011,11,Minor Arterial,Toronto and East York,9,At Intersection,Stop Sign,Clear,Dry,Fatal,Cyclist Collisions,65 to 69,None,,Driving Properly,Normal,,,"-79.44299, 43.650645"
1263764,2011,11,,Toronto and East York,14,,No Control,Clear,Dry,Fatal,SMV Other,75 to 79,Fatal,31,Lost control,Medical or Physical Disability,,,"-79.36239, 43.682345"
1263147,2011,11,Minor Arterial,Toronto and East York,9,At Intersection,Stop Sign,Clear,Dry,Fatal,Cyclist Collisions,35 to 39,Fatal,30,,,,,"-79.44299, 43.650645"
1263764,2011,11,,Toronto and East York,14,,No Control,Clear,Dry,Fatal,SMV Other,unknown,,,,,,,"-79.36239, 43.682345"
1263764,2011,11,,Toronto and East York,14,,No Control,Clear,Dry,Fatal,SMV Other,50 to 54,None,,Driving Properly,Normal,,,"-79.36239, 43.682345"
1263764,2011,11,,Toronto and East York,14,,No Control,Clear,Dry,Fatal,SMV Other,40 to 44,None,,Driving Properly,Normal,,,"-79.36239, 43.682345"
1263764,2011,11,,Toronto and East York,14,,No Control,Clear,Dry,Fatal,SMV Other,55 to 59,None,,,,,,"-79.36239, 43.682345"
1263764,2011,11,,Toronto and East York,14,,No Control,Clear,Dry,Fatal,SMV Other,50 to 54,None,,Driving Properly,Normal,,,"-79.36239, 43.682345"
1281493,2011,11,Major Arterial,North York,15,At Intersection,Traffic Signal,Clear,Dry,Non-Fatal Injury,Pedestrian Collisions,70 to 74,None,,Failed to Yield Right of Way,Inattentive,,,"-79.36479, 43.713545"
1281493,2011,11,Major Arterial,North York,15,At Intersection,Traffic Signal,Clear,Dry,Non-Fatal Injury,Pedestrian Collisions,65 to 69,Major,,,,Crossing with right of way,Normal,"-79.36479, 43.713545"
1247862,2011,11,Major Arterial,Etobicoke York,,At Intersection,Traffic Signal,Clear,Dry,Fatal,Turning Movement,30 to 34,Fatal,17,Exceeding Speed Limit,Normal,,,"-79.53989, 43.698545"
1247862,2011,11,Major Arterial,Etobicoke York,,At Intersection,Traffic Signal,Clear,Dry,Fatal,Turning Movement,75 to 79,Minimal,,Driving Properly,Normal,,,"-79.53989, 43.698545"
1247862,2011,11,Major Arterial,Etobicoke York,,At Intersection,Traffic Signal,Clear,Dry,Fatal,Turning Movement,unknown,,,,,,,"-79.53989, 43.698545"
1241204,2011,11,Major Arterial,North York,,,No Control,Clear,Dry,Fatal,Pedestrian Collisions,50 to 54,None,,Lost control,Medical or Physical Disability,,,"-79.44589, 43.792345"
1274213,2012,11,Major Arterial,North York,8,,No Control,Clear,Dry,Non-Fatal Injury,Pedestrian Collisions,30 to 34,None,,Driving Properly,Normal,,,"-79.41809, 43.728445"
1274213,2012,11,Major Arterial,North York,8,,No Control,Clear,Dry,Non-Fatal Injury,Pedestrian Collisions,65 to 69,Major,,,,"Crossing, no Traffic Control",Inattentive,"-79.41809, 43.728445"
1241204,2011,11,Major Arterial,North York,,,No Control,Clear,Dry,Fatal,Pedestrian Collisions,85 to 89,Fatal,11,,,On Sidewalk or Shoulder,Normal,"-79.44589, 43.792345"
1241204,2011,11,Major Arterial,North York,,,No Control,Clear,Dry,Fatal,Pedestrian Collisions,75 to 79,Major,,,,On Sidewalk or Shoulder,Normal,"-79.44589, 43.792345"
1251261,2011,11,Major Arterial,Etobicoke York,5,,No Control,Clear,Dry,Non-Fatal Injury,SMV Other,45 to 49,Major,,,,,,"-79.47429, 43.691945"
1251261,2011,11,Major Arterial,Etobicoke York,5,,No Control,Clear,Dry,Non-Fatal Injury,SMV Other,unknown,,,,,,,"-79.47429, 43.691945"
1251261,2011,11,Major Arterial,Etobicoke York,5,,No Control,Clear,Dry,Non-Fatal Injury,SMV Other,25 to 29,Minor,,Lost control,Inattentive,,,"-79.47429, 43.691945"
1251261,2011,11,Major Arterial,Etobicoke York,5,,No Control,Clear,Dry,Non-Fatal Injury,SMV Other,unknown,,,,,,,"-79.47429, 43.691945"
1251261,2011,11,Major Arterial,Etobicoke York,5,,No Control,Clear,Dry,Non-Fatal Injury,SMV Other,unknown,,,,,,,"-79.47429, 43.691945"
1251261,2011,11,Major Arterial,Etobicoke York,5,,No Control,Clear,Dry,Non-Fatal Injury,SMV Other,unknown,,,,,,,"-79.47429, 43.691945"
1330495,2012,11,Major Arterial,Toronto and East York,11,,No Control,Clear,Dry,Non-Fatal Injury,Turning Movement,30 to 34,Major,,Driving Properly,Normal,,,"-79.42749, 43.670345"
1330495,2012,11,Major Arterial,Toronto and East York,11,,No Control,Clear,Dry,Non-Fatal Injury,Turning Movement,unknown,,,,,,,"-79.42749, 43.670345"
1330495,2012,11,Major Arterial,Toronto and East York,11,,No Control,Clear,Dry,Non-Fatal Injury,Turning Movement,60 to 64,None,,Improper Turn,Inattentive,,,"-79.42749, 43.670345"
1323889,2012,11,Major Arterial,Toronto and East York,10,,No Control,Clear,Dry,Non-Fatal Injury,Cyclist Collisions,unknown,,,,,,,"-79.38179, 43.648245"
1323889,2012,11,Major Arterial,Toronto and East York,10,,No Control,Clear,Dry,Non-Fatal Injury,Cyclist Collisions,45 to 49,None,,Failed to Yield Right of Way,Inattentive,,,"-79.38179, 43.648245"
1323889,2012,11,Major Arterial,Toronto and East York,10,,No Control,Clear,Dry,Non-Fatal Injury,Cyclist Collisions,50 to 54,Major,,,,,,"-79.38179, 43.648245"
1294902,2012,11,Major Arterial,Etobicoke York,7,At Intersection,No Control,Clear,Dry,Non-Fatal Injury,Cyclist Collisions,40 to 44,None,,Driving Properly,Normal,,,"-79.55449, 43.749445"
1294902,2012,11,Major Arterial,Etobicoke York,7,At Intersection,No Control,Clear,Dry,Non-Fatal Injury,Cyclist Collisions,45 to 49,Major,,,,,,"-79.55449, 43.749445"
1311027,2012,11,Collector,North York,15,,No Control,Clear,Dry,Non-Fatal Injury,Pedestrian Collisions,50 to 54,None,,Driving Properly,Normal,,,"-79.37009, 43.697045"
1311027,2012,11,Collector,North York,15,,No Control,Clear,Dry,Non-Fatal Injury,Pedestrian Collisions,85 to 89,Major,,,,"Crossing, no Traffic Control",Normal,"-79.37009, 43.697045"
1311500,2012,11,Major Arterial,Toronto and East York,13,At Intersection,No Control,Clear,Dry,Non-Fatal Injury,Rear End,unknown,,,,,,,"-79.37819, 43.651845"
1311500,2012,11,Major Arterial,Toronto and East York,13,At Intersection,No Control,Clear,Dry,Non-Fatal Injury,Rear End,45 to 49,Minimal,,Driving Properly,Normal,,,"-79.37819, 43.651845"
1311500,2012,11,Major Arterial,Toronto and East York,13,At Intersection,No Control,Clear,Dry,Non-Fatal Injury,Rear End,unknown,,,,,,,"-79.37819, 43.651845"
1311500,2012,11,Major Arterial,Toronto and East York,13,At Intersection,No Control,Clear,Dry,Non-Fatal Injury,Rear End,35 to 39,Major,,Driving Properly,Normal,,,"-79.37819, 43.651845"
1331528,2012,11,Major Arterial,North York,,At Intersection,Traffic Signal,Clear,Dry,Non-Fatal Injury,Turning Movement,85 to 89,Major,,Failed to Yield Right of Way,Normal,,,"-79.406711, 43.744139"
1331528,2012,11,Major Arterial,North York,,At Intersection,Traffic Signal,Clear,Dry,Non-Fatal Injury,Turning Movement,50 to 54,None,,Driving Properly,Normal,,,"-79.406711, 43.744139"
1298592,2012,11,Minor Arterial,Etobicoke York,5,At Intersection,Stop Sign,Clear,Dry,Non-Fatal Injury,Turning Movement,70 to 74,None,,Driving Properly,Normal,,,"-79.50279, 43.692045"
1298592,2012,11,Minor Arterial,Etobicoke York,5,At Intersection,Stop Sign,Clear,Dry,Non-Fatal Injury,Turning Movement,50 to 54,Major,,,,,,"-79.50279, 43.692045"
1298592,2012,11,Minor Arterial,Etobicoke York,5,At Intersection,Stop Sign,Clear,Dry,Non-Fatal Injury,Turning Movement,55 to 59,Minimal,,Failed to Yield Right of Way,Inattentive,,,"-79.50279, 43.692045"
1370122,2013,11,Major Arterial,Scarborough,23,At Intersection,Traffic Signal,Clear,Dry,Fatal,Pedestrian Collisions,55 to 59,Minor,,,,,,"-79.267993, 43.832644"
1370122,2013,11,Major Arterial,Scarborough,23,At Intersection,Traffic Signal,Clear,Dry,Fatal,Pedestrian Collisions,15 to 19,Minor,,,,,,"-79.267993, 43.832644"
1299440,2012,11,Minor Arterial,Toronto and East York,13,,Traffic Signal,Clear,Dry,Non-Fatal Injury,Cyclist Collisions,unknown,None,,Disobeyed Traffic Control,Unknown,,,"-79.35929, 43.663645"
1299440,2012,11,Minor Arterial,Toronto and East York,13,,Traffic Signal,Clear,Dry,Non-Fatal Injury,Cyclist Collisions,50 to 54,Major,,,,,,"-79.35929, 43.663645"
1355879,2013,11,Minor Arterial,Scarborough,23,At Intersection,Stop Sign,Rain,Wet,Non-Fatal Injury,Turning Movement,50 to 54,Minor,,Improper Turn,Inattentive,,,"-79.26739, 43.818945"
1370122,2013,11,Major Arterial,Scarborough,23,At Intersection,Traffic Signal,Clear,Dry,Fatal,Pedestrian Collisions,20 to 24,Minor,,,,,,"-79.267993, 43.832644"
1370122,2013,11,Major Arterial,Scarborough,23,At Intersection,Traffic Signal,Clear,Dry,Fatal,Pedestrian Collisions,50 to 54,Fatal,30,,,,,"-79.267993, 43.832644"
1370122,2013,11,Major Arterial,Scarborough,23,At Intersection,Traffic Signal,Clear,Dry,Fatal,Pedestrian Collisions,30 to 34,Minor,,,,,,"-79.267993, 43.832644"
1370122,2013,11,Major Arterial,Scarborough,23,At Intersection,Traffic Signal,Clear,Dry,Fatal,Pedestrian Collisions,35 to 39,Major,,Driving Properly,Normal,,,"-79.267993, 43.832644"
1370122,2013,11,Major Arterial,Scarborough,23,At Intersection,Traffic Signal,Clear,Dry,Fatal,Pedestrian Collisions,20 to 24,Minor,,,,,,"-79.267993, 43.832644"
1370122,2013,11,Major Arterial,Scarborough,23,At Intersection,Traffic Signal,Clear,Dry,Fatal,Pedestrian Collisions,unknown,Minimal,,,,,,"-79.267993, 43.832644"
1370122,2013,11,Major Arterial,Scarborough,23,At Intersection,Traffic Signal,Clear,Dry,Fatal,Pedestrian Collisions,5 to 9,Minimal,,,,,,"-79.267993, 43.832644"
1370122,2013,11,Major Arterial,Scarborough,23,At Intersection,Traffic Signal,Clear,Dry,Fatal,Pedestrian Collisions,30 to 34,Minor,,,,,,"-79.267993, 43.832644"
1370122,2013,11,Major Arterial,Scarborough,23,At Intersection,Traffic Signal,Clear,Dry,Fatal,Pedestrian Collisions,40 to 44,Major,,,,On Sidewalk or Shoulder,Unknown,"-79.267993, 43.832644"
1382461,2013,11,Minor Arterial,Scarborough,25,At Intersection,Traffic Signal,Clear,Dry,Non-Fatal Injury,Pedestrian Collisions,75 to 79,None,,Failed to Yield Right of Way,Normal,,,"-79.182834, 43.76916"
1382461,2013,11,Minor Arterial,Scarborough,25,At Intersection,Traffic Signal,Clear,Dry,Non-Fatal Injury,Pedestrian Collisions,80 to 84,Major,,,,Crossing with right of way,Normal,"-79.182834, 43.76916"
1372794,2013,11,Major Arterial,Toronto and East York,9,,No Control,Clear,Dry,Non-Fatal Injury,SMV Other,45 to 49,Major,,Lost control,Normal,,,"-79.435611, 43.660468"
1379740,2013,11,Local,North York,18,,No Control,Clear,Dry,Non-Fatal Injury,Pedestrian Collisions,25 to 29,None,,Other,Inattentive,,,"-79.42179, 43.773045"
1342812,2013,11,Major Arterial,Scarborough,22,At Intersection,No Control,Clear,Dry,Non-Fatal Injury,Rear End,65 to 69,Major,,Driving Properly,Normal,,,"-79.29879, 43.805245"
1342812,2013,11,Major Arterial,Scarborough,22,At Intersection,No Control,Clear,Dry,Non-Fatal Injury,Rear End,30 to 34,Minimal,,,,,,"-79.29879, 43.805245"
1342812,2013,11,Major Arterial,Scarborough,22,At Intersection,No Control,Clear,Dry,Non-Fatal Injury,Rear End,30 to 34,Minimal,,Lost control,Normal,,,"-79.29879, 43.805245"
1342812,2013,11,Major Arterial,Scarborough,22,At Intersection,No Control,Clear,Dry,Non-Fatal Injury,Rear End,20 to 24,None,,Following too Close,Normal,,,"-79.29879, 43.805245"
1379740,2013,11,Local,North York,18,,No Control,Clear,Dry,Non-Fatal Injury,Pedestrian Collisions,75 to 79,Major,,,,Other,Inattentive,"-79.42179, 43.773045"
1359371,2013,11,Major Arterial,Etobicoke York,3,,No Control,Clear,Dry,Non-Fatal Injury,Cyclist Collisions,unknown,,,,,,,"-79.54199, 43.617445"
1359371,2013,11,Major Arterial,Etobicoke York,3,,No Control,Clear,Dry,Non-Fatal Injury,Cyclist Collisions,25 to 29,None,,Driving Properly,Normal,,,"-79.54199, 43.617445"
1359371,2013,11,Major Arterial,Etobicoke York,3,,No Control,Clear,Dry,Non-Fatal Injury,Cyclist Collisions,65 to 69,Major,,,,,,"-79.54199, 43.617445"
1351710,2013,11,Major Arterial,Etobicoke York,3,At Intersection,Traffic Signal,Clear,Dry,Non-Fatal Injury,Pedestrian Collisions,10 to 14,None,,,,,,"-79.49039, 43.629045"
1351710,2013,11,Major Arterial,Etobicoke York,3,At Intersection,Traffic Signal,Clear,Dry,Non-Fatal Injury,Pedestrian Collisions,unknown,,,,,,,"-79.49039, 43.629045"
1351710,2013,11,Major Arterial,Etobicoke York,3,At Intersection,Traffic Signal,Clear,Dry,Non-Fatal Injury,Pedestrian Collisions,45 to 49,None,,Driving Properly,Normal,,,"-79.49039, 43.629045"
1351710,2013,11,Major Arterial,Etobicoke York,3,At Intersection,Traffic Signal,Clear,Dry,Non-Fatal Injury,Pedestrian Collisions,55 to 59,Major,,,,Running onto Roadway,Normal,"-79.49039, 43.629045"
1357499,2013,11,Major Arterial,North York,17,At Intersection,Traffic Signal,Rain,Wet,Non-Fatal Injury,Angle,45 to 49,Major,,,,,,"-79.36079, 43.811145"
1357499,2013,11,Major Arterial,North York,17,At Intersection,Traffic Signal,Rain,Wet,Non-Fatal Injury,Angle,45 to 49,Minor,,Driving Properly,Normal,,,"-79.36079, 43.811145"
1357499,2013,11,Major Arterial,North York,17,At Intersection,Traffic Signal,Rain,Wet,Non-Fatal Injury,Angle,20 to 24,Minor,,Disobeyed Traffic Control,Inattentive,,,"-79.36079, 43.811145"
1362406,2013,11,Minor Arterial,Etobicoke York,3,,Stop Sign,Clear,Dry,Non-Fatal Injury,Turning Movement,55 to 59,None,,Improper Turn,Inattentive,,,"-79.53579, 43.623545"
1362406,2013,11,Minor Arterial,Etobicoke York,3,,Stop Sign,Clear,Dry,Non-Fatal Injury,Turning Movement,75 to 79,Major,,,,,,"-79.53579, 43.623545"
1362406,2013,11,Minor Arterial,Etobicoke York,3,,Stop Sign,Clear,Dry,Non-Fatal Injury,Turning Movement,75 to 79,None,,Driving Properly,Normal,,,"-79.53579, 43.623545"
1382978,2013,11,Major Arterial,Scarborough,20,,Stop Sign,Clear,Dry,Non-Fatal Injury,Pedestrian Collisions,35 to 39,None,,Failed to Yield Right of Way,Inattentive,,,"-79.266986, 43.729945"
1382978,2013,11,Major Arterial,Scarborough,20,,Stop Sign,Clear,Dry,Non-Fatal Injury,Pedestrian Collisions,65 to 69,Major,,,,Crossing with right of way,Normal,"-79.266986, 43.729945"
1380770,2013,11,Major Arterial,Toronto and East York,14,,No Control,Clear,Dry,Non-Fatal Injury,Pedestrian Collisions,unknown,,,,,,,"-79.33059, 43.681845"
1380770,2013,11,Major Arterial,Toronto and East York,14,,No Control,Clear,Dry,Non-Fatal Injury,Pedestrian Collisions,60 to 64,None,,Improper Turn,Normal,,,"-79.33059, 43.681845"
1380770,2013,11,Major Arterial,Toronto and East York,14,,No Control,Clear,Dry,Non-Fatal Injury,Pedestrian Collisions,70 to 74,Major,,,,"Crossing, no Traffic Control",Unknown,"-79.33059, 43.681845"
1370122,2013,11,Major Arterial,Scarborough,23,At Intersection,Traffic Signal,Clear,Dry,Fatal,Pedestrian Collisions,40 to 44,Major,,Exceeding Speed Limit,Unknown,,,"-79.267993, 43.832644"
1370122,2013,11,Major Arterial,Scarborough,23,At Intersection,Traffic Signal,Clear,Dry,Fatal,Pedestrian Collisions,unknown,,,,,,,"-79.267993, 43.832644"
1360626,2013,11,Major Arterial,Toronto and East York,14,At Intersection,Traffic Signal,Clear,Dry,Non-Fatal Injury,Cyclist Collisions,15 to 19,None,,,,,,"-79.34819, 43.693645"
1360626,2013,11,Major Arterial,Toronto and East York,14,At Intersection,Traffic Signal,Clear,Dry,Non-Fatal Injury,Cyclist Collisions,unknown,,,,,,,"-79.34819, 43.693645"
1360626,2013,11,Major Arterial,Toronto and East York,14,At Intersection,Traffic Signal,Clear,Dry,Non-Fatal Injury,Cyclist Collisions,50 to 54,None,,Driving Properly,Normal,,,"-79.34819, 43.693645"
1360626,2013,11,Major Arterial,Toronto and East York,14,At Intersection,Traffic Signal,Clear,Dry,Non-Fatal Injury,Cyclist Collisions,35 to 39,Major,,,,,,"-79.34819, 43.693645"
1372188,2013,11,Major Arterial,North York,17,At Intersection,Traffic Signal,Clear,Dry,Non-Fatal Injury,Turning Movement,unknown,,,,,,,"-79.372493, 43.808497"
1372188,2013,11,Major Arterial,North York,17,At Intersection,Traffic Signal,Clear,Dry,Non-Fatal Injury,Turning Movement,25 to 29,Minimal,,Driving Properly,Normal,,,"-79.372493, 43.808497"
1372188,2013,11,Major Arterial,North York,17,At Intersection,Traffic Signal,Clear,Dry,Non-Fatal Injury,Turning Movement,70 to 74,Major,,Improper Turn,Inattentive,,,"-79.372493, 43.808497"
1372188,2013,11,Major Arterial,North York,17,At Intersection,Traffic Signal,Clear,Dry,Non-Fatal Injury,Turning Movement,unknown,None,,,,,,"-79.372493, 43.808497"
1372437,2013,11,Major Arterial,Toronto and East York,12,,No Control,Clear,Dry,Non-Fatal Injury,Pedestrian Collisions,unknown,,,,,,,"-79.41509, 43.683745"
1372437,2013,11,Major Arterial,Toronto and East York,12,,No Control,Clear,Dry,Non-Fatal Injury,Pedestrian Collisions,50 to 54,None,,Improper Lane Change,Normal,,,"-79.41509, 43.683745"
1372437,2013,11,Major Arterial,Toronto and East York,12,,No Control,Clear,Dry,Non-Fatal Injury,Pedestrian Collisions,45 to 49,Major,,,,Person Getting on/off Vehicle,Normal,"-79.41509, 43.683745"
1349064,2013,11,Local,Scarborough,23,At Intersection,Stop Sign,Clear,Dry,Non-Fatal Injury,Cyclist Collisions,unknown,,,,,,,"-79.27609, 43.829145"
1349064,2013,11,Local,Scarborough,23,At Intersection,Stop Sign,Clear,Dry,Non-Fatal Injury,Cyclist Collisions,55 to 59,None,,Improper Turn,Inattentive,,,"-79.27609, 43.829145"
1349064,2013,11,Local,Scarborough,23,At Intersection,Stop Sign,Clear,Dry,Non-Fatal Injury,Cyclist Collisions,55 to 59,Major,,,,,,"-79.27609, 43.829145"
1350745,2013,11,Major Arterial,North York,17,,Traffic Signal,Clear,Dry,Non-Fatal Injury,Angle,Over 95,Major,,,,,,"-79.347888, 43.777144"
1350745,2013,11,Major Arterial,North York,17,,Traffic Signal,Clear,Dry,Non-Fatal Injury,Angle,60 to 64,None,,Driving Properly,Normal,,,"-79.347888, 43.777144"
1350745,2013,11,Major Arterial,North York,17,,Traffic Signal,Clear,Dry,Non-Fatal Injury,Angle,25 to 29,None,,Disobeyed Traffic Control,Inattentive,,,"-79.347888, 43.777144"
1355879,2013,11,Minor Arterial,Scarborough,23,At Intersection,Stop Sign,Rain,Wet,Non-Fatal Injury,Turning Movement,30 to 34,None,,Driving Properly,Normal,,,"-79.26739, 43.818945"
1355879,2013,11,Minor Arterial,Scarborough,23,At Intersection,Stop Sign,Rain,Wet,Non-Fatal Injury,Turning Movement,35 to 39,Major,,,,,,"-79.26739, 43.818945"
4002555153,2014,11,Collector,Toronto and East York,11,Non Intersection,No Control,Clear,Dry,Non-Fatal Injury,Pedestrian Collisions,35 to 39,None,,Other,Normal,,,"-79.388912, 43.670752"
4002555153,2014,11,Collector,Toronto and East York,11,Non Intersection,No Control,Clear,Dry,Non-Fatal Injury,Pedestrian Collisions,70 to 74,Major,,,,Other,Unknown,"-79.388912, 43.670752"
4002581656,2014,11,Minor Arterial,Scarborough,24,At/Near Private Drive,No Control,Clear,Dry,Non-Fatal Injury,Turning Movement,20 to 24,None,,Improper Turn,Inattentive,,,"-79.201221, 43.747069"
4002581656,2014,11,Minor Arterial,Scarborough,24,At/Near Private Drive,No Control,Clear,Dry,Non-Fatal Injury,Turning Movement,25 to 29,Major,,Driving Properly,Normal,,,"-79.201221, 43.747069"
3001047627,2013,11,Major Arterial,Toronto and East York,13,At Intersection,Traffic Signal,Clear,Dry,Non-Fatal Injury,Pedestrian Collisions,30 to 34,None,,Failed to Yield Right of Way,Normal,,,"-79.375896, 43.660418"
3001047627,2013,11,Major Arterial,Toronto and East York,13,At Intersection,Traffic Signal,Clear,Dry,Non-Fatal Injury,Pedestrian Collisions,30 to 34,Major,,,,Crossing with right of way,Normal,"-79.375896, 43.660418"
3001089776,2013,11,Major Arterial,Toronto and East York,11,At Intersection,Traffic Signal,Clear,Dry,Non-Fatal Injury,Pedestrian Collisions,65 to 69,None,,Driving Properly,Normal,,,"-79.413135, 43.670024"