ACCNUM,YEAR,HOUR,ROAD_CLASS,District,WardNum,ACCLOC,TRAFFCTL,VISIBILITY,RDSFCOND,ACCLASS,IMPACTYPE,INVAGE,INJURY,FATAL_NO,DRIVACT,DRIVCOND,PEDACT,PEDCOND,geometry
6002243964,2016,11,Major Arterial,North York,,At Intersection,Traffic Signal,Clear,Dry,Non-Fatal Injury,Pedestrian Collisions,25 to 29,None,,Driving Properly,Normal,,,"-79.388622, 43.769309"
6002243964,2016,11,Major Arterial,North York,,At Intersection,Traffic Signal,Clear,Dry,Non-Fatal Injury,Pedestrian Collisions,65 to 69,Major,,,,Other,Normal,"-79.388622, 43.769309"
7001414660,2017,11,Major Arterial,Toronto and East York,4,Intersection Related,Traffic Signal,Clear,Dry,Non-Fatal Injury,Pedestrian Collisions,10 to 14,None,,,,,,"-79.463763, 43.663581"
7001414660,2017,11,Major Arterial,Toronto and East York,4,Intersection Related,Traffic Signal,Clear,Dry,Non-Fatal Injury,Pedestrian Collisions,50 to 54,None,,Disobeyed Traffic Control,Normal,,,"-79.463763, 43.663581"
7001414660,2017,11,Major Arterial,Toronto and East York,4,Intersection Related,Traffic Signal,Clear,Dry,Non-Fatal Injury,Pedestrian Collisions,50 to 54,Minor,,Driving Properly,Normal,,,"-79.463763, 43.663581"
7001414660,2017,11,Major Arterial,Toronto and East York,4,Intersection Related,Traffic Signal,Clear,Dry,Non-Fatal Injury,Pedestrian Collisions,50 to 54,None,,,,,,"-79.463763, 43.663581"
7001414660,2017,11,Major Arterial,Toronto and East York,4,Intersection Related,Traffic Signal,Clear,Dry,Non-Fatal Injury,Pedestrian Collisions,5 to 9,None,,,,,,"-79.463763, 43.663581"
7001414660,2017,11,Major Arterial,Toronto and East York,4,Intersection Related,Traffic Signal,Clear,Dry,Non-Fatal Injury,Pedestrian Collisions,60 to 64,Major,,,,Walking on Roadway Against Traffic,Normal,"-79.463763, 43.663581"
7001542101,2017,11,Minor Arterial,Toronto and East York,9,Non Intersection,No Control,Clear,Dry,Fatal,Pedestrian Collisions,30 to 34,Fatal,39,,,Running onto Roadway,Had Been Drinking,"-79.428958, 43.649501"
7001542101,2017,11,Minor Arterial,Toronto and East York,9,Non Intersection,No Control,Clear,Dry,Fatal,Pedestrian Collisions,65 to 69,None,,Driving Properly,Normal,,,"-79.428958, 43.649501"
7001553608,2017,11,Minor Arterial,North York,8,Intersection Related,Stop Sign,Clear,Dry,Non-Fatal Injury,Pedestrian Collisions,25 to 29,Major,,,,Other,Normal,"-79.467586, 43.715659"
7001553608,2017,11,Minor Arterial,North York,8,Intersection Related,Stop Sign,Clear,Dry,Non-Fatal Injury,Pedestrian Collisions,unknown,None,,Other,Unknown,,,"-79.467586, 43.715659"
7001799357,2017,11,Major Arterial,Toronto and East York,11,At Intersection,Traffic Signal,Clear,Dry,Non-Fatal Injury,Cyclist Collisions,25 to 29,None,,,,,,"-79.403827, 43.666583"
7001799357,2017,11,Major Arterial,Toronto and East York,11,At Intersection,Traffic Signal,Clear,Dry,Non-Fatal Injury,Cyclist Collisions,35 to 39,None,,Driving Properly,Normal,,,"-79.403827, 43.666583"
7001799357,2017,11,Major Arterial,Toronto and East York,11,At Intersection,Traffic Signal,Clear,Dry,Non-Fatal Injury,Cyclist Collisions,50 to 54,Major,,,,,,"-79.403827, 43.666583"
7001842185,2017,11,Major Arterial,Etobicoke York,2,Non Intersection,No Control,Clear,Dry,Non-Fatal Injury,Sideswipe,20 to 24,Minimal,,,,,,"-79.555232, 43.686839"
7001842185,2017,11,Major Arterial,Etobicoke York,2,Non Intersection,No Control,Clear,Dry,Non-Fatal Injury,Sideswipe,55 to 59,Major,,Driving Properly,Normal,,,"-79.555232, 43.686839"
7001842185,2017,11,Major Arterial,Etobicoke York,2,Non Intersection,No Control,Clear,Dry,Non-Fatal Injury,Sideswipe,45 to 49,None,,Driving Properly,Normal,,,"-79.555232, 43.686839"
7001842185,2017,11,Major Arterial,Etobicoke York,2,Non Intersection,No Control,Clear,Dry,Non-Fatal Injury,Sideswipe,15 to 19,None,,Improper Lane Change,Inattentive,,,"-79.555232, 43.686839"
7001879752,2017,11,Minor Arterial,Toronto and East York,,At Intersection,Traffic Signal,Clear,Dry,Non-Fatal Injury,Pedestrian Collisions,65 to 69,None,,Failed to Yield Right of Way,Normal,,,"-79.326534, 43.690516"
7001879752,2017,11,Minor Arterial,Toronto and East York,,At Intersection,Traffic Signal,Clear,Dry,Non-Fatal Injury,Pedestrian Collisions,85 to 89,Major,,,,Crossing with right of way,Normal,"-79.326534, 43.690516"
7001987033,2017,11,Major Arterial,Toronto and East York,4,At Intersection,Yield Sign,Clear,Wet,Non-Fatal Injury,Rear End,50 to 54,None,,Other,Normal,,,"-79.499164, 43.665454"
7001987033,2017,11,Major Arterial,Toronto and East York,4,At Intersection,Yield Sign,Clear,Wet,Non-Fatal Injury,Rear End,30 to 34,Major,,Driving Properly,Normal,,,"-79.499164, 43.665454"
8000460505,2018,11,Major Arterial,Toronto and East York,,Non Intersection,No Control,Clear,Dry,Non-Fatal Injury,Pedestrian Collisions,70 to 74,Major,,,,Coming From Behind Parked Vehicle,Inattentive,"-79.396121, 43.653273"
8000252171,2018,11,Major Arterial,Toronto and East York,13,Non Intersection,No Control,Snow,Loose Snow,Non-Fatal Injury,Pedestrian Collisions,75 to 79,Major,,,,Other,Inattentive,"-79.371158, 43.64876"
8000252171,2018,11,Major Arterial,Toronto and East York,13,Non Intersection,No Control,Snow,Loose Snow,Non-Fatal Injury,Pedestrian Collisions,25 to 29,None,,Other,Inattentive,,,"-79.371158, 43.64876"
8000460505,2018,11,Major Arterial,Toronto and East York,,Non Intersection,No Control,Clear,Dry,Non-Fatal Injury,Pedestrian Collisions,30 to 34,None,,Driving Properly,Normal,,,"-79.396121, 43.653273"
8001113536,2018,11,Major Arterial,,7,Non Intersection,No Control,Clear,Dry,Non-Fatal Injury,Rear End,55 to 59,Major,,Lost control,Normal,,,"-79.538364, 43.771861"
8001113536,2018,11,Major Arterial,,7,Non Intersection,No Control,Clear,Dry,Non-Fatal Injury,Rear End,70 to 74,None,,Following too Close,Normal,,,"-79.538364, 43.771861"
8001113536,2018,11,Major Arterial,,7,Non Intersection,No Control,Clear,Dry,Non-Fatal Injury,Rear End,85 to 89,None,,Driving Properly,Normal,,,"-79.538364, 43.771861"
7003008719,2017,11,Major Arterial,North York,17,At Intersection,No Control,Clear,Dry,Non-Fatal Injury,Pedestrian Collisions,80 to 84,Major,,,,"Crossing, no Traffic Control",Normal,"-79.365299, 43.79027"
8000738388,2018,11,Major Arterial,North York,6,At Intersection,Stop Sign,Rain,Wet,Non-Fatal Injury,Pedestrian Collisions,75 to 79,Major,,,,Crossing with right of way,Normal,"-79.43748, 43.751422"
8000738388,2018,11,Major Arterial,North York,6,At Intersection,Stop Sign,Rain,Wet,Non-Fatal Injury,Pedestrian Collisions,unknown,None,,Failed to Yield Right of Way,Unknown,,,"-79.43748, 43.751422"
7003008719,2017,11,Major Arterial,North York,17,At Intersection,No Control,Clear,Dry,Non-Fatal Injury,Pedestrian Collisions,80 to 84,Major,,,,"Crossing, no Traffic Control",Normal,"-79.365299, 43.79027"
8001689735,2018,11,Major Arterial,North York,16,At Intersection,Traffic Signal,Clear,Dry,Non-Fatal Injury,Pedestrian Collisions,80 to 84,None,,Disobeyed Traffic Control,Inattentive,,,"-79.346507, 43.736434"
8001689735,2018,11,Major Arterial,North York,16,At Intersection,Traffic Signal,Clear,Dry,Non-Fatal Injury,Pedestrian Collisions,60 to 64,None,,Driving Properly,Normal,,,"-79.346507, 43.736434"
8001689735,2018,11,Major Arterial,North York,16,At Intersection,Traffic Signal,Clear,Dry,Non-Fatal Injury,Pedestrian Collisions,80 to 84,Major,,,,Crossing with right of way,Normal,"-79.346507, 43.736434"
7003008719,2017,11,Major Arterial,North York,17,At Intersection,No Control,Clear,Dry,Non-Fatal Injury,Pedestrian Collisions,70 to 74,None,,Driving Properly,Normal,,,"-79.365299, 43.79027"
8001768874,2018,11,Major Arterial,Toronto and East York,14,At Intersection,Stop Sign,Clear,Dry,Non-Fatal Injury,Rear End,30 to 34,Major,,Other,Unknown,,,"-79.339405, 43.680011"
8001768874,2018,11,Major Arterial,Toronto and East York,14,At Intersection,Stop Sign,Clear,Dry,Non-Fatal Injury,Rear End,45 to 49,None,,Driving Properly,Had Been Drinking,,,"-79.339405, 43.680011"
8001570901,2018,11,Major Arterial,Etobicoke York,,At Intersection,Traffic Signal,Clear,Dry,Non-Fatal Injury,Turning Movement,35 to 39,Minimal,,Failed to Yield Right of Way,Inattentive,,,"-79.570796, 43.691519"
8001570901,2018,11,Major Arterial,Etobicoke York,,At Intersection,Traffic Signal,Clear,Dry,Non-Fatal Injury,Turning Movement,40 to 44,Major,,Driving Properly,Normal,,,"-79.570796, 43.691519"
8001571012,2018,11,Major Arterial,North York,18,At/Near Private Drive,No Control,Clear,Dry,Non-Fatal Injury,Other,unknown,,,,,,,"-79.417026, 43.785876"
8001571012,2018,11,Major Arterial,North York,18,At/Near Private Drive,No Control,Clear,Dry,Non-Fatal Injury,Other,25 to 29,None,,Driving Properly,Normal,,,"-79.417026, 43.785876"
8001571012,2018,11,Major Arterial,North York,18,At/Near Private Drive,No Control,Clear,Dry,Non-Fatal Injury,Other,30 to 34,Minor,,,,,,"-79.417026, 43.785876"
8001571012,2018,11,Major Arterial,North York,18,At/Near Private Drive,No Control,Clear,Dry,Non-Fatal Injury,Other,0 to 4,Minor,,,,,,"-79.417026, 43.785876"
8001571012,2018,11,Major Arterial,North York,18,At/Near Private Drive,No Control,Clear,Dry,Non-Fatal Injury,Other,50 to 54,Major,,,,,,"-79.417026, 43.785876"
8001571012,2018,11,Major Arterial,North York,18,At/Near Private Drive,No Control,Clear,Dry,Non-Fatal Injury,Other,60 to 64,Minor,,,,,,"-79.417026, 43.785876"
8001571012,2018,11,Major Arterial,North York,18,At/Near Private Drive,No Control,Clear,Dry,Non-Fatal Injury,Other,65 to 69,Minor,,,,,,"-79.417026, 43.785876"
8001571012,2018,11,Major Arterial,North York,18,At/Near Private Drive,No Control,Clear,Dry,Non-Fatal Injury,Other,45 to 49,Minor,,,,,,"-79.417026, 43.785876"
8001571012,2018,11,Major Arterial,North York,18,At/Near Private Drive,No Control,Clear,Dry,Non-Fatal Injury,Other,35 to 39,None,,,,,,"-79.417026, 43.785876"
8000395977,2018,11,Minor Arterial,Toronto and East York,10,Non Intersection,No Control,Clear,Dry,Non-Fatal Injury,Turning Movement,15 to 19,Major,,Improper Turn,Inattentive,,,"-79.382297, 43.646685"
8000395977,2018,11,Minor Arterial,Toronto and East York,10,Non Intersection,No Control,Clear,Dry,Non-Fatal Injury,Turning Movement,35 to 39,None,,Driving Properly,Normal,,,"-79.382297, 43.646685"
8000395977,2018,11,Minor Arterial,Toronto and East York,10,Non Intersection,No Control,Clear,Dry,Non-Fatal Injury,Turning Movement,20 to 24,None,,,,,,"-79.382297, 43.646685"
178057130,2017,11,Major Arterial,North York,15,Non Intersection,No Control,Clear,Dry,Non-Fatal Injury,SMV Other,30 to 34,Major,,Driving Properly,Normal,,,"-79.381397, 43.730132"
7003060621,2017,11,Major Arterial,Scarborough,22,Non Intersection,No Control,Clear,Dry,Fatal,Pedestrian Collisions,25 to 29,None,,Driving Properly,Unknown,,,"-79.322238, 43.775355"
7003060621,2017,11,Major Arterial,Scarborough,22,Non Intersection,No Control,Clear,Dry,Fatal,Pedestrian Collisions,70 to 74,Fatal,54,,,"Crossing, no Traffic Control",Unknown,"-79.322238, 43.775355"
7003233329,2017,11,Major Arterial,Toronto and East York,,At Intersection,Traffic Signal,Other,Other,Fatal,Cyclist Collisions,45 to 49,Fatal,60,,,,,"-79.422664, 43.654326"
7003233329,2017,11,Major Arterial,Toronto and East York,,At Intersection,Traffic Signal,Other,Other,Fatal,Cyclist Collisions,50 to 54,None,,Driving Properly,Unknown,,,"-79.422664, 43.654326"
7003278373,2017,11,Major Arterial,Etobicoke York,3,At Intersection,Traffic Signal,Clear,Wet,Non-Fatal Injury,Pedestrian Collisions,unknown,Major,,,,Crossing with right of way,Normal,"-79.528705, 43.648699"
7003278373,2017,11,Major Arterial,Etobicoke York,3,At Intersection,Traffic Signal,Clear,Wet,Non-Fatal Injury,Pedestrian Collisions,70 to 74,None,,Failed to Yield Right of Way,Normal,,,"-79.528705, 43.648699"
8000026643,2018,11,Major Arterial,Toronto and East York,10,At Intersection,Traffic Signal,Other,Other,Fatal,Pedestrian Collisions,50 to 54,None,,Failed to Yield Right of Way,Unknown,,,"-79.382091, 43.649542"
8000026643,2018,11,Major Arterial,Toronto and East York,10,At Intersection,Traffic Signal,Other,Other,Fatal,Pedestrian Collisions,85 to 89,Fatal,6,,,Crossing with right of way,Unknown,"-79.382091, 43.649542"
8000134975,2018,11,Major Arterial,North York,6,At Intersection,Traffic Signal,Rain,Wet,Non-Fatal Injury,Cyclist Collisions,65 to 69,Major,,,,,,"-79.452991, 43.79074"
8000134975,2018,11,Major Arterial,North York,6,At Intersection,Traffic Signal,Rain,Wet,Non-Fatal Injury,Cyclist Collisions,80 to 84,None,,Failed to Yield Right of Way,Inattentive,,,"-79.452991, 43.79074"
8000148881,2018,11,Major Arterial,Scarborough,22,Non Intersection,Traffic Signal,Clear,Dry,Fatal,Pedestrian Collisions,60 to 64,Fatal,8,,,Crossing with right of way,Normal,"-79.324542, 43.81428"
8000148881,2018,11,Major Arterial,Scarborough,22,Non Intersection,Traffic Signal,Clear,Dry,Fatal,Pedestrian Collisions,55 to 59,None,,Disobeyed Traffic Control,Normal,,,"-79.324542, 43.81428"
9000700060,2019,11,Collector,Toronto and East York,13,Intersection Related,Stop Sign,Clear,Dry,Non-Fatal Injury,Pedestrian Collisions,45 to 49,Major,,,,,Normal,"-79.37746, 43.651305"
9000128132,2019,11,Major Arterial,Toronto and East York,,At Intersection,Traffic Signal,Clear,Dry,Non-Fatal Injury,Pedestrian Collisions,50 to 54,None,,Disobeyed Traffic Control,Normal,,,"-79.379696, 43.64733"
9000128132,2019,11,Major Arterial,Toronto and East York,,At Intersection,Traffic Signal,Clear,Dry,Non-Fatal Injury,Pedestrian Collisions,65 to 69,Major,,,,,Normal,"-79.379696, 43.64733"
9000283937,2019,11,Major Arterial,North York,,At Intersection,Traffic Signal,Clear,Wet,Non-Fatal Injury,Turning Movement,50 to 54,None,,Disobeyed Traffic Control,Normal,,,"-79.407421, 43.747302"
9000283937,2019,11,Major Arterial,North York,,At Intersection,Traffic Signal,Clear,Wet,Non-Fatal Injury,Turning Movement,60 to 64,Major,,Driving Properly,Normal,,,"-79.407421, 43.747302"
9000380935,2019,11,Major Arterial,Etobicoke York,1,At/Near Private Drive,No Control,Clear,Dry,Non-Fatal Injury,Angle,80 to 84,Major,,Failed to Yield Right of Way,Inattentive,,,"-79.580982, 43.713546"
9000380935,2019,11,Major Arterial,Etobicoke York,1,At/Near Private Drive,No Control,Clear,Dry,Non-Fatal Injury,Angle,20 to 24,None,,Driving Properly,Normal,,,"-79.580982, 43.713546"
9000912450,2019,11,Major Arterial,Toronto and East York,4,Intersection Related,Traffic Signal,Clear,Dry,Non-Fatal Injury,Pedestrian Collisions,25 to 29,None,,Failed to Yield Right of Way,Inattentive,,,"-79.436008, 43.637176"
9000912450,2019,11,Major Arterial,Toronto and East York,4,Intersection Related,Traffic Signal,Clear,Dry,Non-Fatal Injury,Pedestrian Collisions,65 to 69,None,,Driving Properly,Normal,,,"-79.436008, 43.637176"
9000912450,2019,11,Major Arterial,Toronto and East York,4,Intersection Related,Traffic Signal,Clear,Dry,Non-Fatal Injury,Pedestrian Collisions,55 to 59,Major,,,,,Normal,"-79.436008, 43.637176"
9000925412,2019,11,Major Arterial,Toronto and East York,10,Intersection Related,Traffic Signal,Clear,Dry,Non-Fatal Injury,Pedestrian Collisions,75 to 79,None,,Failed to Yield Right of Way,Inattentive,,,"-79.416271, 43.644717"
9000925412,2019,11,Major Arterial,Toronto and East York,10,Intersection Related,Traffic Signal,Clear,Dry,Non-Fatal Injury,Pedestrian Collisions,80 to 84,Major,,,,,Normal,"-79.416271, 43.644717"
9000946918,2019,11,Major Arterial,Toronto and East York,13,Intersection Related,Stop Sign,Clear,Dry,Non-Fatal Injury,Cyclist Collisions,50 to 54,None,,Failed to Yield Right of Way,Normal,,,"-79.358913, 43.655254"
9000946918,2019,11,Major Arterial,Toronto and East York,13,Intersection Related,Stop Sign,Clear,Dry,Non-Fatal Injury,Cyclist Collisions,55 to 59,Major,,,,,,"-79.358913, 43.655254"
9000525520,2019,11,Major Arterial,Etobicoke York,,At Intersection,Traffic Signal,Clear,Dry,Non-Fatal Injury,Rear End,55 to 59,None,,Following too Close,Normal,,,"-79.563144, 43.674472"
9000525520,2019,11,Major Arterial,Etobicoke York,,At Intersection,Traffic Signal,Clear,Dry,Non-Fatal Injury,Rear End,65 to 69,Minor,,Driving Properly,Normal,,,"-79.563144, 43.674472"
9000525520,2019,11,Major Arterial,Etobicoke York,,At Intersection,Traffic Signal,Clear,Dry,Non-Fatal Injury,Rear End,65 to 69,Major,,,,,,"-79.563144, 43.674472"
9000638923,2019,11,Major Arterial,Toronto and East York,12,At Intersection,Traffic Signal,Clear,Dry,Non-Fatal Injury,Pedestrian Collisions,20 to 24,None,,Failed to Yield Right of Way,Unknown,,,"-79.394108, 43.688079"
9000638923,2019,11,Major Arterial,Toronto and East York,12,At Intersection,Traffic Signal,Clear,Dry,Non-Fatal Injury,Pedestrian Collisions,45 to 49,Major,,,,,Medical or Physical Disability,"-79.394108, 43.688079"
9000700060,2019,11,Collector,Toronto and East York,13,Intersection Related,Stop Sign,Clear,Dry,Non-Fatal Injury,Pedestrian Collisions,unknown,None,,Other,Unknown,,,"-79.37746, 43.651305"
9001963574,2019,11,Collector,Scarborough,20,At/Near Private Drive,No Control,Clear,Dry,Non-Fatal Injury,Pedestrian Collisions,20 to 24,None,,Driving Properly,Normal,,,"-79.282131, 43.683654"
9001963574,2019,11,Collector,Scarborough,20,At/Near Private Drive,No Control,Clear,Dry,Non-Fatal Injury,Pedestrian Collisions,10 to 14,Major,,,,,Inattentive,"-79.282131, 43.683654"
9002067554,2019,11,Major Arterial,Scarborough,20,Non Intersection,No Control,Clear,Dry,Non-Fatal Injury,Rear End,70 to 74,Major,,Lost control,Medical or Physical Disability,,,"-79.284664, 43.721606"
9002067554,2019,11,Major Arterial,Scarborough,20,Non Intersection,No Control,Clear,Dry,Non-Fatal Injury,Rear End,50 to 54,None,,Driving Properly,Normal,,,"-79.284664, 43.721606"
9002067554,2019,11,Major Arterial,Scarborough,20,Non Intersection,No Control,Clear,Dry,Non-Fatal Injury,Rear End,50 to 54,None,,Driving Properly,Normal,,,"-79.284664, 43.721606"
8002098708,2018,11,Major Arterial,North York,16,At Intersection,Traffic Signal,Clear,Dry,Non-Fatal Injury,Pedestrian Collisions,45 to 49,None,,Failed to Yield Right of Way,Inattentive,,,"-79.357456, 43.753421"
8002098708,2018,11,Major Arterial,North York,16,At Intersection,Traffic Signal,Clear,Dry,Non-Fatal Injury,Pedestrian Collisions,45 to 49,Major,,,,Crossing with right of way,Medical or Physical Disability,"-79.357456, 43.753421"
9001541492,2019,11,Major Arterial,North York,8,At Intersection,Stop Sign,Clear,Dry,Non-Fatal Injury,Turning Movement,25 to 29,None,,Failed to Yield Right of Way,Normal,,,"-79.452892, 43.705772"
9001541492,2019,11,Major Arterial,North York,8,At Intersection,Stop Sign,Clear,Dry,Non-Fatal Injury,Turning Movement,25 to 29,Major,,Driving Properly,Normal,,,"-79.452892, 43.705772"
9001541492,2019,11,Major Arterial,North York,8,At Intersection,Stop Sign,Clear,Dry,Non-Fatal Injury,Turning Movement,20 to 24,None,,,,,,"-79.452892, 43.705772"
9001591969,2019,11,Major Arterial,Scarborough,,At Intersection,Traffic Signal,Clear,Dry,Fatal,Pedestrian Collisions,45 to 49,None,,Failed to Yield Right of Way,Unknown,,,"-79.278529, 43.785277"
9001591969,2019,11,Major Arterial,Scarborough,,At Intersection,Traffic Signal,Clear,Dry,Fatal,Pedestrian Collisions,unknown,None,,Failed to Yield Right of Way,Unknown,,,"-79.278529, 43.785277"
9001591969,2019,11,Major Arterial,Scarborough,,At Intersection,Traffic Signal,Clear,Dry,Fatal,Pedestrian Collisions,75 to 79,Fatal,36,,,Crossing with right of way,Unknown,"-79.278529, 43.785277"
8001975971,2018,11,Major Arterial,Toronto and East York,14,Intersection Related,Traffic Signal,Clear,Dry,Non-Fatal Injury,Other,unknown,None,,Other,Unknown,,,"-79.358829, 43.676131"
8001975971,2018,11,Major Arterial,Toronto and East York,14,Intersection Related,Traffic Signal,Clear,Dry,Non-Fatal Injury,Other,65 to 69,Major,,Other,Normal,,,"-79.358829, 43.676131"
8002008114,2018,11,Major Arterial,Toronto and East York,4,Non Intersection,No Control,Rain,Wet,Non-Fatal Injury,Sideswipe,35 to 39,None,,Lost control,Normal,,,"-79.445636, 43.636962"
8002008114,2018,11,Major Arterial,Toronto and East York,4,Non Intersection,No Control,Rain,Wet,Non-Fatal Injury,Sideswipe,15 to 19,Minor,,,,,,"-79.445636, 43.636962"
8002008114,2018,11,Major Arterial,Toronto and East York,4,Non Intersection,No Control,Rain,Wet,Non-Fatal Injury,Sideswipe,40 to 44,Major,,Lost control,Normal,,,"-79.445636, 43.636962"
9001620635,2019,11,Collector,Etobicoke York,2,At Intersection,Stop Sign,Clear,Dry,Non-Fatal Injury,Pedestrian Collisions,unknown,None,,Failed to Yield Right of Way,Unknown,,,"-79.567913, 43.636085"
9001620635,2019,11,Collector,Etobicoke York,2,At Intersection,Stop Sign,Clear,Dry,Non-Fatal Injury,Pedestrian Collisions,35 to 39,Major,,,,,Normal,"-79.567913, 43.636085"
905249,2006,12,Major Arterial,Toronto and East York,11,At Intersection,Stop Sign,Clear,Dry,Non-Fatal Injury,Pedestrian Collisions,45 to 49,None,,Other,Normal,,,"-79.38979, 43.670545"
905249,2006,12,Major Arterial,Toronto and East York,11,At Intersection,Stop Sign,Clear,Dry,Non-Fatal Injury,Pedestrian Collisions,55 to 59,Major,,,,"Crossing, no Traffic Control",Normal,"-79.38979, 43.670545"
919534,2006,12,Local,North York,17,,No Control,Clear,Dry,Non-Fatal Injury,Cyclist Collisions,75 to 79,None,,Improper Passing,Normal,,,"-79.35689, 43.768745"
919534,2006,12,Local,North York,17,,No Control,Clear,Dry,Non-Fatal Injury,Cyclist Collisions,70 to 74,Major,,,,,,"-79.35689, 43.768745"
909606,2006,12,Major Arterial,Scarborough,,At Intersection,Traffic Signal,Clear,Dry,Non-Fatal Injury,Turning Movement,15 to 19,Minor,,,,,,"-79.23839, 43.738845"
909606,2006,12,Major Arterial,Scarborough,,At Intersection,Traffic Signal,Clear,Dry,Non-Fatal Injury,Turning Movement,15 to 19,Minor,,,,,,"-79.23839, 43.738845"
909606,2006,12,Major Arterial,Scarborough,,At Intersection,Traffic Signal,Clear,Dry,Non-Fatal Injury,Turning Movement,15 to 19,Major,,,,,,"-79.23839, 43.738845"
909606,2006,12,Major Arterial,Scarborough,,At Intersection,Traffic Signal,Clear,Dry,Non-Fatal Injury,Turning Movement,20 to 24,Major,,Driving Properly,Normal,,,"-79.23839, 43.738845"
909606,2006,12,Major Arterial,Scarborough,,At Intersection,Traffic Signal,Clear,Dry,Non-Fatal Injury,Turning Movement,25 to 29,None,,Failed to Yield Right of Way,"Ability Impaired, Alcohol",,,"-79.23839, 43.738845"
909261,2006,12,Major Arterial,Etobicoke York,3,At Intersection,Traffic Signal,Clear,Dry,Fatal,Pedestrian Collisions,85 to 89,Fatal,,,,Crossing without right of way,Normal,"-79.50299, 43.601245"
909261,2006,12,Major Arterial,Etobicoke York,3,At Intersection,Traffic Signal,Clear,Dry,Fatal,Pedestrian Collisions,unknown,,,,,,,"-79.50299, 43.601245"
909261,2006,12,Major Arterial,Etobicoke York,3,At Intersection,Traffic Signal,Clear,Dry,Fatal,Pedestrian Collisions,40 to 44,None,,Driving Properly,Normal,,,"-79.50299, 43.601245"
913288,2006,12,Major Arterial,Toronto and East York,14,At Intersection,No Control,Clear,Dry,Non-Fatal Injury,Cyclist Collisions,35 to 39,Major,,,,,,"-79.34779, 43.686645"
913288,2006,12,Major Arterial,Toronto and East York,14,At Intersection,No Control,Clear,Dry,Non-Fatal Injury,Cyclist Collisions,70 to 74,None,,Improper Turn,Normal,,,"-79.34779, 43.686645"
921910,2006,12,Minor Arterial,Etobicoke York,2,At Intersection,Traffic Signal,Rain,Wet,Non-Fatal Injury,Rear End,80 to 84,Major,,Other,Medical or Physical Disability,,,"-79.58329, 43.659945"
921910,2006,12,Minor Arterial,Etobicoke York,2,At Intersection,Traffic Signal,Rain,Wet,Non-Fatal Injury,Rear End,unknown,None,,,,,,"-79.58329, 43.659945"
921910,2006,12,Minor Arterial,Etobicoke York,2,At Intersection,Traffic Signal,Rain,Wet,Non-Fatal Injury,Rear End,40 to 44,Minor,,Driving Properly,Normal,,,"-79.58329, 43.659945"
927513,2006,12,Collector,Etobicoke York,1,,No Control,Clear,Dry,Non-Fatal Injury,Pedestrian Collisions,10 to 14,Major,,,,,,"-79.61649, 43.731845"
927513,2006,12,Collector,Etobicoke York,1,,No Control,Clear,Dry,Non-Fatal Injury,Pedestrian Collisions,15 to 19,None,,Driving Properly,Normal,,,"-79.61649, 43.731845"
927513,2006,12,Collector,Etobicoke York,1,,No Control,Clear,Dry,Non-Fatal Injury,Pedestrian Collisions,15 to 19,Major,,,,Running onto Roadway,Inattentive,"-79.61649, 43.731845"
927513,2006,12,Collector,Etobicoke York,1,,No Control,Clear,Dry,Non-Fatal Injury,Pedestrian Collisions,15 to 19,Major,,,,Running onto Roadway,Inattentive,"-79.61649, 43.731845"
927891,2006,12,Major Arterial,Etobicoke York,5,,No Control,Clear,Dry,Non-Fatal Injury,Rear End,30 to 34,None,,Following too Close,Normal,,,"-79.48549, 43.687745"
927891,2006,12,Major Arterial,Etobicoke York,5,,No Control,Clear,Dry,Non-Fatal Injury,Rear End,50 to 54,Major,,Driving Properly,Normal,,,"-79.48549, 43.687745"
919331,2006,12,Minor Arterial,North York,18,,No Control,Clear,Dry,Non-Fatal Injury,Pedestrian Collisions,unknown,None,,,,,,"-79.42519, 43.765245"
919331,2006,12,Minor Arterial,North York,18,,No Control,Clear,Dry,Non-Fatal Injury,Pedestrian Collisions,50 to 54,None,,Improper Passing,Normal,,,"-79.42519, 43.765245"
919331,2006,12,Minor Arterial,North York,18,,No Control,Clear,Dry,Non-Fatal Injury,Pedestrian Collisions,10 to 14,Major,,,,Running onto Roadway,Normal,"-79.42519, 43.765245"
913927,2006,12,Major Arterial,North York,15,,No Control,Clear,Dry,Non-Fatal Injury,Rear End,0 to 4,Minimal,,,,,,"-79.37709, 43.710745"