ACCNUM,YEAR,HOUR,ROAD_CLASS,District,WardNum,ACCLOC,TRAFFCTL,VISIBILITY,RDSFCOND,ACCLASS,IMPACTYPE,INVAGE,INJURY,FATAL_NO,DRIVACT,DRIVCOND,PEDACT,PEDCOND,geometry
913927,2006,12,Major Arterial,North York,15,,No Control,Clear,Dry,Non-Fatal Injury,Rear End,unknown,None,,,,,,"-79.37709, 43.710745"
913927,2006,12,Major Arterial,North York,15,,No Control,Clear,Dry,Non-Fatal Injury,Rear End,45 to 49,None,,Lost control,Normal,,,"-79.37709, 43.710745"
913927,2006,12,Major Arterial,North York,15,,No Control,Clear,Dry,Non-Fatal Injury,Rear End,65 to 69,Major,,Other,Medical or Physical Disability,,,"-79.37709, 43.710745"
955463,2007,12,Major Arterial,Toronto and East York,9,At Intersection,No Control,Clear,Dry,Non-Fatal Injury,Pedestrian Collisions,unknown,,,,,,,"-79.44029, 43.671245"
955463,2007,12,Major Arterial,Toronto and East York,9,At Intersection,No Control,Clear,Dry,Non-Fatal Injury,Pedestrian Collisions,35 to 39,None,,Failed to Yield Right of Way,Inattentive,,,"-79.44029, 43.671245"
955463,2007,12,Major Arterial,Toronto and East York,9,At Intersection,No Control,Clear,Dry,Non-Fatal Injury,Pedestrian Collisions,60 to 64,Major,,,,Crossing with right of way,Normal,"-79.44029, 43.671245"
948311,2007,12,Major Arterial,Toronto and East York,12,,Traffic Signal,Clear,Dry,Non-Fatal Injury,Approaching,unknown,None,,,,,,"-79.42319, 43.695245"
948311,2007,12,Major Arterial,Toronto and East York,12,,Traffic Signal,Clear,Dry,Non-Fatal Injury,Approaching,45 to 49,Minor,,Driving Properly,Normal,,,"-79.42319, 43.695245"
948311,2007,12,Major Arterial,Toronto and East York,12,,Traffic Signal,Clear,Dry,Non-Fatal Injury,Approaching,75 to 79,Major,,Lost control,Medical or Physical Disability,,,"-79.42319, 43.695245"
968739,2007,12,Major Arterial,Toronto and East York,4,,Stop Sign,Clear,Dry,Non-Fatal Injury,Angle,unknown,,,,,,,"-79.46489, 43.666345"
968739,2007,12,Major Arterial,Toronto and East York,4,,Stop Sign,Clear,Dry,Non-Fatal Injury,Angle,50 to 54,Major,,Driving Properly,Normal,,,"-79.46489, 43.666345"
968739,2007,12,Major Arterial,Toronto and East York,4,,Stop Sign,Clear,Dry,Non-Fatal Injury,Angle,20 to 24,Minimal,,,,,,"-79.46489, 43.666345"
968739,2007,12,Major Arterial,Toronto and East York,4,,Stop Sign,Clear,Dry,Non-Fatal Injury,Angle,50 to 54,None,,Driving Properly,Normal,,,"-79.46489, 43.666345"
968739,2007,12,Major Arterial,Toronto and East York,4,,Stop Sign,Clear,Dry,Non-Fatal Injury,Angle,60 to 64,None,,Failed to Yield Right of Way,"Ability Impaired, Alcohol Over .08",,,"-79.46489, 43.666345"
966139,2007,12,Major Arterial,Scarborough,20,,No Control,Clear,Dry,Non-Fatal Injury,Pedestrian Collisions,30 to 34,None,,Driving Properly,Normal,,,"-79.23669, 43.721445"
966139,2007,12,Major Arterial,Scarborough,20,,No Control,Clear,Dry,Non-Fatal Injury,Pedestrian Collisions,15 to 19,Major,,,,"Crossing, no Traffic Control",Inattentive,"-79.23669, 43.721445"
926129,2006,12,Minor Arterial,North York,15,At Intersection,Traffic Signal,Clear,Dry,Non-Fatal Injury,Pedestrian Collisions,unknown,None,,,,,,"-79.35849, 43.711445"
926129,2006,12,Minor Arterial,North York,15,At Intersection,Traffic Signal,Clear,Dry,Non-Fatal Injury,Pedestrian Collisions,30 to 34,None,,Failed to Yield Right of Way,Normal,,,"-79.35849, 43.711445"
926129,2006,12,Minor Arterial,North York,15,At Intersection,Traffic Signal,Clear,Dry,Non-Fatal Injury,Pedestrian Collisions,80 to 84,Major,,,,Crossing with right of way,Normal,"-79.35849, 43.711445"
940479,2006,12,Major Arterial,Toronto and East York,,At Intersection,No Control,Clear,Other,Non-Fatal Injury,Turning Movement,unknown,Minor,,,,,,"-79.298686, 43.715144"
940479,2006,12,Major Arterial,Toronto and East York,,At Intersection,No Control,Clear,Other,Non-Fatal Injury,Turning Movement,unknown,None,,,,,,"-79.298686, 43.715144"
940479,2006,12,Major Arterial,Toronto and East York,,At Intersection,No Control,Clear,Other,Non-Fatal Injury,Turning Movement,15 to 19,Major,,,,,,"-79.298686, 43.715144"
946585,2006,12,Major Arterial,Scarborough,22,At Intersection,Traffic Signal,Clear,Dry,Non-Fatal Injury,Angle,80 to 84,Major,,,,,,"-79.32459, 43.816145"
944497,2006,12,Major Arterial,Toronto and East York,13,,No Control,Rain,Wet,Non-Fatal Injury,Approaching,40 to 44,Major,,Lost control,Unknown,,,"-79.37509, 43.651445"
944497,2006,12,Major Arterial,Toronto and East York,13,,No Control,Rain,Wet,Non-Fatal Injury,Approaching,40 to 44,None,,Driving Properly,Normal,,,"-79.37509, 43.651445"
946585,2006,12,Major Arterial,Scarborough,22,At Intersection,Traffic Signal,Clear,Dry,Non-Fatal Injury,Angle,35 to 39,Major,,Driving Properly,Normal,,,"-79.32459, 43.816145"
946585,2006,12,Major Arterial,Scarborough,22,At Intersection,Traffic Signal,Clear,Dry,Non-Fatal Injury,Angle,60 to 64,Major,,,,,,"-79.32459, 43.816145"
946585,2006,12,Major Arterial,Scarborough,22,At Intersection,Traffic Signal,Clear,Dry,Non-Fatal Injury,Angle,unknown,None,,,,,,"-79.32459, 43.816145"
958563,2007,12,Local,Etobicoke York,7,,No Control,Clear,Dry,Non-Fatal Injury,Other,40 to 44,Major,,,,,,"-79.51969, 43.724745"
963932,2007,12,Minor Arterial,Toronto and East York,,,No Control,Clear,Dry,Non-Fatal Injury,Pedestrian Collisions,45 to 49,None,,Failed to Yield Right of Way,Inattentive,,,"-79.42329, 43.649345"
963932,2007,12,Minor Arterial,Toronto and East York,,,No Control,Clear,Dry,Non-Fatal Injury,Pedestrian Collisions,60 to 64,Major,,,,Crossing with right of way,Inattentive,"-79.42329, 43.649345"
946585,2006,12,Major Arterial,Scarborough,22,At Intersection,Traffic Signal,Clear,Dry,Non-Fatal Injury,Angle,50 to 54,Major,,Disobeyed Traffic Control,Normal,,,"-79.32459, 43.816145"
946585,2006,12,Major Arterial,Scarborough,22,At Intersection,Traffic Signal,Clear,Dry,Non-Fatal Injury,Angle,40 to 44,Major,,Driving Properly,Normal,,,"-79.32459, 43.816145"
948311,2007,12,Major Arterial,Toronto and East York,12,,Traffic Signal,Clear,Dry,Non-Fatal Injury,Approaching,10 to 14,None,,,,,,"-79.42319, 43.695245"
948311,2007,12,Major Arterial,Toronto and East York,12,,Traffic Signal,Clear,Dry,Non-Fatal Injury,Approaching,45 to 49,None,,Driving Properly,Normal,,,"-79.42319, 43.695245"
937408,2006,12,Major Arterial,Scarborough,22,At Intersection,Traffic Signal,Rain,Wet,Non-Fatal Injury,Pedestrian Collisions,15 to 19,Major,,,,On Sidewalk or Shoulder,Unknown,"-79.31389, 43.792145"
939968,2006,12,Major Arterial,Toronto and East York,,,No Control,Rain,Wet,Non-Fatal Injury,Pedestrian Collisions,35 to 39,Major,,,,"Crossing, no Traffic Control",Had Been Drinking,"-79.42569, 43.661945"
939968,2006,12,Major Arterial,Toronto and East York,,,No Control,Rain,Wet,Non-Fatal Injury,Pedestrian Collisions,unknown,,,,,,,"-79.42569, 43.661945"
939968,2006,12,Major Arterial,Toronto and East York,,,No Control,Rain,Wet,Non-Fatal Injury,Pedestrian Collisions,45 to 49,None,,Driving Properly,Normal,,,"-79.42569, 43.661945"
937408,2006,12,Major Arterial,Scarborough,22,At Intersection,Traffic Signal,Rain,Wet,Non-Fatal Injury,Pedestrian Collisions,65 to 69,Minimal,,Lost control,Medical or Physical Disability,,,"-79.31389, 43.792145"
937408,2006,12,Major Arterial,Scarborough,22,At Intersection,Traffic Signal,Rain,Wet,Non-Fatal Injury,Pedestrian Collisions,unknown,,,,,,,"-79.31389, 43.792145"
937408,2006,12,Major Arterial,Scarborough,22,At Intersection,Traffic Signal,Rain,Wet,Non-Fatal Injury,Pedestrian Collisions,unknown,,,,,,,"-79.31389, 43.792145"
937408,2006,12,Major Arterial,Scarborough,22,At Intersection,Traffic Signal,Rain,Wet,Non-Fatal Injury,Pedestrian Collisions,15 to 19,Major,,,,On Sidewalk or Shoulder,Unknown,"-79.31389, 43.792145"
937408,2006,12,Major Arterial,Scarborough,22,At Intersection,Traffic Signal,Rain,Wet,Non-Fatal Injury,Pedestrian Collisions,60 to 64,Major,,,,On Sidewalk or Shoulder,Unknown,"-79.31389, 43.792145"
935226,2006,12,Major Arterial,Etobicoke York,1,At Intersection,Traffic Signal,Clear,Dry,Non-Fatal Injury,Angle,60 to 64,Major,,Driving Properly,Normal,,,"-79.60099, 43.734645"
935226,2006,12,Major Arterial,Etobicoke York,1,At Intersection,Traffic Signal,Clear,Dry,Non-Fatal Injury,Angle,45 to 49,Minor,,Disobeyed Traffic Control,Inattentive,,,"-79.60099, 43.734645"
929542,2006,12,Major Arterial,Etobicoke York,3,,No Control,Clear,Dry,Non-Fatal Injury,Pedestrian Collisions,35 to 39,None,,Driving Properly,Normal,,,"-79.48379, 43.620245"
929542,2006,12,Major Arterial,Etobicoke York,3,,No Control,Clear,Dry,Non-Fatal Injury,Pedestrian Collisions,60 to 64,Major,,,,"Crossing, no Traffic Control",Unknown,"-79.48379, 43.620245"
981212,2007,12,Minor Arterial,Scarborough,25,At Intersection,Stop Sign,Clear,Dry,Non-Fatal Injury,SMV Other,unknown,,,,,,,"-79.17069, 43.783245"
981212,2007,12,Minor Arterial,Scarborough,25,At Intersection,Stop Sign,Clear,Dry,Non-Fatal Injury,SMV Other,40 to 44,Major,,Driving Properly,Normal,,,"-79.17069, 43.783245"
981212,2007,12,Minor Arterial,Scarborough,25,At Intersection,Stop Sign,Clear,Dry,Non-Fatal Injury,SMV Other,40 to 44,None,,Failed to Yield Right of Way,Normal,,,"-79.17069, 43.783245"
997888,2007,12,Minor Arterial,Toronto and East York,10,At Intersection,Traffic Signal,Clear,Dry,Non-Fatal Injury,Turning Movement,55 to 59,Major,,Following too Close,Inattentive,,,"-79.38659, 43.638845"
997888,2007,12,Minor Arterial,Toronto and East York,10,At Intersection,Traffic Signal,Clear,Dry,Non-Fatal Injury,Turning Movement,35 to 39,None,,Driving Properly,Normal,,,"-79.38659, 43.638845"
1008693,2007,12,Major Arterial,Etobicoke York,5,,No Control,Clear,Dry,Non-Fatal Injury,SMV Unattended Vehicle,unknown,,,,,,,"-79.47359, 43.671145"
981510,2007,12,Minor Arterial,Toronto and East York,,At Intersection,Traffic Signal,Clear,Dry,Non-Fatal Injury,Angle,unknown,None,,,,,,"-79.32799, 43.694145"
981510,2007,12,Minor Arterial,Toronto and East York,,At Intersection,Traffic Signal,Clear,Dry,Non-Fatal Injury,Angle,35 to 39,Minimal,,Disobeyed Traffic Control,Inattentive,,,"-79.32799, 43.694145"
981510,2007,12,Minor Arterial,Toronto and East York,,At Intersection,Traffic Signal,Clear,Dry,Non-Fatal Injury,Angle,70 to 74,Major,,Driving Properly,Normal,,,"-79.32799, 43.694145"
1008986,2007,12,Major Arterial,Scarborough,24,,No Control,Snow,Loose Snow,Fatal,Pedestrian Collisions,unknown,,,,,,,"-79.21109, 43.762845"
1008986,2007,12,Major Arterial,Scarborough,24,,No Control,Snow,Loose Snow,Fatal,Pedestrian Collisions,55 to 59,None,,Driving Properly,Normal,,,"-79.21109, 43.762845"
1008986,2007,12,Major Arterial,Scarborough,24,,No Control,Snow,Loose Snow,Fatal,Pedestrian Collisions,40 to 44,Fatal,,,,Running onto Roadway,Normal,"-79.21109, 43.762845"
1003358,2007,12,Major Arterial,Toronto and East York,,At Intersection,Traffic Signal,Clear,Dry,Non-Fatal Injury,Pedestrian Collisions,75 to 79,None,,Disobeyed Traffic Control,Inattentive,,,"-79.44739, 43.688645"
981510,2007,12,Minor Arterial,Toronto and East York,,At Intersection,Traffic Signal,Clear,Dry,Non-Fatal Injury,Angle,unknown,None,,,,,,"-79.32799, 43.694145"
1003358,2007,12,Major Arterial,Toronto and East York,,At Intersection,Traffic Signal,Clear,Dry,Non-Fatal Injury,Pedestrian Collisions,40 to 44,Major,,,,Crossing with right of way,Normal,"-79.44739, 43.688645"
981510,2007,12,Minor Arterial,Toronto and East York,,At Intersection,Traffic Signal,Clear,Dry,Non-Fatal Injury,Angle,45 to 49,None,,Driving Properly,Normal,,,"-79.32799, 43.694145"
1011635,2007,12,Major Arterial,Etobicoke York,1,,No Control,Snow,Packed Snow,Non-Fatal Injury,Approaching,55 to 59,Minimal,,Lost control,Normal,,,"-79.59059, 43.737045"
1011635,2007,12,Major Arterial,Etobicoke York,1,,No Control,Snow,Packed Snow,Non-Fatal Injury,Approaching,25 to 29,Major,,Driving Properly,Normal,,,"-79.59059, 43.737045"
1011551,2007,12,Major Arterial,Etobicoke York,1,,Traffic Signal,Clear,Wet,Non-Fatal Injury,Angle,5 to 9,Minimal,,,,,,"-79.57149, 43.692845"
1011551,2007,12,Major Arterial,Etobicoke York,1,,Traffic Signal,Clear,Wet,Non-Fatal Injury,Angle,5 to 9,Minimal,,,,,,"-79.57149, 43.692845"
1011551,2007,12,Major Arterial,Etobicoke York,1,,Traffic Signal,Clear,Wet,Non-Fatal Injury,Angle,35 to 39,Major,,Disobeyed Traffic Control,Normal,,,"-79.57149, 43.692845"
1011551,2007,12,Major Arterial,Etobicoke York,1,,Traffic Signal,Clear,Wet,Non-Fatal Injury,Angle,45 to 49,Minimal,,Driving Properly,Normal,,,"-79.57149, 43.692845"
981510,2007,12,Minor Arterial,Toronto and East York,,At Intersection,Traffic Signal,Clear,Dry,Non-Fatal Injury,Angle,25 to 29,Minimal,,,,,,"-79.32799, 43.694145"
1008261,2007,12,Major Arterial,North York,17,,No Control,Clear,Wet,Non-Fatal Injury,Rear End,45 to 49,Minimal,,Driving Properly,Normal,,,"-79.35749, 43.807645"
1008261,2007,12,Major Arterial,North York,17,,No Control,Clear,Wet,Non-Fatal Injury,Rear End,85 to 89,Major,,,,,,"-79.35749, 43.807645"
1008261,2007,12,Major Arterial,North York,17,,No Control,Clear,Wet,Non-Fatal Injury,Rear End,45 to 49,Minimal,,Following too Close,Inattentive,,,"-79.35749, 43.807645"
1008261,2007,12,Major Arterial,North York,17,,No Control,Clear,Wet,Non-Fatal Injury,Rear End,35 to 39,Minor,,Driving Properly,Normal,,,"-79.35749, 43.807645"
1010140,2007,12,Major Arterial,Toronto and East York,11,At Intersection,Traffic Signal,Clear,Dry,Non-Fatal Injury,Pedestrian Collisions,unknown,,,,,,,"-79.38789, 43.672845"
1010140,2007,12,Major Arterial,Toronto and East York,11,At Intersection,Traffic Signal,Clear,Dry,Non-Fatal Injury,Pedestrian Collisions,35 to 39,None,,Driving Properly,Normal,,,"-79.38789, 43.672845"
1010140,2007,12,Major Arterial,Toronto and East York,11,At Intersection,Traffic Signal,Clear,Dry,Non-Fatal Injury,Pedestrian Collisions,15 to 19,Major,,,,On Sidewalk or Shoulder,Normal,"-79.38789, 43.672845"
1008693,2007,12,Major Arterial,Etobicoke York,5,,No Control,Clear,Dry,Non-Fatal Injury,SMV Unattended Vehicle,70 to 74,Major,,,,,,"-79.47359, 43.671145"
972321,2007,12,Major Arterial,North York,,,No Control,Clear,Dry,Non-Fatal Injury,Pedestrian Collisions,60 to 64,None,,Failed to Yield Right of Way,Inattentive,,,"-79.40419, 43.732945"
972321,2007,12,Major Arterial,North York,,,No Control,Clear,Dry,Non-Fatal Injury,Pedestrian Collisions,85 to 89,Major,,,,On Sidewalk or Shoulder,Normal,"-79.40419, 43.732945"
987058,2007,12,Major Arterial,Scarborough,23,,Traffic Signal,Clear,Dry,Non-Fatal Injury,Pedestrian Collisions,60 to 64,None,,Driving Properly,Normal,,,"-79.25649, 43.785345"
987058,2007,12,Major Arterial,Scarborough,23,,Traffic Signal,Clear,Dry,Non-Fatal Injury,Pedestrian Collisions,40 to 44,Major,,,,Crossing without right of way,Inattentive,"-79.25649, 43.785345"
989800,2007,12,Local,Toronto and East York,14,,No Control,Clear,Dry,Non-Fatal Injury,SMV Other,25 to 29,Major,,,,,,"-79.34469, 43.679745"
989800,2007,12,Local,Toronto and East York,14,,No Control,Clear,Dry,Non-Fatal Injury,SMV Other,unknown,None,,,,,,"-79.34469, 43.679745"
989800,2007,12,Local,Toronto and East York,14,,No Control,Clear,Dry,Non-Fatal Injury,SMV Other,30 to 34,Major,,Lost control,Other,,,"-79.34469, 43.679745"
989800,2007,12,Local,Toronto and East York,14,,No Control,Clear,Dry,Non-Fatal Injury,SMV Other,unknown,None,,,,,,"-79.34469, 43.679745"
991252,2007,12,Major Arterial,Toronto and East York,9,,Traffic Signal,Clear,Dry,Non-Fatal Injury,Rear End,90 to 94,None,,Following too Close,Normal,,,"-79.45479, 43.675345"
991252,2007,12,Major Arterial,Toronto and East York,9,,Traffic Signal,Clear,Dry,Non-Fatal Injury,Rear End,40 to 44,Major,,Driving Properly,Normal,,,"-79.45479, 43.675345"
987119,2007,12,Collector,Scarborough,22,At Intersection,Pedestrian Crossover,Clear,Dry,Fatal,Cyclist Collisions,unknown,,,,,,,"-79.30349, 43.782145"
987119,2007,12,Collector,Scarborough,22,At Intersection,Pedestrian Crossover,Clear,Dry,Fatal,Cyclist Collisions,40 to 44,None,,Driving Properly,Normal,,,"-79.30349, 43.782145"
987119,2007,12,Collector,Scarborough,22,At Intersection,Pedestrian Crossover,Clear,Dry,Fatal,Cyclist Collisions,5 to 9,Fatal,,,,,,"-79.30349, 43.782145"
1037389,2008,12,Major Arterial,Toronto and East York,,At Intersection,Traffic Signal,Clear,Dry,Non-Fatal Injury,Pedestrian Collisions,60 to 64,None,,Driving Properly,Normal,,,"-79.44609, 43.685545"
1037389,2008,12,Major Arterial,Toronto and East York,,At Intersection,Traffic Signal,Clear,Dry,Non-Fatal Injury,Pedestrian Collisions,30 to 34,Major,,,,Crossing without right of way,Normal,"-79.44609, 43.685545"
1041835,2008,12,Major Arterial,Etobicoke York,1,At Intersection,Traffic Signal,Clear,Dry,Non-Fatal Injury,Pedestrian Collisions,unknown,,,,,,,"-79.57149, 43.721645"
1041835,2008,12,Major Arterial,Etobicoke York,1,At Intersection,Traffic Signal,Clear,Dry,Non-Fatal Injury,Pedestrian Collisions,35 to 39,None,,Driving Properly,Normal,,,"-79.57149, 43.721645"
1041835,2008,12,Major Arterial,Etobicoke York,1,At Intersection,Traffic Signal,Clear,Dry,Non-Fatal Injury,Pedestrian Collisions,10 to 14,Major,,,,Crossing without right of way,Inattentive,"-79.57149, 43.721645"
1042268,2008,12,Minor Arterial,Toronto and East York,12,At Intersection,Stop Sign,Clear,Dry,Non-Fatal Injury,Cyclist Collisions,25 to 29,None,,Failed to Yield Right of Way,Inattentive,,,"-79.42239, 43.673845"
1042268,2008,12,Minor Arterial,Toronto and East York,12,At Intersection,Stop Sign,Clear,Dry,Non-Fatal Injury,Cyclist Collisions,35 to 39,Major,,,,,,"-79.42239, 43.673845"
1045776,2008,12,Major Arterial,Etobicoke York,3,,No Control,Clear,Dry,Non-Fatal Injury,Cyclist Collisions,20 to 24,None,,Failed to Yield Right of Way,Unknown,,,"-79.48669, 43.618545"
1045776,2008,12,Major Arterial,Etobicoke York,3,,No Control,Clear,Dry,Non-Fatal Injury,Cyclist Collisions,25 to 29,Major,,,,,,"-79.48669, 43.618545"
1050893,2008,12,Major Arterial,Toronto and East York,4,,No Control,Clear,Dry,Non-Fatal Injury,Cyclist Collisions,30 to 34,None,,Driving Properly,Normal,,,"-79.45949, 43.654845"
1050893,2008,12,Major Arterial,Toronto and East York,4,,No Control,Clear,Dry,Non-Fatal Injury,Cyclist Collisions,55 to 59,Major,,,,,,"-79.45949, 43.654845"
1026032,2008,12,Major Arterial,Etobicoke York,,At Intersection,Traffic Signal,Clear,Dry,Non-Fatal Injury,Angle,60 to 64,Minor,,,,,,"-79.57079, 43.691545"
1026032,2008,12,Major Arterial,Etobicoke York,,At Intersection,Traffic Signal,Clear,Dry,Non-Fatal Injury,Angle,40 to 44,None,,Disobeyed Traffic Control,Normal,,,"-79.57079, 43.691545"
1026032,2008,12,Major Arterial,Etobicoke York,,At Intersection,Traffic Signal,Clear,Dry,Non-Fatal Injury,Angle,65 to 69,Major,,Driving Properly,Normal,,,"-79.57079, 43.691545"
1050562,2008,12,Local,Scarborough,20,,No Control,Clear,Dry,Non-Fatal Injury,Pedestrian Collisions,unknown,None,,,,,,"-79.24639, 43.711545"
1057950,2008,12,Major Arterial,Toronto and East York,11,At Intersection,Traffic Signal,Clear,Dry,Non-Fatal Injury,Pedestrian Collisions,55 to 59,None,,Failed to Yield Right of Way,Inattentive,,,"-79.39079, 43.673145"
1057950,2008,12,Major Arterial,Toronto and East York,11,At Intersection,Traffic Signal,Clear,Dry,Non-Fatal Injury,Pedestrian Collisions,85 to 89,Major,,,,Crossing with right of way,Unknown,"-79.39079, 43.673145"
1050562,2008,12,Local,Scarborough,20,,No Control,Clear,Dry,Non-Fatal Injury,Pedestrian Collisions,unknown,None,,,,,,"-79.24639, 43.711545"
1050562,2008,12,Local,Scarborough,20,,No Control,Clear,Dry,Non-Fatal Injury,Pedestrian Collisions,unknown,,,,,,,"-79.24639, 43.711545"
1050562,2008,12,Local,Scarborough,20,,No Control,Clear,Dry,Non-Fatal Injury,Pedestrian Collisions,unknown,,,,,,,"-79.24639, 43.711545"
1050562,2008,12,Local,Scarborough,20,,No Control,Clear,Dry,Non-Fatal Injury,Pedestrian Collisions,55 to 59,None,,Lost control,Inattentive,,,"-79.24639, 43.711545"
1050562,2008,12,Local,Scarborough,20,,No Control,Clear,Dry,Non-Fatal Injury,Pedestrian Collisions,45 to 49,Major,,,,Person Getting on/off Vehicle,Normal,"-79.24639, 43.711545"
1041453,2008,12,Major Arterial,North York,18,At Intersection,Traffic Signal,Rain,Wet,Non-Fatal Injury,Pedestrian Collisions,70 to 74,Major,,,,Crossing with right of way,Normal,"-79.42259, 43.758945"
1041453,2008,12,Major Arterial,North York,18,At Intersection,Traffic Signal,Rain,Wet,Non-Fatal Injury,Pedestrian Collisions,80 to 84,None,,Failed to Yield Right of Way,Inattentive,,,"-79.42259, 43.758945"
1045598,2008,12,Major Arterial,Etobicoke York,7,At Intersection,No Control,Clear,Dry,Non-Fatal Injury,Sideswipe,30 to 34,Major,,Improper Lane Change,Normal,,,"-79.53779, 43.718045"
1045598,2008,12,Major Arterial,Etobicoke York,7,At Intersection,No Control,Clear,Dry,Non-Fatal Injury,Sideswipe,unknown,,,,,,,"-79.53779, 43.718045"
1045598,2008,12,Major Arterial,Etobicoke York,7,At Intersection,No Control,Clear,Dry,Non-Fatal Injury,Sideswipe,60 to 64,None,,Driving Properly,Normal,,,"-79.53779, 43.718045"
1042295,2008,12,Major Arterial,Scarborough,21,At Intersection,Traffic Signal,Clear,Dry,Non-Fatal Injury,Angle,75 to 79,Major,,Driving Properly,Normal,,,"-79.29749, 43.752045"
1042295,2008,12,Major Arterial,Scarborough,21,At Intersection,Traffic Signal,Clear,Dry,Non-Fatal Injury,Angle,5 to 9,None,,,,,,"-79.29749, 43.752045"
1042295,2008,12,Major Arterial,Scarborough,21,At Intersection,Traffic Signal,Clear,Dry,Non-Fatal Injury,Angle,35 to 39,None,,Disobeyed Traffic Control,Normal,,,"-79.29749, 43.752045"
1043009,2008,12,Major Arterial,Etobicoke York,3,At Intersection,Traffic Signal,Clear,Dry,Non-Fatal Injury,Angle,75 to 79,Minor,,,,,,"-79.54519, 43.601645"
1043009,2008,12,Major Arterial,Etobicoke York,3,At Intersection,Traffic Signal,Clear,Dry,Non-Fatal Injury,Angle,50 to 54,Minor,,Driving Properly,Normal,,,"-79.54519, 43.601645"
1043009,2008,12,Major Arterial,Etobicoke York,3,At Intersection,Traffic Signal,Clear,Dry,Non-Fatal Injury,Angle,85 to 89,Minor,,,,,,"-79.54519, 43.601645"
1043009,2008,12,Major Arterial,Etobicoke York,3,At Intersection,Traffic Signal,Clear,Dry,Non-Fatal Injury,Angle,50 to 54,Minimal,,Disobeyed Traffic Control,Normal,,,"-79.54519, 43.601645"
1043009,2008,12,Major Arterial,Etobicoke York,3,At Intersection,Traffic Signal,Clear,Dry,Non-Fatal Injury,Angle,35 to 39,Minimal,,,,,,"-79.54519, 43.601645"
1043009,2008,12,Major Arterial,Etobicoke York,3,At Intersection,Traffic Signal,Clear,Dry,Non-Fatal Injury,Angle,40 to 44,Major,,Driving Properly,Normal,,,"-79.54519, 43.601645"
1028580,2008,12,Major Arterial,Scarborough,21,,No Control,Clear,Dry,Non-Fatal Injury,Pedestrian Collisions,unknown,,,,,,,"-79.26119, 43.752345"
1028580,2008,12,Major Arterial,Scarborough,21,,No Control,Clear,Dry,Non-Fatal Injury,Pedestrian Collisions,35 to 39,Minor,,Driving Properly,Normal,,,"-79.26119, 43.752345"
1028580,2008,12,Major Arterial,Scarborough,21,,No Control,Clear,Dry,Non-Fatal Injury,Pedestrian Collisions,20 to 24,Major,,,,On Sidewalk or Shoulder,Normal,"-79.26119, 43.752345"
1028580,2008,12,Major Arterial,Scarborough,21,,No Control,Clear,Dry,Non-Fatal Injury,Pedestrian Collisions,20 to 24,Minor,,Exceeding Speed Limit,Fatigue,,,"-79.26119, 43.752345"
1068648,2008,12,Major Arterial,Scarborough,24,At Intersection,Traffic Signal,Clear,Dry,Non-Fatal Injury,Angle,20 to 24,Major,,,,,,"-79.19469, 43.762045"
1068648,2008,12,Major Arterial,Scarborough,24,At Intersection,Traffic Signal,Clear,Dry,Non-Fatal Injury,Angle,20 to 24,Major,,Driving Properly,Normal,,,"-79.19469, 43.762045"
1068648,2008,12,Major Arterial,Scarborough,24,At Intersection,Traffic Signal,Clear,Dry,Non-Fatal Injury,Angle,50 to 54,None,,Disobeyed Traffic Control,Normal,,,"-79.19469, 43.762045"
1068648,2008,12,Major Arterial,Scarborough,24,At Intersection,Traffic Signal,Clear,Dry,Non-Fatal Injury,Angle,unknown,,,,,,,"-79.19469, 43.762045"
1068648,2008,12,Major Arterial,Scarborough,24,At Intersection,Traffic Signal,Clear,Dry,Non-Fatal Injury,Angle,unknown,,,,,,,"-79.19469, 43.762045"
1019180,2008,12,Major Arterial,Toronto and East York,19,At Intersection,Traffic Signal,Clear,Dry,Non-Fatal Injury,Other,55 to 59,None,,,,,,"-79.319026, 43.700148"
1018638,2008,12,Minor Arterial,Scarborough,24,At Intersection,Traffic Signal,Clear,Wet,Non-Fatal Injury,Turning Movement,80 to 84,Major,,Failed to Yield Right of Way,Normal,,,"-79.23919, 43.767445"
1018638,2008,12,Minor Arterial,Scarborough,24,At Intersection,Traffic Signal,Clear,Wet,Non-Fatal Injury,Turning Movement,20 to 24,Major,,Exceeding Speed Limit,Normal,,,"-79.23919, 43.767445"
1019180,2008,12,Major Arterial,Toronto and East York,19,At Intersection,Traffic Signal,Clear,Dry,Non-Fatal Injury,Other,85 to 89,Major,,,,,,"-79.319026, 43.700148"
1019180,2008,12,Major Arterial,Toronto and East York,19,At Intersection,Traffic Signal,Clear,Dry,Non-Fatal Injury,Other,unknown,,,,,,,"-79.319026, 43.700148"
1019180,2008,12,Major Arterial,Toronto and East York,19,At Intersection,Traffic Signal,Clear,Dry,Non-Fatal Injury,Other,45 to 49,None,,Driving Properly,Normal,,,"-79.319026, 43.700148"
1024139,2008,12,Minor Arterial,Toronto and East York,9,,No Control,Clear,Wet,Non-Fatal Injury,Pedestrian Collisions,75 to 79,None,,Driving Properly,Normal,,,"-79.43579, 43.679945"
1032373,2008,12,Major Arterial,Toronto and East York,13,At Intersection,Traffic Signal,Clear,Dry,Non-Fatal Injury,Pedestrian Collisions,unknown,,,,,,,"-79.37669, 43.662445"