ACCNUM,YEAR,HOUR,ROAD_CLASS,District,WardNum,ACCLOC,TRAFFCTL,VISIBILITY,RDSFCOND,ACCLASS,IMPACTYPE,INVAGE,INJURY,FATAL_NO,DRIVACT,DRIVCOND,PEDACT,PEDCOND,geometry
1214567,2011,13,Major Arterial,Etobicoke York,7,,No Control,Clear,Wet,Non-Fatal Injury,Turning Movement,70 to 74,Major,,Failed to Yield Right of Way,Normal,,,"-79.54479, 43.751545"
1214567,2011,13,Major Arterial,Etobicoke York,7,,No Control,Clear,Wet,Non-Fatal Injury,Turning Movement,45 to 49,Minor,,Driving Properly,Normal,,,"-79.54479, 43.751545"
1229092,2011,13,Collector,North York,16,,No Control,Clear,Dry,Non-Fatal Injury,Turning Movement,70 to 74,Major,,,,,,"-79.33409, 43.717645"
1229092,2011,13,Collector,North York,16,,No Control,Clear,Dry,Non-Fatal Injury,Turning Movement,75 to 79,Minor,,Driving Properly,Normal,,,"-79.33409, 43.717645"
1229092,2011,13,Collector,North York,16,,No Control,Clear,Dry,Non-Fatal Injury,Turning Movement,40 to 44,None,,Failed to Yield Right of Way,Inattentive,,,"-79.33409, 43.717645"
1222908,2011,13,Major Arterial,Scarborough,21,At Intersection,Traffic Signal,Clear,Dry,Non-Fatal Injury,Pedestrian Collisions,15 to 19,None,,Driving Properly,Unknown,,,"-79.25159, 43.754245"
1222908,2011,13,Major Arterial,Scarborough,21,At Intersection,Traffic Signal,Clear,Dry,Non-Fatal Injury,Pedestrian Collisions,45 to 49,Major,,,,Crossing without right of way,,"-79.25159, 43.754245"
1232760,2011,13,Minor Arterial,Toronto and East York,11,,No Control,Clear,Dry,Non-Fatal Injury,Pedestrian Collisions,35 to 39,None,,Driving Properly,Normal,,,"-79.38259, 43.669745"
1232760,2011,13,Minor Arterial,Toronto and East York,11,,No Control,Clear,Dry,Non-Fatal Injury,Pedestrian Collisions,40 to 44,Major,,,,"Crossing, no Traffic Control",Unknown,"-79.38259, 43.669745"
1224139,2011,13,Major Arterial,Toronto and East York,19,At Intersection,Traffic Signal,Snow,Wet,Non-Fatal Injury,Pedestrian Collisions,65 to 69,None,,Disobeyed Traffic Control,Inattentive,,,"-79.319026, 43.700148"
1224139,2011,13,Major Arterial,Toronto and East York,19,At Intersection,Traffic Signal,Snow,Wet,Non-Fatal Injury,Pedestrian Collisions,50 to 54,Major,,,,Crossing with right of way,Normal,"-79.319026, 43.700148"
1185601,2010,13,Minor Arterial,Toronto and East York,13,,No Control,Rain,Wet,Non-Fatal Injury,Rear End,55 to 59,Major,,Driving Properly,Normal,,,"-79.36229, 43.662945"
1185601,2010,13,Minor Arterial,Toronto and East York,13,,No Control,Rain,Wet,Non-Fatal Injury,Rear End,unknown,None,,,,,,"-79.36229, 43.662945"
1185601,2010,13,Minor Arterial,Toronto and East York,13,,No Control,Rain,Wet,Non-Fatal Injury,Rear End,unknown,None,,Following too Close,Unknown,,,"-79.36229, 43.662945"
1184541,2010,13,Local,Etobicoke York,5,,No Control,Rain,Wet,Non-Fatal Injury,Pedestrian Collisions,unknown,,,,,,,"-79.46459, 43.683045"
1184541,2010,13,Local,Etobicoke York,5,,No Control,Rain,Wet,Non-Fatal Injury,Pedestrian Collisions,30 to 34,None,,Other,Inattentive,,,"-79.46459, 43.683045"
1184541,2010,13,Local,Etobicoke York,5,,No Control,Rain,Wet,Non-Fatal Injury,Pedestrian Collisions,75 to 79,Major,,,,On Sidewalk or Shoulder,Normal,"-79.46459, 43.683045"
1196444,2010,13,Major Arterial,North York,6,At Intersection,Traffic Signal,Clear,Dry,Non-Fatal Injury,Pedestrian Collisions,unknown,,,,,,,"-79.44759, 43.792045"
1196444,2010,13,Major Arterial,North York,6,At Intersection,Traffic Signal,Clear,Dry,Non-Fatal Injury,Pedestrian Collisions,20 to 24,None,,Failed to Yield Right of Way,Normal,,,"-79.44759, 43.792045"
1196444,2010,13,Major Arterial,North York,6,At Intersection,Traffic Signal,Clear,Dry,Non-Fatal Injury,Pedestrian Collisions,60 to 64,Major,,,,Crossing with right of way,Normal,"-79.44759, 43.792045"
1207896,2010,13,Minor Arterial,Toronto and East York,4,,No Control,Clear,Wet,Non-Fatal Injury,Pedestrian Collisions,75 to 79,None,,Driving Properly,Normal,,,"-79.45319, 43.658845"
1207896,2010,13,Minor Arterial,Toronto and East York,4,,No Control,Clear,Wet,Non-Fatal Injury,Pedestrian Collisions,85 to 89,Major,,,,Coming From Behind Parked Vehicle,Inattentive,"-79.45319, 43.658845"
1253623,2011,13,Major Arterial,Etobicoke York,1,,No Control,Clear,Dry,Fatal,Turning Movement,20 to 24,Fatal,24,Exceeding Speed Limit,Unknown,,,"-79.62099, 43.753945"
1246736,2011,13,Major Arterial,Scarborough,24,At Intersection,Traffic Signal,Clear,Dry,Fatal,Approaching,unknown,Minimal,,,,,,"-79.19949, 43.765445"
1279672,2012,13,Minor Arterial,Toronto and East York,14,At Intersection,Traffic Signal,Clear,Dry,Non-Fatal Injury,Turning Movement,65 to 69,Major,,,,,,"-79.34279, 43.667545"
1253770,2011,13,Minor Arterial,Toronto and East York,19,At Intersection,Stop Sign,Clear,Dry,Non-Fatal Injury,Pedestrian Collisions,50 to 54,None,,,,,,"-79.310367, 43.693915"
1279672,2012,13,Minor Arterial,Toronto and East York,14,At Intersection,Traffic Signal,Clear,Dry,Non-Fatal Injury,Turning Movement,40 to 44,Minimal,,Improper Turn,Normal,,,"-79.34279, 43.667545"
1253770,2011,13,Minor Arterial,Toronto and East York,19,At Intersection,Stop Sign,Clear,Dry,Non-Fatal Injury,Pedestrian Collisions,unknown,Major,,,,,,"-79.310367, 43.693915"
1246736,2011,13,Major Arterial,Scarborough,24,At Intersection,Traffic Signal,Clear,Dry,Fatal,Approaching,40 to 44,None,,,,,,"-79.19949, 43.765445"
1253770,2011,13,Minor Arterial,Toronto and East York,19,At Intersection,Stop Sign,Clear,Dry,Non-Fatal Injury,Pedestrian Collisions,unknown,None,,,,,,"-79.310367, 43.693915"
1269208,2011,13,Local,Etobicoke York,1,At Intersection,Stop Sign,Clear,Dry,Non-Fatal Injury,SMV Other,25 to 29,Minor,,,,,,"-79.55379, 43.702245"
1269208,2011,13,Local,Etobicoke York,1,At Intersection,Stop Sign,Clear,Dry,Non-Fatal Injury,SMV Other,30 to 34,Major,,Lost control,Other,,,"-79.55379, 43.702245"
1254931,2011,13,Minor Arterial,Scarborough,25,,No Control,Rain,Wet,Non-Fatal Injury,Cyclist Collisions,35 to 39,None,,Failed to Yield Right of Way,Normal,,,"-79.17909, 43.770045"
1254931,2011,13,Minor Arterial,Scarborough,25,,No Control,Rain,Wet,Non-Fatal Injury,Cyclist Collisions,35 to 39,Major,,,,,,"-79.17909, 43.770045"
1261623,2011,13,Major Arterial,Toronto and East York,4,,No Control,Clear,Other,Non-Fatal Injury,Pedestrian Collisions,unknown,None,,,,,,"-79.47629, 43.651145"
1261623,2011,13,Major Arterial,Toronto and East York,4,,No Control,Clear,Other,Non-Fatal Injury,Pedestrian Collisions,unknown,Major,,,,,,"-79.47629, 43.651145"
1234913,2011,13,Major Arterial,Etobicoke York,1,At Intersection,Traffic Signal,Clear,Dry,Non-Fatal Injury,Pedestrian Collisions,0 to 4,None,,,,,,"-79.56529, 43.737245"
1274629,2011,13,Major Arterial,Scarborough,24,At Intersection,Traffic Signal,Clear,Dry,Non-Fatal Injury,Rear End,unknown,,,,,,,"-79.23299, 43.779445"
1274629,2011,13,Major Arterial,Scarborough,24,At Intersection,Traffic Signal,Clear,Dry,Non-Fatal Injury,Rear End,45 to 49,None,,Driving Properly,Normal,,,"-79.23299, 43.779445"
1274629,2011,13,Major Arterial,Scarborough,24,At Intersection,Traffic Signal,Clear,Dry,Non-Fatal Injury,Rear End,unknown,None,,,,,,"-79.23299, 43.779445"
1274629,2011,13,Major Arterial,Scarborough,24,At Intersection,Traffic Signal,Clear,Dry,Non-Fatal Injury,Rear End,25 to 29,Major,,Following too Close,Inattentive,,,"-79.23299, 43.779445"
1274629,2011,13,Major Arterial,Scarborough,24,At Intersection,Traffic Signal,Clear,Dry,Non-Fatal Injury,Rear End,unknown,,,,,,,"-79.23299, 43.779445"
1274629,2011,13,Major Arterial,Scarborough,24,At Intersection,Traffic Signal,Clear,Dry,Non-Fatal Injury,Rear End,20 to 24,None,,Following too Close,Inattentive,,,"-79.23299, 43.779445"
1274299,2011,13,Minor Arterial,Etobicoke York,5,At Intersection,No Control,Clear,Dry,Non-Fatal Injury,Turning Movement,unknown,,,,,,,"-79.48129, 43.683545"
1274299,2011,13,Minor Arterial,Etobicoke York,5,At Intersection,No Control,Clear,Dry,Non-Fatal Injury,Turning Movement,75 to 79,Major,,Driving Properly,Normal,,,"-79.48129, 43.683545"
1274299,2011,13,Minor Arterial,Etobicoke York,5,At Intersection,No Control,Clear,Dry,Non-Fatal Injury,Turning Movement,55 to 59,Major,,Improper Turn,Inattentive,,,"-79.48129, 43.683545"
1266099,2011,13,Major Arterial,Toronto and East York,11,,No Control,Clear,Dry,Non-Fatal Injury,Rear End,unknown,,,,,,,"-79.39629, 43.673945"
1234913,2011,13,Major Arterial,Etobicoke York,1,At Intersection,Traffic Signal,Clear,Dry,Non-Fatal Injury,Pedestrian Collisions,35 to 39,None,,Driving Properly,Normal,,,"-79.56529, 43.737245"
1271043,2011,13,Major Arterial,Etobicoke York,7,,No Control,Clear,Dry,Non-Fatal Injury,Pedestrian Collisions,unknown,,,,,,,"-79.51619, 43.751245"
1271043,2011,13,Major Arterial,Etobicoke York,7,,No Control,Clear,Dry,Non-Fatal Injury,Pedestrian Collisions,40 to 44,None,,Driving Properly,Normal,,,"-79.51619, 43.751245"
1271043,2011,13,Major Arterial,Etobicoke York,7,,No Control,Clear,Dry,Non-Fatal Injury,Pedestrian Collisions,30 to 34,Major,,,,Other,Had Been Drinking,"-79.51619, 43.751245"
1282108,2011,13,Major Arterial,North York,8,,Traffic Signal,Clear,Dry,Non-Fatal Injury,Pedestrian Collisions,15 to 19,None,,Failed to Yield Right of Way,Normal,,,"-79.45759, 43.726945"
1282108,2011,13,Major Arterial,North York,8,,Traffic Signal,Clear,Dry,Non-Fatal Injury,Pedestrian Collisions,55 to 59,Major,,,,Crossing with right of way,Normal,"-79.45759, 43.726945"
1266099,2011,13,Major Arterial,Toronto and East York,11,,No Control,Clear,Dry,Non-Fatal Injury,Rear End,25 to 29,Major,,,,,,"-79.39629, 43.673945"
1266099,2011,13,Major Arterial,Toronto and East York,11,,No Control,Clear,Dry,Non-Fatal Injury,Rear End,unknown,,,,,,,"-79.39629, 43.673945"
1266099,2011,13,Major Arterial,Toronto and East York,11,,No Control,Clear,Dry,Non-Fatal Injury,Rear End,20 to 24,Minor,,Driving Properly,Normal,,,"-79.39629, 43.673945"
1266099,2011,13,Major Arterial,Toronto and East York,11,,No Control,Clear,Dry,Non-Fatal Injury,Rear End,20 to 24,None,,Driving Properly,Normal,,,"-79.39629, 43.673945"
1266099,2011,13,Major Arterial,Toronto and East York,11,,No Control,Clear,Dry,Non-Fatal Injury,Rear End,55 to 59,Major,,Following too Close,Normal,,,"-79.39629, 43.673945"
1234913,2011,13,Major Arterial,Etobicoke York,1,At Intersection,Traffic Signal,Clear,Dry,Non-Fatal Injury,Pedestrian Collisions,75 to 79,Major,,,,Crossing without right of way,Normal,"-79.56529, 43.737245"
1253623,2011,13,Major Arterial,Etobicoke York,1,,No Control,Clear,Dry,Fatal,Turning Movement,unknown,,,,,,,"-79.62099, 43.753945"
1253623,2011,13,Major Arterial,Etobicoke York,1,,No Control,Clear,Dry,Fatal,Turning Movement,unknown,,,,,,,"-79.62099, 43.753945"
1253623,2011,13,Major Arterial,Etobicoke York,1,,No Control,Clear,Dry,Fatal,Turning Movement,55 to 59,Minor,,Driving Properly,Normal,,,"-79.62099, 43.753945"
1253623,2011,13,Major Arterial,Etobicoke York,1,,No Control,Clear,Dry,Fatal,Turning Movement,unknown,,,,,,,"-79.62099, 43.753945"
1253623,2011,13,Major Arterial,Etobicoke York,1,,No Control,Clear,Dry,Fatal,Turning Movement,45 to 49,None,,Driving Properly,Normal,,,"-79.62099, 43.753945"
1247356,2011,13,Major Arterial,Toronto and East York,14,,No Control,Clear,Dry,Non-Fatal Injury,Pedestrian Collisions,25 to 29,None,,Driving Properly,Normal,,,"-79.33539, 43.680845"
1247356,2011,13,Major Arterial,Toronto and East York,14,,No Control,Clear,Dry,Non-Fatal Injury,Pedestrian Collisions,75 to 79,Major,,,,Coming From Behind Parked Vehicle,Inattentive,"-79.33539, 43.680845"
1275593,2012,13,Major Arterial,Scarborough,24,,No Control,Rain,Wet,Non-Fatal Injury,Rear End,0 to 4,Minimal,,,,,,"-79.20959, 43.763145"
1251014,2011,13,Local,Etobicoke York,5,,No Control,Clear,Dry,Non-Fatal Injury,Cyclist Collisions,unknown,None,,Other,Normal,,,"-79.46859, 43.689845"
1251014,2011,13,Local,Etobicoke York,5,,No Control,Clear,Dry,Non-Fatal Injury,Cyclist Collisions,10 to 14,Major,,,,,,"-79.46859, 43.689845"
1260223,2011,13,Major Arterial,Toronto and East York,11,At Intersection,Traffic Signal,Clear,Dry,Non-Fatal Injury,Turning Movement,15 to 19,Major,,,,,,"-79.41239, 43.668145"
1260223,2011,13,Major Arterial,Toronto and East York,11,At Intersection,Traffic Signal,Clear,Dry,Non-Fatal Injury,Turning Movement,35 to 39,Major,,Driving Properly,Normal,,,"-79.41239, 43.668145"
1260223,2011,13,Major Arterial,Toronto and East York,11,At Intersection,Traffic Signal,Clear,Dry,Non-Fatal Injury,Turning Movement,40 to 44,None,,Improper Turn,Normal,,,"-79.41239, 43.668145"
1275593,2012,13,Major Arterial,Scarborough,24,,No Control,Rain,Wet,Non-Fatal Injury,Rear End,0 to 4,Minimal,,,,,,"-79.20959, 43.763145"
1275593,2012,13,Major Arterial,Scarborough,24,,No Control,Rain,Wet,Non-Fatal Injury,Rear End,80 to 84,Minor,,Other,Medical or Physical Disability,,,"-79.20959, 43.763145"
1275593,2012,13,Major Arterial,Scarborough,24,,No Control,Rain,Wet,Non-Fatal Injury,Rear End,unknown,Minimal,,,,,,"-79.20959, 43.763145"
1275593,2012,13,Major Arterial,Scarborough,24,,No Control,Rain,Wet,Non-Fatal Injury,Rear End,25 to 29,Minimal,,,,,,"-79.20959, 43.763145"
1275593,2012,13,Major Arterial,Scarborough,24,,No Control,Rain,Wet,Non-Fatal Injury,Rear End,35 to 39,Major,,Driving Properly,Normal,,,"-79.20959, 43.763145"
1286830,2012,13,Major Arterial,Toronto and East York,11,At Intersection,Traffic Signal,Snow,Wet,Non-Fatal Injury,Cyclist Collisions,30 to 34,None,,Failed to Yield Right of Way,Normal,,,"-79.41319, 43.670045"
1286830,2012,13,Major Arterial,Toronto and East York,11,At Intersection,Traffic Signal,Snow,Wet,Non-Fatal Injury,Cyclist Collisions,30 to 34,Major,,,,,,"-79.41319, 43.670045"
1288672,2012,13,Collector,Toronto and East York,12,At Intersection,Stop Sign,Clear,Dry,Non-Fatal Injury,Cyclist Collisions,65 to 69,Major,,Failed to Yield Right of Way,Normal,,,"-79.40639, 43.690045"
1288672,2012,13,Collector,Toronto and East York,12,At Intersection,Stop Sign,Clear,Dry,Non-Fatal Injury,Cyclist Collisions,35 to 39,Minimal,,,,,,"-79.40639, 43.690045"
1279672,2012,13,Minor Arterial,Toronto and East York,14,At Intersection,Traffic Signal,Clear,Dry,Non-Fatal Injury,Turning Movement,0 to 4,None,,,,,,"-79.34279, 43.667545"
1279672,2012,13,Minor Arterial,Toronto and East York,14,At Intersection,Traffic Signal,Clear,Dry,Non-Fatal Injury,Turning Movement,35 to 39,Minimal,,Driving Properly,Normal,,,"-79.34279, 43.667545"
1279672,2012,13,Minor Arterial,Toronto and East York,14,At Intersection,Traffic Signal,Clear,Dry,Non-Fatal Injury,Turning Movement,45 to 49,None,,,,,,"-79.34279, 43.667545"
1246736,2011,13,Major Arterial,Scarborough,24,At Intersection,Traffic Signal,Clear,Dry,Fatal,Approaching,unknown,Major,,,,,,"-79.19949, 43.765445"
1251239,2011,13,Major Arterial,Scarborough,22,At Intersection,Traffic Signal,Clear,Dry,Non-Fatal Injury,Turning Movement,15 to 19,Major,,Disobeyed Traffic Control,Inattentive,,,"-79.29349, 43.782145"
1251239,2011,13,Major Arterial,Scarborough,22,At Intersection,Traffic Signal,Clear,Dry,Non-Fatal Injury,Turning Movement,35 to 39,Minimal,,Driving Properly,Normal,,,"-79.29349, 43.782145"
1246736,2011,13,Major Arterial,Scarborough,24,At Intersection,Traffic Signal,Clear,Dry,Fatal,Approaching,65 to 69,Fatal,15,,,,,"-79.19949, 43.765445"
1246736,2011,13,Major Arterial,Scarborough,24,At Intersection,Traffic Signal,Clear,Dry,Fatal,Approaching,unknown,Minimal,,,,,,"-79.19949, 43.765445"
1246736,2011,13,Major Arterial,Scarborough,24,At Intersection,Traffic Signal,Clear,Dry,Fatal,Approaching,unknown,Minimal,,,,,,"-79.19949, 43.765445"
1244535,2011,13,Major Arterial,Toronto and East York,12,,No Control,Clear,Dry,Non-Fatal Injury,Pedestrian Collisions,unknown,,,,,,,"-79.39539, 43.707245"
1244535,2011,13,Major Arterial,Toronto and East York,12,,No Control,Clear,Dry,Non-Fatal Injury,Pedestrian Collisions,35 to 39,None,,Other,Normal,,,"-79.39539, 43.707245"
1244535,2011,13,Major Arterial,Toronto and East York,12,,No Control,Clear,Dry,Non-Fatal Injury,Pedestrian Collisions,85 to 89,Major,,,,Other,Normal,"-79.39539, 43.707245"
1244686,2011,13,Major Arterial,North York,,,No Control,Clear,Dry,Non-Fatal Injury,Pedestrian Collisions,unknown,,,,,,,"-79.40699, 43.745245"
1244686,2011,13,Major Arterial,North York,,,No Control,Clear,Dry,Non-Fatal Injury,Pedestrian Collisions,25 to 29,Minor,,Exceeding Speed Limit,Normal,,,"-79.40699, 43.745245"
1244686,2011,13,Major Arterial,North York,,,No Control,Clear,Dry,Non-Fatal Injury,Pedestrian Collisions,15 to 19,Major,,,,On Sidewalk or Shoulder,Normal,"-79.40699, 43.745245"
1237771,2011,13,Major Arterial,North York,,,No Control,Clear,Dry,Fatal,Pedestrian Collisions,50 to 54,None,,Other,Normal,,,"-79.44589, 43.785945"
1237771,2011,13,Major Arterial,North York,,,No Control,Clear,Dry,Fatal,Pedestrian Collisions,80 to 84,Fatal,9,,,Other,Normal,"-79.44589, 43.785945"
1238504,2011,13,Major Arterial,North York,,At Intersection,No Control,Clear,Dry,Non-Fatal Injury,Sideswipe,25 to 29,None,,Improper Lane Change,Normal,,,"-79.40029, 43.706345"
1238504,2011,13,Major Arterial,North York,,At Intersection,No Control,Clear,Dry,Non-Fatal Injury,Sideswipe,25 to 29,Major,,Driving Properly,Normal,,,"-79.40029, 43.706345"
1238504,2011,13,Major Arterial,North York,,At Intersection,No Control,Clear,Dry,Non-Fatal Injury,Sideswipe,unknown,None,,,,,,"-79.40029, 43.706345"
1318798,2012,13,Collector,Etobicoke York,7,At Intersection,No Control,Rain,Wet,Non-Fatal Injury,Approaching,unknown,,,,,,,"-79.52609, 43.737345"
1318798,2012,13,Collector,Etobicoke York,7,At Intersection,No Control,Rain,Wet,Non-Fatal Injury,Approaching,45 to 49,None,,Driving Properly,Normal,,,"-79.52609, 43.737345"
1318798,2012,13,Collector,Etobicoke York,7,At Intersection,No Control,Rain,Wet,Non-Fatal Injury,Approaching,30 to 34,Major,,Speed too Fast For Condition,Inattentive,,,"-79.52609, 43.737345"
1318798,2012,13,Collector,Etobicoke York,7,At Intersection,No Control,Rain,Wet,Non-Fatal Injury,Approaching,unknown,,,,,,,"-79.52609, 43.737345"
1320320,2012,13,Collector,North York,17,,No Control,Rain,Wet,Non-Fatal Injury,Pedestrian Collisions,25 to 29,Major,,,,Other,,"-79.36059, 43.798645"
1320320,2012,13,Collector,North York,17,,No Control,Rain,Wet,Non-Fatal Injury,Pedestrian Collisions,25 to 29,None,,Other,Normal,,,"-79.36059, 43.798645"
1311498,2012,13,Minor Arterial,Toronto and East York,10,At Intersection,Traffic Signal,Clear,Dry,Non-Fatal Injury,Rear End,30 to 34,Minimal,,,,,,"-79.38269, 43.639545"
1311498,2012,13,Minor Arterial,Toronto and East York,10,At Intersection,Traffic Signal,Clear,Dry,Non-Fatal Injury,Rear End,25 to 29,Minimal,,,,,,"-79.38269, 43.639545"
1311498,2012,13,Minor Arterial,Toronto and East York,10,At Intersection,Traffic Signal,Clear,Dry,Non-Fatal Injury,Rear End,unknown,,,,,,,"-79.38269, 43.639545"
1306980,2012,13,Major Arterial,Etobicoke York,,At Intersection,No Control,Clear,Dry,Non-Fatal Injury,Pedestrian Collisions,65 to 69,None,,Lost control,Other,,,"-79.51249, 43.739545"
1326902,2012,13,Collector,Etobicoke York,5,,No Control,Clear,Dry,Non-Fatal Injury,Rear End,70 to 74,Major,,Driving Properly,Normal,,,"-79.530689, 43.708346"
1326902,2012,13,Collector,Etobicoke York,5,,No Control,Clear,Dry,Non-Fatal Injury,Rear End,35 to 39,Major,,Following too Close,Inattentive,,,"-79.530689, 43.708346"
1328482,2012,13,Minor Arterial,Toronto and East York,13,At Intersection,Traffic Signal,Clear,Dry,Non-Fatal Injury,Pedestrian Collisions,20 to 24,None,,Failed to Yield Right of Way,Normal,,,"-79.36799, 43.664245"
1328482,2012,13,Minor Arterial,Toronto and East York,13,At Intersection,Traffic Signal,Clear,Dry,Non-Fatal Injury,Pedestrian Collisions,60 to 64,Major,,,,Crossing with right of way,Normal,"-79.36799, 43.664245"
1311498,2012,13,Minor Arterial,Toronto and East York,10,At Intersection,Traffic Signal,Clear,Dry,Non-Fatal Injury,Rear End,85 to 89,Major,,,,,,"-79.38269, 43.639545"
1306980,2012,13,Major Arterial,Etobicoke York,,At Intersection,No Control,Clear,Dry,Non-Fatal Injury,Pedestrian Collisions,75 to 79,Major,,,,On Sidewalk or Shoulder,Unknown,"-79.51249, 43.739545"
1311498,2012,13,Minor Arterial,Toronto and East York,10,At Intersection,Traffic Signal,Clear,Dry,Non-Fatal Injury,Rear End,25 to 29,Minimal,,Lost control,Inattentive,,,"-79.38269, 43.639545"
1311498,2012,13,Minor Arterial,Toronto and East York,10,At Intersection,Traffic Signal,Clear,Dry,Non-Fatal Injury,Rear End,50 to 54,Minimal,,,,,,"-79.38269, 43.639545"
1324964,2012,13,Major Arterial,North York,8,,No Control,Clear,Dry,Non-Fatal Injury,Rear End,unknown,,,,,,,"-79.411693, 43.711745"
1324964,2012,13,Major Arterial,North York,8,,No Control,Clear,Dry,Non-Fatal Injury,Rear End,20 to 24,None,,Improper Passing,Normal,,,"-79.411693, 43.711745"
1324964,2012,13,Major Arterial,North York,8,,No Control,Clear,Dry,Non-Fatal Injury,Rear End,25 to 29,Major,,,,,,"-79.411693, 43.711745"
1311498,2012,13,Minor Arterial,Toronto and East York,10,At Intersection,Traffic Signal,Clear,Dry,Non-Fatal Injury,Rear End,55 to 59,Minimal,,Driving Properly,Normal,,,"-79.38269, 43.639545"
1311498,2012,13,Minor Arterial,Toronto and East York,10,At Intersection,Traffic Signal,Clear,Dry,Non-Fatal Injury,Rear End,unknown,,,,,,,"-79.38269, 43.639545"
1294470,2012,13,Major Arterial,Etobicoke York,2,,Stop Sign,Clear,Dry,Non-Fatal Injury,Cyclist Collisions,60 to 64,None,,Failed to Yield Right of Way,Inattentive,,,"-79.54669, 43.667645"
1294470,2012,13,Major Arterial,Etobicoke York,2,,Stop Sign,Clear,Dry,Non-Fatal Injury,Cyclist Collisions,50 to 54,Major,,,,,,"-79.54669, 43.667645"
1304939,2012,13,Major Arterial,Toronto and East York,,At Intersection,Traffic Signal,Clear,Dry,Non-Fatal Injury,Cyclist Collisions,25 to 29,None,,Driving Properly,Normal,,,"-79.41089, 43.651345"
1304939,2012,13,Major Arterial,Toronto and East York,,At Intersection,Traffic Signal,Clear,Dry,Non-Fatal Injury,Cyclist Collisions,40 to 44,Major,,,,,,"-79.41089, 43.651345"
1311498,2012,13,Minor Arterial,Toronto and East York,10,At Intersection,Traffic Signal,Clear,Dry,Non-Fatal Injury,Rear End,10 to 14,Minor,,,,,,"-79.38269, 43.639545"
1311498,2012,13,Minor Arterial,Toronto and East York,10,At Intersection,Traffic Signal,Clear,Dry,Non-Fatal Injury,Rear End,25 to 29,Minimal,,,,,,"-79.38269, 43.639545"
1311498,2012,13,Minor Arterial,Toronto and East York,10,At Intersection,Traffic Signal,Clear,Dry,Non-Fatal Injury,Rear End,10 to 14,Minor,,,,,,"-79.38269, 43.639545"
1311498,2012,13,Minor Arterial,Toronto and East York,10,At Intersection,Traffic Signal,Clear,Dry,Non-Fatal Injury,Rear End,55 to 59,Minimal,,,,,,"-79.38269, 43.639545"
1311498,2012,13,Minor Arterial,Toronto and East York,10,At Intersection,Traffic Signal,Clear,Dry,Non-Fatal Injury,Rear End,35 to 39,Minimal,,,,,,"-79.38269, 43.639545"
1311498,2012,13,Minor Arterial,Toronto and East York,10,At Intersection,Traffic Signal,Clear,Dry,Non-Fatal Injury,Rear End,50 to 54,Minor,,,,,,"-79.38269, 43.639545"
1311498,2012,13,Minor Arterial,Toronto and East York,10,At Intersection,Traffic Signal,Clear,Dry,Non-Fatal Injury,Rear End,45 to 49,Minor,,,,,,"-79.38269, 43.639545"
1311498,2012,13,Minor Arterial,Toronto and East York,10,At Intersection,Traffic Signal,Clear,Dry,Non-Fatal Injury,Rear End,40 to 44,Minimal,,,,,,"-79.38269, 43.639545"
1311498,2012,13,Minor Arterial,Toronto and East York,10,At Intersection,Traffic Signal,Clear,Dry,Non-Fatal Injury,Rear End,55 to 59,Minimal,,,,,,"-79.38269, 43.639545"
1311498,2012,13,Minor Arterial,Toronto and East York,10,At Intersection,Traffic Signal,Clear,Dry,Non-Fatal Injury,Rear End,55 to 59,Minimal,,,,,,"-79.38269, 43.639545"
1311498,2012,13,Minor Arterial,Toronto and East York,10,At Intersection,Traffic Signal,Clear,Dry,Non-Fatal Injury,Rear End,55 to 59,Minimal,,,,,,"-79.38269, 43.639545"
1330074,2012,13,Major Arterial,Toronto and East York,11,,No Control,Clear,Dry,Non-Fatal Injury,Cyclist Collisions,55 to 59,None,,Other,Normal,,,"-79.42189, 43.654544"
1330074,2012,13,Major Arterial,Toronto and East York,11,,No Control,Clear,Dry,Non-Fatal Injury,Cyclist Collisions,20 to 24,Major,,,,,,"-79.42189, 43.654544"
1335535,2012,13,Major Arterial,Toronto and East York,12,At Intersection,Stop Sign,Clear,Dry,Non-Fatal Injury,Pedestrian Collisions,unknown,,,,,,,"-79.39149, 43.708145"
1335535,2012,13,Major Arterial,Toronto and East York,12,At Intersection,Stop Sign,Clear,Dry,Non-Fatal Injury,Pedestrian Collisions,30 to 34,None,,Failed to Yield Right of Way,Unknown,,,"-79.39149, 43.708145"
1335535,2012,13,Major Arterial,Toronto and East York,12,At Intersection,Stop Sign,Clear,Dry,Non-Fatal Injury,Pedestrian Collisions,25 to 29,Major,,,,Crossing with right of way,Normal,"-79.39149, 43.708145"
1290286,2012,13,Major Arterial,North York,,,Traffic Signal,Clear,Dry,Non-Fatal Injury,Cyclist Collisions,65 to 69,None,,Driving Properly,Normal,,,"-79.30559, 43.731845"
1290286,2012,13,Major Arterial,North York,,,Traffic Signal,Clear,Dry,Non-Fatal Injury,Cyclist Collisions,unknown,,,,,,,"-79.30559, 43.731845"
1290286,2012,13,Major Arterial,North York,,,Traffic Signal,Clear,Dry,Non-Fatal Injury,Cyclist Collisions,35 to 39,None,,Lost control,Inattentive,,,"-79.30559, 43.731845"
1300648,2012,13,Collector,Toronto and East York,4,,No Control,Clear,Dry,Non-Fatal Injury,Pedestrian Collisions,unknown,,,,,,,"-79.44459, 43.649045"
1290286,2012,13,Major Arterial,North York,,,Traffic Signal,Clear,Dry,Non-Fatal Injury,Cyclist Collisions,50 to 54,Major,,,,,,"-79.30559, 43.731845"