ACCNUM,YEAR,HOUR,ROAD_CLASS,District,WardNum,ACCLOC,TRAFFCTL,VISIBILITY,RDSFCOND,ACCLASS,IMPACTYPE,INVAGE,INJURY,FATAL_NO,DRIVACT,DRIVCOND,PEDACT,PEDCOND,geometry
1175069,2010,14,Major Arterial,Toronto and East York,14,,No Control,Rain,Wet,Non-Fatal Injury,Pedestrian Collisions,unknown,,,,,,,"-79.34919, 43.690545"
1175069,2010,14,Major Arterial,Toronto and East York,14,,No Control,Rain,Wet,Non-Fatal Injury,Pedestrian Collisions,15 to 19,None,,Driving Properly,Normal,,,"-79.34919, 43.690545"
1175069,2010,14,Major Arterial,Toronto and East York,14,,No Control,Rain,Wet,Non-Fatal Injury,Pedestrian Collisions,15 to 19,Major,,,,Crossing without right of way,Inattentive,"-79.34919, 43.690545"
1134663,2009,14,Major Arterial,Scarborough,21,At Intersection,Traffic Signal,Clear,Dry,Fatal,Pedestrian Collisions,85 to 89,Fatal,37,,,Crossing with right of way,Unknown,"-79.25879, 43.736045"
1136343,2009,14,Local,Toronto and East York,4,,Stop Sign,Clear,Dry,Non-Fatal Injury,Cyclist Collisions,unknown,,,,,,,"-79.43919, 43.643545"
1136343,2009,14,Local,Toronto and East York,4,,Stop Sign,Clear,Dry,Non-Fatal Injury,Cyclist Collisions,50 to 54,None,,Failed to Yield Right of Way,Unknown,,,"-79.43919, 43.643545"
1136343,2009,14,Local,Toronto and East York,4,,Stop Sign,Clear,Dry,Non-Fatal Injury,Cyclist Collisions,25 to 29,Major,,,,,,"-79.43919, 43.643545"
1141415,2009,14,Minor Arterial,Scarborough,,At Intersection,Traffic Signal,Clear,Dry,Non-Fatal Injury,Pedestrian Collisions,unknown,,,,,,,"-79.22169, 43.809145"
1141415,2009,14,Minor Arterial,Scarborough,,At Intersection,Traffic Signal,Clear,Dry,Non-Fatal Injury,Pedestrian Collisions,35 to 39,None,,Failed to Yield Right of Way,Normal,,,"-79.22169, 43.809145"
1141415,2009,14,Minor Arterial,Scarborough,,At Intersection,Traffic Signal,Clear,Dry,Non-Fatal Injury,Pedestrian Collisions,75 to 79,Major,,,,Crossing with right of way,Normal,"-79.22169, 43.809145"
1137408,2009,14,Major Arterial,Etobicoke York,7,,Traffic Signal,Clear,Dry,Non-Fatal Injury,Pedestrian Collisions,35 to 39,Major,,,,Crossing with right of way,Normal,"-79.54649, 43.770245"
1137408,2009,14,Major Arterial,Etobicoke York,7,,Traffic Signal,Clear,Dry,Non-Fatal Injury,Pedestrian Collisions,unknown,None,,Failed to Yield Right of Way,Unknown,,,"-79.54649, 43.770245"
1232009,2011,14,Major Arterial,North York,,,Traffic Signal,Clear,Dry,Non-Fatal Injury,Rear End,40 to 44,None,,,,,,"-79.40669, 43.744145"
1133034,2009,14,Major Arterial,Toronto and East York,,,Traffic Signal,Rain,Wet,Fatal,Pedestrian Collisions,60 to 64,None,,Driving Properly,Normal,,,"-79.37689, 43.672345"
1133034,2009,14,Major Arterial,Toronto and East York,,,Traffic Signal,Rain,Wet,Fatal,Pedestrian Collisions,40 to 44,Fatal,31,,,"Crossing, no Traffic Control",Inattentive,"-79.37689, 43.672345"
1186961,2010,14,Major Arterial,Toronto and East York,11,At Intersection,No Control,Clear,Dry,Non-Fatal Injury,Rear End,unknown,,,,,,,"-79.39689, 43.675545"
1186961,2010,14,Major Arterial,Toronto and East York,11,At Intersection,No Control,Clear,Dry,Non-Fatal Injury,Rear End,25 to 29,None,,Following too Close,Inattentive,,,"-79.39689, 43.675545"
1186961,2010,14,Major Arterial,Toronto and East York,11,At Intersection,No Control,Clear,Dry,Non-Fatal Injury,Rear End,40 to 44,Major,,Driving Properly,Normal,,,"-79.39689, 43.675545"
1198255,2010,14,Major Arterial,North York,18,At Intersection,Stop Sign,Clear,Dry,Non-Fatal Injury,Turning Movement,30 to 34,Major,,Driving Properly,Normal,,,"-79.41359, 43.771945"
1232009,2011,14,Major Arterial,North York,,,Traffic Signal,Clear,Dry,Non-Fatal Injury,Rear End,70 to 74,Major,,Following too Close,Other,,,"-79.40669, 43.744145"
1232009,2011,14,Major Arterial,North York,,,Traffic Signal,Clear,Dry,Non-Fatal Injury,Rear End,40 to 44,None,,Driving Properly,Normal,,,"-79.40669, 43.744145"
1232010,2011,14,Major Arterial,North York,,,No Control,Clear,Dry,Non-Fatal Injury,Sideswipe,70 to 74,Major,,Lost control,Other,,,"-79.40619, 43.741845"
1232010,2011,14,Major Arterial,North York,,,No Control,Clear,Dry,Non-Fatal Injury,Sideswipe,60 to 64,Minor,,Driving Properly,Normal,,,"-79.40619, 43.741845"
1232010,2011,14,Major Arterial,North York,,,No Control,Clear,Dry,Non-Fatal Injury,Sideswipe,50 to 54,None,,Driving Properly,Normal,,,"-79.40619, 43.741845"
1232073,2011,14,Minor Arterial,Toronto and East York,9,,No Control,Clear,Dry,Non-Fatal Injury,Pedestrian Collisions,15 to 19,Major,,,,Coming From Behind Parked Vehicle,Inattentive,"-79.44159, 43.672845"
1232073,2011,14,Minor Arterial,Toronto and East York,9,,No Control,Clear,Dry,Non-Fatal Injury,Pedestrian Collisions,25 to 29,Minor,,Improper Passing,Unknown,,,"-79.44159, 43.672845"
1232073,2011,14,Minor Arterial,Toronto and East York,9,,No Control,Clear,Dry,Non-Fatal Injury,Pedestrian Collisions,50 to 54,None,,Driving Properly,Normal,,,"-79.44159, 43.672845"
1232073,2011,14,Minor Arterial,Toronto and East York,9,,No Control,Clear,Dry,Non-Fatal Injury,Pedestrian Collisions,unknown,None,,,,,,"-79.44159, 43.672845"
1232073,2011,14,Minor Arterial,Toronto and East York,9,,No Control,Clear,Dry,Non-Fatal Injury,Pedestrian Collisions,unknown,,,,,,,"-79.44159, 43.672845"
1234879,2011,14,Major Arterial,North York,18,At Intersection,Traffic Signal,Clear,Wet,Non-Fatal Injury,Pedestrian Collisions,unknown,None,,Improper Turn,Unknown,,,"-79.41229, 43.780445"
1234879,2011,14,Major Arterial,North York,18,At Intersection,Traffic Signal,Clear,Wet,Non-Fatal Injury,Pedestrian Collisions,55 to 59,Major,,,,"Crossing, no Traffic Control",Normal,"-79.41229, 43.780445"
1198255,2010,14,Major Arterial,North York,18,At Intersection,Stop Sign,Clear,Dry,Non-Fatal Injury,Turning Movement,65 to 69,None,,Failed to Yield Right of Way,Inattentive,,,"-79.41359, 43.771945"
1188020,2010,14,Pending,Scarborough,25,,No Control,Clear,Dry,Non-Fatal Injury,Pedestrian Collisions,unknown,None,,Other,Unknown,,,"-79.21619, 43.819245"
1188020,2010,14,Pending,Scarborough,25,,No Control,Clear,Dry,Non-Fatal Injury,Pedestrian Collisions,40 to 44,Major,,,,On Sidewalk or Shoulder,"Ability Impaired, Drugs","-79.21619, 43.819245"
1245730,2011,14,Major Arterial,Toronto and East York,12,,No Control,Clear,Dry,Non-Fatal Injury,Turning Movement,unknown,,,,,,,"-79.39739, 43.702145"
1245730,2011,14,Major Arterial,Toronto and East York,12,,No Control,Clear,Dry,Non-Fatal Injury,Turning Movement,45 to 49,None,,Improper Lane Change,Inattentive,,,"-79.39739, 43.702145"
1245730,2011,14,Major Arterial,Toronto and East York,12,,No Control,Clear,Dry,Non-Fatal Injury,Turning Movement,unknown,None,,,,,,"-79.39739, 43.702145"
1245730,2011,14,Major Arterial,Toronto and East York,12,,No Control,Clear,Dry,Non-Fatal Injury,Turning Movement,25 to 29,Major,,Driving Properly,Normal,,,"-79.39739, 43.702145"
1218634,2011,14,Minor Arterial,Toronto and East York,14,At Intersection,Traffic Signal,Clear,Dry,Non-Fatal Injury,Pedestrian Collisions,unknown,,,,,,,"-79.34009, 43.661045"
1218634,2011,14,Minor Arterial,Toronto and East York,14,At Intersection,Traffic Signal,Clear,Dry,Non-Fatal Injury,Pedestrian Collisions,50 to 54,None,,Improper Turn,Normal,,,"-79.34009, 43.661045"
1218634,2011,14,Minor Arterial,Toronto and East York,14,At Intersection,Traffic Signal,Clear,Dry,Non-Fatal Injury,Pedestrian Collisions,0 to 4,Major,,,,Crossing with right of way,Normal,"-79.34009, 43.661045"
1218634,2011,14,Minor Arterial,Toronto and East York,14,At Intersection,Traffic Signal,Clear,Dry,Non-Fatal Injury,Pedestrian Collisions,35 to 39,Minor,,,,Crossing with right of way,Normal,"-79.34009, 43.661045"
1220073,2011,14,Major Arterial,Toronto and East York,10,,No Control,Snow,Wet,Non-Fatal Injury,Pedestrian Collisions,20 to 24,Major,,,,Walking on Roadway Against Traffic,"Ability Impaired, Alcohol","-79.38579, 43.651045"
1220073,2011,14,Major Arterial,Toronto and East York,10,,No Control,Snow,Wet,Non-Fatal Injury,Pedestrian Collisions,unknown,,,,,,,"-79.38579, 43.651045"
1220073,2011,14,Major Arterial,Toronto and East York,10,,No Control,Snow,Wet,Non-Fatal Injury,Pedestrian Collisions,40 to 44,None,,Driving Properly,Unknown,,,"-79.38579, 43.651045"
1211140,2011,14,Major Arterial,Toronto and East York,10,,No Control,Clear,Wet,Non-Fatal Injury,Pedestrian Collisions,50 to 54,None,,Failed to Yield Right of Way,Normal,,,"-79.403354, 43.645503"
1211140,2011,14,Major Arterial,Toronto and East York,10,,No Control,Clear,Wet,Non-Fatal Injury,Pedestrian Collisions,50 to 54,Major,,,,Crossing with right of way,Normal,"-79.403354, 43.645503"
1203098,2010,14,Minor Arterial,Etobicoke York,3,,Traffic Signal,Clear,Dry,Non-Fatal Injury,Pedestrian Collisions,85 to 89,None,,Failed to Yield Right of Way,Normal,,,"-79.49889, 43.617445"
1203098,2010,14,Minor Arterial,Etobicoke York,3,,Traffic Signal,Clear,Dry,Non-Fatal Injury,Pedestrian Collisions,65 to 69,Major,,,,Crossing with right of way,Normal,"-79.49889, 43.617445"
1205839,2010,14,Major Arterial,Toronto and East York,10,At Intersection,Traffic Signal,Clear,Dry,Non-Fatal Injury,Turning Movement,25 to 29,Major,,Driving Properly,Normal,,,"-79.41979, 43.630445"
1205839,2010,14,Major Arterial,Toronto and East York,10,At Intersection,Traffic Signal,Clear,Dry,Non-Fatal Injury,Turning Movement,70 to 74,None,,Improper Turn,Normal,,,"-79.41979, 43.630445"
1210705,2010,14,Collector,Etobicoke York,1,At Intersection,Stop Sign,Clear,Dry,Non-Fatal Injury,Angle,40 to 44,None,,Disobeyed Traffic Control,Inattentive,,,"-79.60759, 43.738645"
1210705,2010,14,Collector,Etobicoke York,1,At Intersection,Stop Sign,Clear,Dry,Non-Fatal Injury,Angle,5 to 9,Minor,,,,,,"-79.60759, 43.738645"
1210705,2010,14,Collector,Etobicoke York,1,At Intersection,Stop Sign,Clear,Dry,Non-Fatal Injury,Angle,10 to 14,Major,,,,,,"-79.60759, 43.738645"
1210705,2010,14,Collector,Etobicoke York,1,At Intersection,Stop Sign,Clear,Dry,Non-Fatal Injury,Angle,65 to 69,Minor,,,,,,"-79.60759, 43.738645"
1210705,2010,14,Collector,Etobicoke York,1,At Intersection,Stop Sign,Clear,Dry,Non-Fatal Injury,Angle,35 to 39,Minor,,Driving Properly,Normal,,,"-79.60759, 43.738645"
1205981,2010,14,Minor Arterial,Toronto and East York,4,At Intersection,Traffic Signal,Clear,Loose Snow,Non-Fatal Injury,Pedestrian Collisions,35 to 39,None,,Failed to Yield Right of Way,Inattentive,,,"-79.47999, 43.660045"
1205981,2010,14,Minor Arterial,Toronto and East York,4,At Intersection,Traffic Signal,Clear,Loose Snow,Non-Fatal Injury,Pedestrian Collisions,80 to 84,Major,,,,Crossing with right of way,Normal,"-79.47999, 43.660045"
1176276,2010,14,Minor Arterial,Toronto and East York,14,,No Control,Clear,Dry,Non-Fatal Injury,Pedestrian Collisions,unknown,None,,Driving Properly,Unknown,,,"-79.33489, 43.662245"
1176276,2010,14,Minor Arterial,Toronto and East York,14,,No Control,Clear,Dry,Non-Fatal Injury,Pedestrian Collisions,30 to 34,Major,,,,"Crossing, no Traffic Control",Other,"-79.33489, 43.662245"
1183681,2010,14,Major Arterial,Toronto and East York,13,At Intersection,Traffic Signal,Clear,Dry,Non-Fatal Injury,Cyclist Collisions,50 to 54,None,,Improper Turn,Normal,,,"-79.37709, 43.656445"
1183681,2010,14,Major Arterial,Toronto and East York,13,At Intersection,Traffic Signal,Clear,Dry,Non-Fatal Injury,Cyclist Collisions,50 to 54,Major,,,,,,"-79.37709, 43.656445"
1187759,2010,14,Major Arterial,Toronto and East York,9,,No Control,Clear,Dry,Non-Fatal Injury,Pedestrian Collisions,20 to 24,None,,Driving Properly,Normal,,,"-79.43229, 43.660545"
1187759,2010,14,Major Arterial,Toronto and East York,9,,No Control,Clear,Dry,Non-Fatal Injury,Pedestrian Collisions,10 to 14,Major,,,,Running onto Roadway,,"-79.43229, 43.660545"
1272453,2011,14,Major Arterial,North York,,At Intersection,Traffic Signal,Clear,Wet,Non-Fatal Injury,Turning Movement,50 to 54,None,,Failed to Yield Right of Way,"Ability Impaired, Alcohol",,,"-79.31529, 43.757845"
1272453,2011,14,Major Arterial,North York,,At Intersection,Traffic Signal,Clear,Wet,Non-Fatal Injury,Turning Movement,0 to 4,Minor,,,,,,"-79.31529, 43.757845"
1272453,2011,14,Major Arterial,North York,,At Intersection,Traffic Signal,Clear,Wet,Non-Fatal Injury,Turning Movement,30 to 34,Major,,Driving Properly,Normal,,,"-79.31529, 43.757845"
1288652,2012,14,Major Arterial,North York,15,,No Control,Clear,Dry,Non-Fatal Injury,Rear End,65 to 69,Minimal,,Driving Properly,Normal,,,"-79.38709, 43.728245"
1288652,2012,14,Major Arterial,North York,15,,No Control,Clear,Dry,Non-Fatal Injury,Rear End,unknown,,,,,,,"-79.38709, 43.728245"
1288652,2012,14,Major Arterial,North York,15,,No Control,Clear,Dry,Non-Fatal Injury,Rear End,60 to 64,None,,Driving Properly,Normal,,,"-79.38709, 43.728245"
1288652,2012,14,Major Arterial,North York,15,,No Control,Clear,Dry,Non-Fatal Injury,Rear End,65 to 69,Major,,Following too Close,Inattentive,,,"-79.38709, 43.728245"
1289419,2012,14,Major Arterial,Toronto and East York,10,At Intersection,Traffic Signal,Clear,Wet,Non-Fatal Injury,Cyclist Collisions,50 to 54,None,,Failed to Yield Right of Way,Inattentive,,,"-79.40529, 43.643345"
1289419,2012,14,Major Arterial,Toronto and East York,10,At Intersection,Traffic Signal,Clear,Wet,Non-Fatal Injury,Cyclist Collisions,20 to 24,Major,,,,,,"-79.40529, 43.643345"
1289501,2012,14,Minor Arterial,Toronto and East York,,At Intersection,Traffic Signal,Clear,Wet,Non-Fatal Injury,Other,70 to 74,Major,,,,,,"-79.31659, 43.666345"
1289501,2012,14,Minor Arterial,Toronto and East York,,At Intersection,Traffic Signal,Clear,Wet,Non-Fatal Injury,Other,unknown,,,,,,,"-79.31659, 43.666345"
1289501,2012,14,Minor Arterial,Toronto and East York,,At Intersection,Traffic Signal,Clear,Wet,Non-Fatal Injury,Other,35 to 39,None,,Driving Properly,Normal,,,"-79.31659, 43.666345"
1265429,2011,14,Major Arterial,Toronto and East York,13,,Stop Sign,Clear,Dry,Non-Fatal Injury,Pedestrian Collisions,85 to 89,Major,,,,Crossing without right of way,Inattentive,"-79.38589, 43.667945"
1265429,2011,14,Major Arterial,Toronto and East York,13,,Stop Sign,Clear,Dry,Non-Fatal Injury,Pedestrian Collisions,unknown,,,,,,,"-79.38589, 43.667945"
1256019,2011,14,Collector,Scarborough,24,At Intersection,Traffic Signal,Clear,Dry,Non-Fatal Injury,Turning Movement,0 to 4,Major,,,,,,"-79.25119, 43.779645"
1271644,2011,14,Minor Arterial,Etobicoke York,,,No Control,Clear,Dry,Non-Fatal Injury,Rear End,30 to 34,Minimal,,Driving Properly,Normal,,,"-79.46269, 43.682944"
1271644,2011,14,Minor Arterial,Etobicoke York,,,No Control,Clear,Dry,Non-Fatal Injury,Rear End,35 to 39,Major,,Lost control,Inattentive,,,"-79.46269, 43.682944"
1256019,2011,14,Collector,Scarborough,24,At Intersection,Traffic Signal,Clear,Dry,Non-Fatal Injury,Turning Movement,15 to 19,Minor,,,,,,"-79.25119, 43.779645"
1265429,2011,14,Major Arterial,Toronto and East York,13,,Stop Sign,Clear,Dry,Non-Fatal Injury,Pedestrian Collisions,50 to 54,None,,Improper Turn,Inattentive,,,"-79.38589, 43.667945"
1256019,2011,14,Collector,Scarborough,24,At Intersection,Traffic Signal,Clear,Dry,Non-Fatal Injury,Turning Movement,unknown,,,,,,,"-79.25119, 43.779645"
1256019,2011,14,Collector,Scarborough,24,At Intersection,Traffic Signal,Clear,Dry,Non-Fatal Injury,Turning Movement,15 to 19,Minor,,Failed to Yield Right of Way,Inattentive,,,"-79.25119, 43.779645"
1256019,2011,14,Collector,Scarborough,24,At Intersection,Traffic Signal,Clear,Dry,Non-Fatal Injury,Turning Movement,30 to 34,Major,,,,,,"-79.25119, 43.779645"
1256019,2011,14,Collector,Scarborough,24,At Intersection,Traffic Signal,Clear,Dry,Non-Fatal Injury,Turning Movement,unknown,,,,,,,"-79.25119, 43.779645"
1262837,2011,14,Major Arterial,Toronto and East York,19,At Intersection,No Control,Clear,Dry,Non-Fatal Injury,Pedestrian Collisions,70 to 74,None,,Failed to Yield Right of Way,Normal,,,"-79.30339, 43.687845"
1262837,2011,14,Major Arterial,Toronto and East York,19,At Intersection,No Control,Clear,Dry,Non-Fatal Injury,Pedestrian Collisions,70 to 74,Major,,,,"Crossing, no Traffic Control",Normal,"-79.30339, 43.687845"
1275736,2011,14,Collector,Toronto and East York,4,,Stop Sign,Clear,Dry,Non-Fatal Injury,Cyclist Collisions,unknown,,,,,,,"-79.47529, 43.648845"
1275736,2011,14,Collector,Toronto and East York,4,,Stop Sign,Clear,Dry,Non-Fatal Injury,Cyclist Collisions,50 to 54,None,,Driving Properly,Normal,,,"-79.47529, 43.648845"
1275736,2011,14,Collector,Toronto and East York,4,,Stop Sign,Clear,Dry,Non-Fatal Injury,Cyclist Collisions,55 to 59,Major,,,,,,"-79.47529, 43.648845"
1256019,2011,14,Collector,Scarborough,24,At Intersection,Traffic Signal,Clear,Dry,Non-Fatal Injury,Turning Movement,30 to 34,Minor,,Driving Properly,Normal,,,"-79.25119, 43.779645"
1280448,2011,14,Major Arterial,Toronto and East York,10,,No Control,Clear,Dry,Non-Fatal Injury,Cyclist Collisions,20 to 24,None,,Other,Unknown,,,"-79.39779, 43.648445"
1280448,2011,14,Major Arterial,Toronto and East York,10,,No Control,Clear,Dry,Non-Fatal Injury,Cyclist Collisions,35 to 39,Major,,,,,,"-79.39779, 43.648445"
1282186,2011,14,Major Arterial,Toronto and East York,9,,Traffic Signal,Rain,Wet,Non-Fatal Injury,Cyclist Collisions,25 to 29,Major,,Improper Lane Change,Inattentive,,,"-79.44739, 43.677045"
1282186,2011,14,Major Arterial,Toronto and East York,9,,Traffic Signal,Rain,Wet,Non-Fatal Injury,Cyclist Collisions,unknown,Minimal,,,,,,"-79.44739, 43.677045"
1252228,2011,14,Major Arterial,North York,16,,No Control,Clear,Dry,Fatal,Rear End,40 to 44,None,,Driving Properly,Normal,,,"-79.32799, 43.740245"
1252228,2011,14,Major Arterial,North York,16,,No Control,Clear,Dry,Fatal,Rear End,unknown,,,,,,,"-79.32799, 43.740245"
1252228,2011,14,Major Arterial,North York,16,,No Control,Clear,Dry,Fatal,Rear End,45 to 49,None,,Driving Properly,Normal,,,"-79.32799, 43.740245"
1252228,2011,14,Major Arterial,North York,16,,No Control,Clear,Dry,Fatal,Rear End,55 to 59,None,,,,,,"-79.32799, 43.740245"
1252228,2011,14,Major Arterial,North York,16,,No Control,Clear,Dry,Fatal,Rear End,40 to 44,Minor,,,,,,"-79.32799, 43.740245"
1252228,2011,14,Major Arterial,North York,16,,No Control,Clear,Dry,Fatal,Rear End,unknown,,,,,,,"-79.32799, 43.740245"
1252228,2011,14,Major Arterial,North York,16,,No Control,Clear,Dry,Fatal,Rear End,50 to 54,None,,Exceeding Speed Limit,Normal,,,"-79.32799, 43.740245"
1252228,2011,14,Major Arterial,North York,16,,No Control,Clear,Dry,Fatal,Rear End,20 to 24,None,,,,,,"-79.32799, 43.740245"
1252228,2011,14,Major Arterial,North York,16,,No Control,Clear,Dry,Fatal,Rear End,40 to 44,Fatal,22,,,,,"-79.32799, 43.740245"
1252228,2011,14,Major Arterial,North York,16,,No Control,Clear,Dry,Fatal,Rear End,35 to 39,Minor,,,,,,"-79.32799, 43.740245"
1252228,2011,14,Major Arterial,North York,16,,No Control,Clear,Dry,Fatal,Rear End,45 to 49,Minor,,,,,,"-79.32799, 43.740245"
1252228,2011,14,Major Arterial,North York,16,,No Control,Clear,Dry,Fatal,Rear End,35 to 39,Minor,,,,,,"-79.32799, 43.740245"
1252228,2011,14,Major Arterial,North York,16,,No Control,Clear,Dry,Fatal,Rear End,25 to 29,Minor,,,,,,"-79.32799, 43.740245"
1252228,2011,14,Major Arterial,North York,16,,No Control,Clear,Dry,Fatal,Rear End,5 to 9,None,,,,,,"-79.32799, 43.740245"
1252228,2011,14,Major Arterial,North York,16,,No Control,Clear,Dry,Fatal,Rear End,15 to 19,Minor,,,,,,"-79.32799, 43.740245"
1252228,2011,14,Major Arterial,North York,16,,No Control,Clear,Dry,Fatal,Rear End,35 to 39,Minor,,,,,,"-79.32799, 43.740245"
1252228,2011,14,Major Arterial,North York,16,,No Control,Clear,Dry,Fatal,Rear End,20 to 24,None,,,,,,"-79.32799, 43.740245"
1252228,2011,14,Major Arterial,North York,16,,No Control,Clear,Dry,Fatal,Rear End,40 to 44,Minor,,,,,,"-79.32799, 43.740245"
1258248,2011,14,Major Arterial,Scarborough,22,At Intersection,Traffic Signal,Clear,Dry,Non-Fatal Injury,Cyclist Collisions,50 to 54,None,,Failed to Yield Right of Way,Normal,,,"-79.29929, 43.783545"
1258248,2011,14,Major Arterial,Scarborough,22,At Intersection,Traffic Signal,Clear,Dry,Non-Fatal Injury,Cyclist Collisions,60 to 64,Major,,,,,,"-79.29929, 43.783545"
1258313,2011,14,Major Arterial,Etobicoke York,1,,No Control,Clear,Dry,Non-Fatal Injury,Rear End,25 to 29,Major,,Speed too Fast For Condition,Inattentive,,,"-79.58609, 43.760045"
1258313,2011,14,Major Arterial,Etobicoke York,1,,No Control,Clear,Dry,Non-Fatal Injury,Rear End,unknown,,,,,,,"-79.58609, 43.760045"
1258313,2011,14,Major Arterial,Etobicoke York,1,,No Control,Clear,Dry,Non-Fatal Injury,Rear End,40 to 44,None,,Driving Properly,Normal,,,"-79.58609, 43.760045"
1235236,2011,14,Major Arterial,Scarborough,22,,No Control,Clear,Dry,Non-Fatal Injury,Rear End,30 to 34,Major,,Following too Close,Normal,,,"-79.31699, 43.776645"
1287004,2012,14,Major Arterial,Toronto and East York,14,Non Intersection,No Control,Rain,Wet,Non-Fatal Injury,Cyclist Collisions,unknown,,,,,,,"-79.359889, 43.675944"
1287004,2012,14,Major Arterial,Toronto and East York,14,Non Intersection,No Control,Rain,Wet,Non-Fatal Injury,Cyclist Collisions,50 to 54,None,,Driving Properly,Normal,,,"-79.359889, 43.675944"
1287004,2012,14,Major Arterial,Toronto and East York,14,Non Intersection,No Control,Rain,Wet,Non-Fatal Injury,Cyclist Collisions,20 to 24,Major,,,,,,"-79.359889, 43.675944"
1278086,2012,14,Major Arterial,Etobicoke York,7,At Intersection,Traffic Signal,Clear,Dry,Fatal,Turning Movement,45 to 49,None,,Driving Properly,Normal,,,"-79.574893, 43.764346"
1278086,2012,14,Major Arterial,Etobicoke York,7,At Intersection,Traffic Signal,Clear,Dry,Fatal,Turning Movement,75 to 79,Fatal,6,Lost control,Medical or Physical Disability,,,"-79.574893, 43.764346"
1278086,2012,14,Major Arterial,Etobicoke York,7,At Intersection,Traffic Signal,Clear,Dry,Fatal,Turning Movement,unknown,,,,,,,"-79.574893, 43.764346"
1235236,2011,14,Major Arterial,Scarborough,22,,No Control,Clear,Dry,Non-Fatal Injury,Rear End,35 to 39,Minimal,,Driving Properly,Normal,,,"-79.31699, 43.776645"
1319075,2012,14,Major Arterial,North York,,,No Control,Clear,Dry,Non-Fatal Injury,Other,unknown,,,,,,,"-79.30189, 43.722845"
1246857,2011,14,Major Arterial,Toronto and East York,9,At Intersection,No Control,Clear,Dry,Non-Fatal Injury,Sideswipe,unknown,,,,,,,"-79.450092, 43.665946"
1246857,2011,14,Major Arterial,Toronto and East York,9,At Intersection,No Control,Clear,Dry,Non-Fatal Injury,Sideswipe,75 to 79,None,,Improper Turn,Normal,,,"-79.450092, 43.665946"
1246857,2011,14,Major Arterial,Toronto and East York,9,At Intersection,No Control,Clear,Dry,Non-Fatal Injury,Sideswipe,35 to 39,Major,,,,,,"-79.450092, 43.665946"
1239243,2011,14,Major Arterial,North York,18,At Intersection,Stop Sign,Clear,Dry,Fatal,Pedestrian Collisions,25 to 29,None,,Failed to Yield Right of Way,Normal,,,"-79.41779, 43.788945"
1239243,2011,14,Major Arterial,North York,18,At Intersection,Stop Sign,Clear,Dry,Fatal,Pedestrian Collisions,35 to 39,Minor,,,,Crossing with right of way,Normal,"-79.41779, 43.788945"
1239243,2011,14,Major Arterial,North York,18,At Intersection,Stop Sign,Clear,Dry,Fatal,Pedestrian Collisions,5 to 9,Fatal,10,,,Crossing with right of way,Normal,"-79.41779, 43.788945"
1329108,2012,14,Major Arterial,Etobicoke York,1,At Intersection,Traffic Signal,Clear,Dry,Non-Fatal Injury,Angle,85 to 89,Major,,,,,,"-79.55599, 43.716945"
1329108,2012,14,Major Arterial,Etobicoke York,1,At Intersection,Traffic Signal,Clear,Dry,Non-Fatal Injury,Angle,50 to 54,Minor,,Failed to Yield Right of Way,Normal,,,"-79.55599, 43.716945"
1329108,2012,14,Major Arterial,Etobicoke York,1,At Intersection,Traffic Signal,Clear,Dry,Non-Fatal Injury,Angle,unknown,,,,,,,"-79.55599, 43.716945"
1329108,2012,14,Major Arterial,Etobicoke York,1,At Intersection,Traffic Signal,Clear,Dry,Non-Fatal Injury,Angle,60 to 64,Minimal,,Driving Properly,Normal,,,"-79.55599, 43.716945"
1319075,2012,14,Major Arterial,North York,,,No Control,Clear,Dry,Non-Fatal Injury,Other,85 to 89,Major,,,,,,"-79.30189, 43.722845"
1319075,2012,14,Major Arterial,North York,,,No Control,Clear,Dry,Non-Fatal Injury,Other,35 to 39,None,,Driving Properly,Unknown,,,"-79.30189, 43.722845"
1316027,2012,14,Major Arterial,Toronto and East York,13,At Intersection,No Control,Clear,Dry,Non-Fatal Injury,Cyclist Collisions,unknown,,,,,,,"-79.37669, 43.649345"
1316027,2012,14,Major Arterial,Toronto and East York,13,At Intersection,No Control,Clear,Dry,Non-Fatal Injury,Cyclist Collisions,60 to 64,None,,Failed to Yield Right of Way,Unknown,,,"-79.37669, 43.649345"
1316027,2012,14,Major Arterial,Toronto and East York,13,At Intersection,No Control,Clear,Dry,Non-Fatal Injury,Cyclist Collisions,20 to 24,Major,,,,,,"-79.37669, 43.649345"
1320520,2012,14,Major Arterial,North York,6,,No Control,Clear,Dry,Non-Fatal Injury,Turning Movement,35 to 39,Major,,Failed to Yield Right of Way,Unknown,,,"-79.491901, 43.724417"
1320520,2012,14,Major Arterial,North York,6,,No Control,Clear,Dry,Non-Fatal Injury,Turning Movement,20 to 24,Minimal,,,,,,"-79.491901, 43.724417"
1320520,2012,14,Major Arterial,North York,6,,No Control,Clear,Dry,Non-Fatal Injury,Turning Movement,40 to 44,Minimal,,Driving Properly,Normal,,,"-79.491901, 43.724417"
1326517,2012,14,Major Arterial,Scarborough,22,At Intersection,Traffic Signal,Clear,Dry,Non-Fatal Injury,Pedestrian Collisions,unknown,,,,,,,"-79.30789, 43.778745"