ACCNUM,YEAR,HOUR,ROAD_CLASS,District,WardNum,ACCLOC,TRAFFCTL,VISIBILITY,RDSFCOND,ACCLASS,IMPACTYPE,INVAGE,INJURY,FATAL_NO,DRIVACT,DRIVCOND,PEDACT,PEDCOND,geometry
6001758127,2016,14,Major Arterial,Etobicoke York,5,At Intersection,Traffic Signal,Clear,Dry,Non-Fatal Injury,Cyclist Collisions,85 to 89,None,,Improper Turn,Normal,,,"-79.476772, 43.703021"
6001758127,2016,14,Major Arterial,Etobicoke York,5,At Intersection,Traffic Signal,Clear,Dry,Non-Fatal Injury,Cyclist Collisions,45 to 49,Major,,,,,,"-79.476772, 43.703021"
7001653729,2017,14,Major Arterial,Scarborough,22,Non Intersection,No Control,Clear,Dry,Non-Fatal Injury,Approaching,35 to 39,Minimal,,Driving Properly,Normal,,,"-79.314929, 43.817134"
7001653729,2017,14,Major Arterial,Scarborough,22,Non Intersection,No Control,Clear,Dry,Non-Fatal Injury,Approaching,60 to 64,Major,,Lost control,Unknown,,,"-79.314929, 43.817134"
6002093548,2016,14,Major Arterial,Etobicoke York,3,Intersection Related,No Control,Clear,Dry,Non-Fatal Injury,Approaching,40 to 44,Minor,,Lost control,Unknown,,,"-79.528392, 43.649054"
6002093548,2016,14,Major Arterial,Etobicoke York,3,Intersection Related,No Control,Clear,Dry,Non-Fatal Injury,Approaching,85 to 89,Major,,Driving Properly,Normal,,,"-79.528392, 43.649054"
6002093548,2016,14,Major Arterial,Etobicoke York,3,Intersection Related,No Control,Clear,Dry,Non-Fatal Injury,Approaching,55 to 59,Minor,,Driving Properly,Normal,,,"-79.528392, 43.649054"
6002093548,2016,14,Major Arterial,Etobicoke York,3,Intersection Related,No Control,Clear,Dry,Non-Fatal Injury,Approaching,20 to 24,None,,Driving Properly,Normal,,,"-79.528392, 43.649054"
6002093548,2016,14,Major Arterial,Etobicoke York,3,Intersection Related,No Control,Clear,Dry,Non-Fatal Injury,Approaching,65 to 69,Minor,,,,,,"-79.528392, 43.649054"
6002093548,2016,14,Major Arterial,Etobicoke York,3,Intersection Related,No Control,Clear,Dry,Non-Fatal Injury,Approaching,75 to 79,Minor,,,,,,"-79.528392, 43.649054"
6002208039,2016,14,Major Arterial,Scarborough,,Non Intersection,No Control,Clear,Dry,Fatal,Pedestrian Collisions,55 to 59,None,,Driving Properly,Normal,,,"-79.290668, 43.81116"
6002208039,2016,14,Major Arterial,Scarborough,,Non Intersection,No Control,Clear,Dry,Fatal,Pedestrian Collisions,70 to 74,Fatal,77,,,"Crossing, no Traffic Control",Normal,"-79.290668, 43.81116"
7001031526,2017,14,Major Arterial,Scarborough,22,Non Intersection,No Control,Clear,Dry,Non-Fatal Injury,Pedestrian Collisions,25 to 29,Minor,,Exceeding Speed Limit,Inattentive,,,"-79.323161, 43.794902"
7001031526,2017,14,Major Arterial,Scarborough,22,Non Intersection,No Control,Clear,Dry,Non-Fatal Injury,Pedestrian Collisions,60 to 64,Major,,,,"Crossing, no Traffic Control",Normal,"-79.323161, 43.794902"
7000452997,2017,14,Minor Arterial,North York,8,Non Intersection,No Control,Snow,Wet,Non-Fatal Injury,Rear End,30 to 34,None,,Speed too Fast For Condition,Inattentive,,,"-79.469394, 43.722506"
7000452997,2017,14,Minor Arterial,North York,8,Non Intersection,No Control,Snow,Wet,Non-Fatal Injury,Rear End,40 to 44,Major,,Driving Properly,Normal,,,"-79.469394, 43.722506"
7000510048,2017,14,Minor Arterial,Toronto and East York,14,At Intersection,No Control,Clear,Dry,Non-Fatal Injury,Pedestrian Collisions,60 to 64,Major,,,,Crossing with right of way,Normal,"-79.343982, 43.670687"
7000510048,2017,14,Minor Arterial,Toronto and East York,14,At Intersection,No Control,Clear,Dry,Non-Fatal Injury,Pedestrian Collisions,unknown,None,,Lost control,Unknown,,,"-79.343982, 43.670687"
7000003346,2017,14,Local,Etobicoke York,7,Non Intersection,No Control,Clear,Other,Non-Fatal Injury,SMV Other,85 to 89,Major,,Other,Inattentive,,,"-79.526157, 43.766555"
7000155315,2017,14,Major Arterial,Etobicoke York,7,At Intersection,Traffic Signal,Clear,Wet,Fatal,Angle,55 to 59,None,,Driving Properly,Normal,,,"-79.542331, 43.752017"
7000155315,2017,14,Major Arterial,Etobicoke York,7,At Intersection,Traffic Signal,Clear,Wet,Fatal,Angle,85 to 89,Fatal,6,Disobeyed Traffic Control,Medical or Physical Disability,,,"-79.542331, 43.752017"
7000155315,2017,14,Major Arterial,Etobicoke York,7,At Intersection,Traffic Signal,Clear,Wet,Fatal,Angle,40 to 44,None,,,,,,"-79.542331, 43.752017"
7000155315,2017,14,Major Arterial,Etobicoke York,7,At Intersection,Traffic Signal,Clear,Wet,Fatal,Angle,50 to 54,None,,Driving Properly,Normal,,,"-79.542331, 43.752017"
7000169325,2017,14,Minor Arterial,Toronto and East York,,Non Intersection,No Control,Clear,Dry,Non-Fatal Injury,Cyclist Collisions,45 to 49,None,,Other,Inattentive,,,"-79.377826, 43.646239"
7000169325,2017,14,Minor Arterial,Toronto and East York,,Non Intersection,No Control,Clear,Dry,Non-Fatal Injury,Cyclist Collisions,35 to 39,Major,,,,,,"-79.377826, 43.646239"
7000169325,2017,14,Minor Arterial,Toronto and East York,,Non Intersection,No Control,Clear,Dry,Non-Fatal Injury,Cyclist Collisions,50 to 54,None,,Driving Properly,Normal,,,"-79.377826, 43.646239"
7000200382,2017,14,Major Arterial,Scarborough,,At Intersection,Traffic Signal,Clear,Dry,Non-Fatal Injury,Pedestrian Collisions,45 to 49,Major,,Failed to Yield Right of Way,Inattentive,,,"-79.196475, 43.794795"
7000200382,2017,14,Major Arterial,Scarborough,,At Intersection,Traffic Signal,Clear,Dry,Non-Fatal Injury,Pedestrian Collisions,20 to 24,Minor,,,,Crossing with right of way,Normal,"-79.196475, 43.794795"
7001493534,2017,14,Minor Arterial,Etobicoke York,3,At/Near Private Drive,Stop Sign,Clear,Dry,Non-Fatal Injury,Turning Movement,25 to 29,Major,,Failed to Yield Right of Way,Inattentive,,,"-79.557323, 43.616969"
7001493534,2017,14,Minor Arterial,Etobicoke York,3,At/Near Private Drive,Stop Sign,Clear,Dry,Non-Fatal Injury,Turning Movement,40 to 44,None,,Driving Properly,Normal,,,"-79.557323, 43.616969"
7001493534,2017,14,Minor Arterial,Etobicoke York,3,At/Near Private Drive,Stop Sign,Clear,Dry,Non-Fatal Injury,Turning Movement,60 to 64,None,,,,,,"-79.557323, 43.616969"
7001493534,2017,14,Minor Arterial,Etobicoke York,3,At/Near Private Drive,Stop Sign,Clear,Dry,Non-Fatal Injury,Turning Movement,0 to 4,None,,,,,,"-79.557323, 43.616969"
7001493534,2017,14,Minor Arterial,Etobicoke York,3,At/Near Private Drive,Stop Sign,Clear,Dry,Non-Fatal Injury,Turning Movement,0 to 4,None,,,,,,"-79.557323, 43.616969"
7001512006,2017,14,Major Arterial,Scarborough,20,At/Near Private Drive,No Control,Clear,Dry,Non-Fatal Injury,Angle,35 to 39,Major,,Driving Properly,Normal,,,"-79.272197, 43.713835"
7001512006,2017,14,Major Arterial,Scarborough,20,At/Near Private Drive,No Control,Clear,Dry,Non-Fatal Injury,Angle,25 to 29,None,,Failed to Yield Right of Way,Inattentive,,,"-79.272197, 43.713835"
8001478093,2018,14,Major Arterial,Etobicoke York,2,At Intersection,Traffic Signal,Clear,Dry,Non-Fatal Injury,Pedestrian Collisions,25 to 29,None,,Failed to Yield Right of Way,Normal,,,"-79.511417, 43.68389"
7001964937,2017,14,Major Arterial,Scarborough,21,At/Near Private Drive,No Control,Clear,Dry,Non-Fatal Injury,Pedestrian Collisions,55 to 59,None,,Failed to Yield Right of Way,Normal,,,"-79.279971, 43.762652"
7001964937,2017,14,Major Arterial,Scarborough,21,At/Near Private Drive,No Control,Clear,Dry,Non-Fatal Injury,Pedestrian Collisions,55 to 59,Major,,,,"Crossing, no Traffic Control",Normal,"-79.279971, 43.762652"
8001478093,2018,14,Major Arterial,Etobicoke York,2,At Intersection,Traffic Signal,Clear,Dry,Non-Fatal Injury,Pedestrian Collisions,25 to 29,Major,,Driving Properly,Normal,,,"-79.511417, 43.68389"
8001484332,2018,14,Local,Toronto and East York,9,At Intersection,Stop Sign,Clear,Dry,Non-Fatal Injury,Cyclist Collisions,30 to 34,Major,,,,,,"-79.454875, 43.688647"
8001484332,2018,14,Local,Toronto and East York,9,At Intersection,Stop Sign,Clear,Dry,Non-Fatal Injury,Cyclist Collisions,25 to 29,None,,Driving Properly,Normal,,,"-79.454875, 43.688647"
8001498021,2018,14,Collector,Etobicoke York,5,Non Intersection,No Control,Clear,Dry,Non-Fatal Injury,Turning Movement,30 to 34,Major,,Failed to Yield Right of Way,Inattentive,,,"-79.532375, 43.709212"
8001498021,2018,14,Collector,Etobicoke York,5,Non Intersection,No Control,Clear,Dry,Non-Fatal Injury,Turning Movement,40 to 44,Minimal,,Exceeding Speed Limit,Inattentive,,,"-79.532375, 43.709212"
8000909501,2018,14,Minor Arterial,Scarborough,23,Non Intersection,No Control,Clear,Dry,Non-Fatal Injury,SMV Other,40 to 44,Major,,Lost control,Unknown,,,"-79.236026, 43.811774"
8001518550,2018,14,Major Arterial,Toronto and East York,10,Intersection Related,No Control,Clear,Wet,Non-Fatal Injury,SMV Other,50 to 54,Major,,Following too Close,Normal,,,"-79.387477, 43.650599"
8001284576,2018,14,Major Arterial,Etobicoke York,5,At Intersection,Traffic Signal,Clear,Dry,Non-Fatal Injury,Pedestrian Collisions,25 to 29,None,,Improper Turn,Normal,,,"-79.471866, 43.710231"
8001284576,2018,14,Major Arterial,Etobicoke York,5,At Intersection,Traffic Signal,Clear,Dry,Non-Fatal Injury,Pedestrian Collisions,50 to 54,Major,,,,Crossing with right of way,Normal,"-79.471866, 43.710231"
8001394045,2018,14,Major Arterial,Scarborough,20,At Intersection,Traffic Signal,Clear,Dry,Fatal,Pedestrian Collisions,35 to 39,None,,Improper Turn,Inattentive,,,"-79.282733, 43.716109"
8001394045,2018,14,Major Arterial,Scarborough,20,At Intersection,Traffic Signal,Clear,Dry,Fatal,Pedestrian Collisions,65 to 69,Fatal,39,,,Crossing with right of way,Normal,"-79.282733, 43.716109"
8001429448,2018,14,Minor Arterial,Scarborough,23,At Intersection,Traffic Signal,Clear,Dry,Non-Fatal Injury,SMV Other,20 to 24,Major,,Lost control,Inattentive,,,"-79.231464, 43.815356"
8001463987,2018,14,Major Arterial,Etobicoke York,1,At Intersection,Traffic Signal,Clear,Dry,Non-Fatal Injury,Turning Movement,30 to 34,None,,Failed to Yield Right of Way,Inattentive,,,"-79.559642, 43.713248"
8001463987,2018,14,Major Arterial,Etobicoke York,1,At Intersection,Traffic Signal,Clear,Dry,Non-Fatal Injury,Turning Movement,70 to 74,Major,,Driving Properly,Normal,,,"-79.559642, 43.713248"
8001478093,2018,14,Major Arterial,Etobicoke York,2,At Intersection,Traffic Signal,Clear,Dry,Non-Fatal Injury,Pedestrian Collisions,45 to 49,Minor,,Driving Properly,Normal,,,"-79.511417, 43.68389"
8001478093,2018,14,Major Arterial,Etobicoke York,2,At Intersection,Traffic Signal,Clear,Dry,Non-Fatal Injury,Pedestrian Collisions,45 to 49,None,,Driving Properly,Normal,,,"-79.511417, 43.68389"
8001478093,2018,14,Major Arterial,Etobicoke York,2,At Intersection,Traffic Signal,Clear,Dry,Non-Fatal Injury,Pedestrian Collisions,25 to 29,Minor,,,,,,"-79.511417, 43.68389"
8001478093,2018,14,Major Arterial,Etobicoke York,2,At Intersection,Traffic Signal,Clear,Dry,Non-Fatal Injury,Pedestrian Collisions,0 to 4,Minor,,,,,,"-79.511417, 43.68389"
8001478093,2018,14,Major Arterial,Etobicoke York,2,At Intersection,Traffic Signal,Clear,Dry,Non-Fatal Injury,Pedestrian Collisions,0 to 4,Minor,,,,,,"-79.511417, 43.68389"
8001478093,2018,14,Major Arterial,Etobicoke York,2,At Intersection,Traffic Signal,Clear,Dry,Non-Fatal Injury,Pedestrian Collisions,30 to 34,Minor,,,,Other,Normal,"-79.511417, 43.68389"
8001677447,2018,14,Major Arterial,Etobicoke York,3,Intersection Related,Stop Sign,Rain,Wet,Non-Fatal Injury,Pedestrian Collisions,40 to 44,None,,Failed to Yield Right of Way,Inattentive,,,"-79.508815, 43.624903"
8000655701,2018,14,Major Arterial,North York,6,At Intersection,Traffic Signal,Clear,Wet,Non-Fatal Injury,Pedestrian Collisions,10 to 14,Minor,,,,Crossing with right of way,Normal,"-79.454364, 43.771525"
8000655701,2018,14,Major Arterial,North York,6,At Intersection,Traffic Signal,Clear,Wet,Non-Fatal Injury,Pedestrian Collisions,35 to 39,None,,Driving Properly,Normal,,,"-79.454364, 43.771525"
8000655701,2018,14,Major Arterial,North York,6,At Intersection,Traffic Signal,Clear,Wet,Non-Fatal Injury,Pedestrian Collisions,80 to 84,Major,,Disobeyed Traffic Control,Inattentive,,,"-79.454364, 43.771525"
8000732809,2018,14,Major Arterial,North York,,At Intersection,Traffic Signal,Clear,Dry,Non-Fatal Injury,Turning Movement,45 to 49,None,,Driving Properly,Normal,,,"-79.303432, 43.726615"
8000732809,2018,14,Major Arterial,North York,,At Intersection,Traffic Signal,Clear,Dry,Non-Fatal Injury,Turning Movement,40 to 44,Major,,Failed to Yield Right of Way,Normal,,,"-79.303432, 43.726615"
8001677447,2018,14,Major Arterial,Etobicoke York,3,Intersection Related,Stop Sign,Rain,Wet,Non-Fatal Injury,Pedestrian Collisions,80 to 84,Major,,,,Crossing without right of way,Inattentive,"-79.508815, 43.624903"
8001711357,2018,14,Major Arterial,Toronto and East York,9,At Intersection,Traffic Signal,Clear,Dry,Non-Fatal Injury,Pedestrian Collisions,35 to 39,None,,Other,Normal,,,"-79.44083, 43.678431"
8001711357,2018,14,Major Arterial,Toronto and East York,9,At Intersection,Traffic Signal,Clear,Dry,Non-Fatal Injury,Pedestrian Collisions,65 to 69,Major,,,,Other,Normal,"-79.44083, 43.678431"
8001771158,2018,14,Major Arterial,Toronto and East York,13,At Intersection,Traffic Signal,Clear,Dry,Non-Fatal Injury,Cyclist Collisions,unknown,None,,Failed to Yield Right of Way,Unknown,,,"-79.37733, 43.647772"
8001771158,2018,14,Major Arterial,Toronto and East York,13,At Intersection,Traffic Signal,Clear,Dry,Non-Fatal Injury,Cyclist Collisions,20 to 24,Major,,,,,,"-79.37733, 43.647772"
8001558608,2018,14,Major Arterial,Etobicoke York,7,At Intersection,Traffic Signal,Clear,Dry,Non-Fatal Injury,Pedestrian Collisions,70 to 74,None,,Failed to Yield Right of Way,Unknown,,,"-79.517047, 43.754775"
8001558608,2018,14,Major Arterial,Etobicoke York,7,At Intersection,Traffic Signal,Clear,Dry,Non-Fatal Injury,Pedestrian Collisions,30 to 34,Major,,,,Crossing with right of way,Normal,"-79.517047, 43.754775"
8001644149,2018,14,Local,Etobicoke York,3,Non Intersection,No Control,Clear,Dry,Fatal,Pedestrian Collisions,unknown,,,,,,,"-79.525653, 43.599353"
8001644149,2018,14,Local,Etobicoke York,3,Non Intersection,No Control,Clear,Dry,Fatal,Pedestrian Collisions,50 to 54,Fatal,44,,,Pushing/Working on Vehicle,Unknown,"-79.525653, 43.599353"
8000337135,2018,14,Major Arterial,North York,8,At Intersection,Stop Sign,Clear,Dry,Non-Fatal Injury,Angle,80 to 84,Major,,,,,,"-79.411449, 43.711116"
8000311536,2018,14,Major Arterial,Etobicoke York,5,At Intersection,Traffic Signal,Clear,Dry,Non-Fatal Injury,Turning Movement,35 to 39,None,,Disobeyed Traffic Control,Inattentive,,,"-79.535419, 43.711795"
8000311536,2018,14,Major Arterial,Etobicoke York,5,At Intersection,Traffic Signal,Clear,Dry,Non-Fatal Injury,Turning Movement,20 to 24,Minor,,Driving Properly,Normal,,,"-79.535419, 43.711795"
8000311536,2018,14,Major Arterial,Etobicoke York,5,At Intersection,Traffic Signal,Clear,Dry,Non-Fatal Injury,Turning Movement,35 to 39,Major,,Driving Properly,Normal,,,"-79.535419, 43.711795"
8000311536,2018,14,Major Arterial,Etobicoke York,5,At Intersection,Traffic Signal,Clear,Dry,Non-Fatal Injury,Turning Movement,85 to 89,None,,Driving Properly,Normal,,,"-79.535419, 43.711795"
8000311536,2018,14,Major Arterial,Etobicoke York,5,At Intersection,Traffic Signal,Clear,Dry,Non-Fatal Injury,Turning Movement,80 to 84,None,,,,,,"-79.535419, 43.711795"
8000337135,2018,14,Major Arterial,North York,8,At Intersection,Stop Sign,Clear,Dry,Non-Fatal Injury,Angle,60 to 64,None,,Failed to Yield Right of Way,Normal,,,"-79.411449, 43.711116"
8000337135,2018,14,Major Arterial,North York,8,At Intersection,Stop Sign,Clear,Dry,Non-Fatal Injury,Angle,75 to 79,Minor,,Driving Properly,Normal,,,"-79.411449, 43.711116"
8000390730,2018,14,Major Arterial,Etobicoke York,5,Non Intersection,No Control,Clear,Dry,Non-Fatal Injury,Pedestrian Collisions,20 to 24,Major,,,,"Crossing, no Traffic Control",Inattentive,"-79.517055, 43.69987"
8000390730,2018,14,Major Arterial,Etobicoke York,5,Non Intersection,No Control,Clear,Dry,Non-Fatal Injury,Pedestrian Collisions,50 to 54,None,,Driving Properly,Normal,,,"-79.517055, 43.69987"
7003088501,2017,14,Major Arterial,Etobicoke York,3,At Intersection,Traffic Signal,Clear,Dry,Non-Fatal Injury,Pedestrian Collisions,50 to 54,None,,Failed to Yield Right of Way,Normal,,,"-79.517978, 43.600611"
7003088501,2017,14,Major Arterial,Etobicoke York,3,At Intersection,Traffic Signal,Clear,Dry,Non-Fatal Injury,Pedestrian Collisions,30 to 34,Major,,,,Crossing with right of way,Normal,"-79.517978, 43.600611"
7003279287,2017,14,Major Arterial,Toronto and East York,4,At Intersection,No Control,Clear,Dry,Non-Fatal Injury,Pedestrian Collisions,25 to 29,Major,,,,Running onto Roadway,Had Been Drinking,"-79.431827, 43.63795"
7003279287,2017,14,Major Arterial,Toronto and East York,4,At Intersection,No Control,Clear,Dry,Non-Fatal Injury,Pedestrian Collisions,40 to 44,None,,Driving Properly,Normal,,,"-79.431827, 43.63795"
8000027630,2018,14,Major Arterial,North York,8,At Intersection,Traffic Controller,Clear,Dry,Non-Fatal Injury,Pedestrian Collisions,25 to 29,None,,Failed to Yield Right of Way,Unknown,,,"-79.420062, 43.73585"
8000027630,2018,14,Major Arterial,North York,8,At Intersection,Traffic Controller,Clear,Dry,Non-Fatal Injury,Pedestrian Collisions,30 to 34,Major,,,,Crossing with right of way,Normal,"-79.420062, 43.73585"
8000027630,2018,14,Major Arterial,North York,8,At Intersection,Traffic Controller,Clear,Dry,Non-Fatal Injury,Pedestrian Collisions,25 to 29,Minimal,,,,Crossing with right of way,Normal,"-79.420062, 43.73585"
8000027863,2018,14,Collector,North York,,At/Near Private Drive,No Control,Clear,Dry,Non-Fatal Injury,Turning Movement,20 to 24,Major,,Driving Properly,Normal,,,"-79.308299, 43.718005"
8000027863,2018,14,Collector,North York,,At/Near Private Drive,No Control,Clear,Dry,Non-Fatal Injury,Turning Movement,50 to 54,None,,Failed to Yield Right of Way,Normal,,,"-79.308299, 43.718005"
8000162835,2018,14,Minor Arterial,Toronto and East York,10,Non Intersection,No Control,Clear,Dry,Non-Fatal Injury,Pedestrian Collisions,20 to 24,Major,,,,"Crossing, no Traffic Control",Inattentive,"-79.381076, 43.639697"
8000162835,2018,14,Minor Arterial,Toronto and East York,10,Non Intersection,No Control,Clear,Dry,Non-Fatal Injury,Pedestrian Collisions,40 to 44,None,,Driving Properly,Normal,,,"-79.381076, 43.639697"
9001303685,2019,14,Major Arterial,North York,6,At Intersection,Traffic Signal,Clear,Dry,Non-Fatal Injury,Pedestrian Collisions,80 to 84,None,,Failed to Yield Right of Way,Normal,,,"-79.470119, 43.783832"
9001303685,2019,14,Major Arterial,North York,6,At Intersection,Traffic Signal,Clear,Dry,Non-Fatal Injury,Pedestrian Collisions,20 to 24,Major,,,,,Normal,"-79.470119, 43.783832"
9001332621,2019,14,Local,North York,17,At Intersection,No Control,Clear,Dry,Fatal,Pedestrian Collisions,45 to 49,None,,Failed to Yield Right of Way,Inattentive,,,"-79.35551, 43.804576"
9001332621,2019,14,Local,North York,17,At Intersection,No Control,Clear,Dry,Fatal,Pedestrian Collisions,65 to 69,Fatal,27,,,Crossing with right of way,Normal,"-79.35551, 43.804576"
9000355790,2019,14,Major Arterial,Toronto and East York,4,At Intersection,Traffic Signal,Clear,Dry,Non-Fatal Injury,Pedestrian Collisions,30 to 34,None,,Driving Properly,Normal,,,"-79.451275, 43.639335"
9000355790,2019,14,Major Arterial,Toronto and East York,4,At Intersection,Traffic Signal,Clear,Dry,Non-Fatal Injury,Pedestrian Collisions,25 to 29,None,,,,,,"-79.451275, 43.639335"
9000355790,2019,14,Major Arterial,Toronto and East York,4,At Intersection,Traffic Signal,Clear,Dry,Non-Fatal Injury,Pedestrian Collisions,35 to 39,Major,,,,,Normal,"-79.451275, 43.639335"
9000933967,2019,14,Major Arterial,Toronto and East York,10,Intersection Related,No Control,Clear,Dry,Non-Fatal Injury,Pedestrian Collisions,35 to 39,None,,Driving Properly,Unknown,,,"-79.399349, 43.647334"
9000933967,2019,14,Major Arterial,Toronto and East York,10,Intersection Related,No Control,Clear,Dry,Non-Fatal Injury,Pedestrian Collisions,45 to 49,Major,,,,,Inattentive,"-79.399349, 43.647334"
9002173783,2019,14,Minor Arterial,Etobicoke York,,At/Near Private Drive,Traffic Signal,Clear,Dry,Non-Fatal Injury,Turning Movement,40 to 44,None,,Failed to Yield Right of Way,Inattentive,,,"-79.467449, 43.68156"
9002173783,2019,14,Minor Arterial,Etobicoke York,,At/Near Private Drive,Traffic Signal,Clear,Dry,Non-Fatal Injury,Turning Movement,45 to 49,Major,,Driving Properly,Normal,,,"-79.467449, 43.68156"
9002173783,2019,14,Minor Arterial,Etobicoke York,,At/Near Private Drive,Traffic Signal,Clear,Dry,Non-Fatal Injury,Turning Movement,35 to 39,None,,,,,,"-79.467449, 43.68156"
9002173783,2019,14,Minor Arterial,Etobicoke York,,At/Near Private Drive,Traffic Signal,Clear,Dry,Non-Fatal Injury,Turning Movement,5 to 9,None,,,,,,"-79.467449, 43.68156"
9002173783,2019,14,Minor Arterial,Etobicoke York,,At/Near Private Drive,Traffic Signal,Clear,Dry,Non-Fatal Injury,Turning Movement,5 to 9,None,,,,,,"-79.467449, 43.68156"
8002061586,2018,14,Minor Arterial,Etobicoke York,2,At Intersection,Traffic Signal,Clear,Dry,Non-Fatal Injury,Pedestrian Collisions,30 to 34,None,,Failed to Yield Right of Way,Normal,,,"-79.52737, 43.684085"
8002061586,2018,14,Minor Arterial,Etobicoke York,2,At Intersection,Traffic Signal,Clear,Dry,Non-Fatal Injury,Pedestrian Collisions,65 to 69,Major,,,,Crossing with right of way,Normal,"-79.52737, 43.684085"
8002080527,2018,14,Collector,Scarborough,24,Non Intersection,No Control,Clear,Dry,Non-Fatal Injury,Pedestrian Collisions,unknown,None,,Exceeding Speed Limit,Unknown,,,"-79.190776, 43.765349"
8002080527,2018,14,Collector,Scarborough,24,Non Intersection,No Control,Clear,Dry,Non-Fatal Injury,Pedestrian Collisions,10 to 14,Major,,,,"Crossing, no Traffic Control",Normal,"-79.190776, 43.765349"
8002202544,2018,14,Major Arterial,Etobicoke York,5,At Intersection,Stop Sign,Clear,Dry,Non-Fatal Injury,Angle,55 to 59,None,,Failed to Yield Right of Way,Inattentive,,,"-79.473171, 43.685759"
8002202544,2018,14,Major Arterial,Etobicoke York,5,At Intersection,Stop Sign,Clear,Dry,Non-Fatal Injury,Angle,30 to 34,Major,,Driving Properly,Normal,,,"-79.473171, 43.685759"
9001407311,2019,14,Major Arterial,Etobicoke York,3,Non Intersection,Stop Sign,Clear,Dry,Non-Fatal Injury,Cyclist Collisions,50 to 54,Major,,,,,,"-79.523105, 43.621749"
9001407311,2019,14,Major Arterial,Etobicoke York,3,Non Intersection,Stop Sign,Clear,Dry,Non-Fatal Injury,Cyclist Collisions,35 to 39,None,,Driving Properly,Normal,,,"-79.523105, 43.621749"
9001407311,2019,14,Major Arterial,Etobicoke York,3,Non Intersection,Stop Sign,Clear,Dry,Non-Fatal Injury,Cyclist Collisions,25 to 29,Major,,,,,,"-79.523105, 43.621749"
9000008532,2019,14,Local,Etobicoke York,1,Non Intersection,No Control,Clear,Dry,Fatal,SMV Other,50 to 54,Fatal,9,,,,,"-79.601718, 43.744177"
9000008532,2019,14,Local,Etobicoke York,1,Non Intersection,No Control,Clear,Dry,Fatal,SMV Other,unknown,None,,Lost control,Unknown,,,"-79.601718, 43.744177"
9001464052,2019,14,Major Arterial,Etobicoke York,5,Intersection Related,Traffic Signal,Clear,Dry,Non-Fatal Injury,SMV Other,25 to 29,Major,,Lost control,Normal,,,"-79.48241, 43.707534"
9001464095,2019,14,Major Arterial,North York,8,Non Intersection,No Control,Clear,Dry,Non-Fatal Injury,Cyclist Collisions,35 to 39,Major,,,,,,"-79.453716, 43.709277"
9001464095,2019,14,Major Arterial,North York,8,Non Intersection,No Control,Clear,Dry,Non-Fatal Injury,Cyclist Collisions,45 to 49,Minimal,,Driving Properly,Normal,,,"-79.453716, 43.709277"
8001963580,2018,14,Minor Arterial,North York,8,Intersection Related,No Control,Clear,Dry,Non-Fatal Injury,Cyclist Collisions,25 to 29,None,,Failed to Yield Right of Way,Normal,,,"-79.445865, 43.71408"
8001963580,2018,14,Minor Arterial,North York,8,Intersection Related,No Control,Clear,Dry,Non-Fatal Injury,Cyclist Collisions,30 to 34,Major,,,,,,"-79.445865, 43.71408"
9001818682,2019,14,Major Arterial,Scarborough,24,Non Intersection,No Control,Clear,Dry,Non-Fatal Injury,Pedestrian Collisions,60 to 64,None,,Driving Properly,Normal,,,"-79.197559, 43.75896"
9001818682,2019,14,Major Arterial,Scarborough,24,Non Intersection,No Control,Clear,Dry,Non-Fatal Injury,Pedestrian Collisions,25 to 29,Major,,,,,Had Been Drinking,"-79.197559, 43.75896"
9001855890,2019,14,Major Arterial,North York,16,Non Intersection,No Control,Clear,Dry,Non-Fatal Injury,Cyclist Collisions,50 to 54,Major,,,,,,"-79.324573, 43.72459"
9001855890,2019,14,Major Arterial,North York,16,Non Intersection,No Control,Clear,Dry,Non-Fatal Injury,Cyclist Collisions,35 to 39,None,,Driving Properly,Normal,,,"-79.324573, 43.72459"
9001855890,2019,14,Major Arterial,North York,16,Non Intersection,No Control,Clear,Dry,Non-Fatal Injury,Cyclist Collisions,25 to 29,None,,Driving Properly,Normal,,,"-79.324573, 43.72459"
9001949959,2019,14,Major Arterial,Scarborough,25,At/Near Private Drive,No Control,Clear,Dry,Non-Fatal Injury,Turning Movement,80 to 84,Major,,Failed to Yield Right of Way,Inattentive,,,"-79.146984, 43.798442"
9001949959,2019,14,Major Arterial,Scarborough,25,At/Near Private Drive,No Control,Clear,Dry,Non-Fatal Injury,Turning Movement,65 to 69,Minor,,Driving Properly,Normal,,,"-79.146984, 43.798442"
9002297507,2019,14,Major Arterial,Toronto and East York,,Intersection Related,Traffic Signal,Clear,Dry,Non-Fatal Injury,Pedestrian Collisions,55 to 59,None,,Failed to Yield Right of Way,Normal,,,"-79.382084, 43.659095"