ACCNUM,YEAR,HOUR,ROAD_CLASS,District,WardNum,ACCLOC,TRAFFCTL,VISIBILITY,RDSFCOND,ACCLASS,IMPACTYPE,INVAGE,INJURY,FATAL_NO,DRIVACT,DRIVCOND,PEDACT,PEDCOND,geometry
1321770,2012,16,Major Arterial,North York,,,No Control,Clear,Dry,Non-Fatal Injury,Rear End,45 to 49,Minimal,,,,,,"-79.391902, 43.783858"
1321770,2012,16,Major Arterial,North York,,,No Control,Clear,Dry,Non-Fatal Injury,Rear End,50 to 54,None,,Driving Properly,Normal,,,"-79.391902, 43.783858"
1316650,2012,16,Major Arterial,Scarborough,,At Intersection,Traffic Signal,Clear,Other,Non-Fatal Injury,Turning Movement,50 to 54,None,,Driving Properly,Normal,,,"-79.26789, 43.732145"
1316650,2012,16,Major Arterial,Scarborough,,At Intersection,Traffic Signal,Clear,Other,Non-Fatal Injury,Turning Movement,unknown,,,,,,,"-79.26789, 43.732145"
1316650,2012,16,Major Arterial,Scarborough,,At Intersection,Traffic Signal,Clear,Other,Non-Fatal Injury,Turning Movement,20 to 24,None,,Disobeyed Traffic Control,Normal,,,"-79.26789, 43.732145"
1316650,2012,16,Major Arterial,Scarborough,,At Intersection,Traffic Signal,Clear,Other,Non-Fatal Injury,Turning Movement,30 to 34,Major,,Improper Turn,Normal,,,"-79.26789, 43.732145"
1301507,2012,16,Major Arterial,Toronto and East York,11,At Intersection,Stop Sign,Clear,Dry,Non-Fatal Injury,Cyclist Collisions,unknown,,,,,,,"-79.42029, 43.654945"
1301507,2012,16,Major Arterial,Toronto and East York,11,At Intersection,Stop Sign,Clear,Dry,Non-Fatal Injury,Cyclist Collisions,45 to 49,None,,Failed to Yield Right of Way,Normal,,,"-79.42029, 43.654945"
1301507,2012,16,Major Arterial,Toronto and East York,11,At Intersection,Stop Sign,Clear,Dry,Non-Fatal Injury,Cyclist Collisions,20 to 24,Major,,,,,,"-79.42029, 43.654945"
1307372,2012,16,Major Arterial,Toronto and East York,11,At Intersection,Traffic Signal,Clear,Dry,Non-Fatal Injury,Cyclist Collisions,45 to 49,None,,Driving Properly,Normal,,,"-79.40519, 43.656945"
1307372,2012,16,Major Arterial,Toronto and East York,11,At Intersection,Traffic Signal,Clear,Dry,Non-Fatal Injury,Cyclist Collisions,30 to 34,Major,,,,,,"-79.40519, 43.656945"
1308558,2012,16,Major Arterial,Etobicoke York,3,,No Control,Clear,Dry,Non-Fatal Injury,Pedestrian Collisions,25 to 29,None,,Driving Properly,Normal,,,"-79.52359, 43.614045"
1308558,2012,16,Major Arterial,Etobicoke York,3,,No Control,Clear,Dry,Non-Fatal Injury,Pedestrian Collisions,55 to 59,Major,,,,"Crossing, no Traffic Control",Inattentive,"-79.52359, 43.614045"
1310920,2012,16,Major Arterial,Toronto and East York,12,At Intersection,No Control,Clear,Dry,Non-Fatal Injury,Pedestrian Collisions,45 to 49,None,,Driving Properly,Normal,,,"-79.39859, 43.679745"
1310920,2012,16,Major Arterial,Toronto and East York,12,At Intersection,No Control,Clear,Dry,Non-Fatal Injury,Pedestrian Collisions,20 to 24,Major,,,,Other,Normal,"-79.39859, 43.679745"
1311229,2012,16,Collector,North York,18,,No Control,Clear,Dry,Non-Fatal Injury,SMV Other,35 to 39,None,,Driving Properly,Inattentive,,,"-79.40849, 43.795045"
1311229,2012,16,Collector,North York,18,,No Control,Clear,Dry,Non-Fatal Injury,SMV Other,30 to 34,Major,,,,,,"-79.40849, 43.795045"
1312337,2012,16,Collector,Scarborough,22,,No Control,Clear,Dry,Non-Fatal Injury,Turning Movement,unknown,,,,,,,"-79.30029, 43.783345"
1312333,2012,16,Major Arterial,Scarborough,22,,No Control,Clear,Dry,Non-Fatal Injury,Other,70 to 74,Major,,,,,,"-79.30349, 43.779745"
1312333,2012,16,Major Arterial,Scarborough,22,,No Control,Clear,Dry,Non-Fatal Injury,Other,unknown,,,,,,,"-79.30349, 43.779745"
1312333,2012,16,Major Arterial,Scarborough,22,,No Control,Clear,Dry,Non-Fatal Injury,Other,50 to 54,None,,Driving Properly,Normal,,,"-79.30349, 43.779745"
1297963,2012,16,Minor Arterial,Toronto and East York,,,No Control,Clear,Dry,Non-Fatal Injury,Pedestrian Collisions,unknown,,,,,,,"-79.32779, 43.693545"
1297963,2012,16,Minor Arterial,Toronto and East York,,,No Control,Clear,Dry,Non-Fatal Injury,Pedestrian Collisions,unknown,,,,,,,"-79.32779, 43.693545"
1297963,2012,16,Minor Arterial,Toronto and East York,,,No Control,Clear,Dry,Non-Fatal Injury,Pedestrian Collisions,unknown,,,,,,,"-79.32779, 43.693545"
1297963,2012,16,Minor Arterial,Toronto and East York,,,No Control,Clear,Dry,Non-Fatal Injury,Pedestrian Collisions,50 to 54,None,,Lost control,Inattentive,,,"-79.32779, 43.693545"
1297963,2012,16,Minor Arterial,Toronto and East York,,,No Control,Clear,Dry,Non-Fatal Injury,Pedestrian Collisions,50 to 54,Major,,,,Pushing/Working on Vehicle,Normal,"-79.32779, 43.693545"
1300277,2012,16,Major Arterial,North York,,At Intersection,No Control,Clear,Dry,Non-Fatal Injury,Pedestrian Collisions,50 to 54,None,,Failed to Yield Right of Way,Normal,,,"-79.30159, 43.722145"
1300277,2012,16,Major Arterial,North York,,At Intersection,No Control,Clear,Dry,Non-Fatal Injury,Pedestrian Collisions,70 to 74,Major,,,,"Crossing, no Traffic Control",Normal,"-79.30159, 43.722145"
1312337,2012,16,Collector,Scarborough,22,,No Control,Clear,Dry,Non-Fatal Injury,Turning Movement,25 to 29,Major,,Driving Properly,Normal,,,"-79.30029, 43.783345"
1312337,2012,16,Collector,Scarborough,22,,No Control,Clear,Dry,Non-Fatal Injury,Turning Movement,unknown,,,,,,,"-79.30029, 43.783345"
1312337,2012,16,Collector,Scarborough,22,,No Control,Clear,Dry,Non-Fatal Injury,Turning Movement,35 to 39,None,,Failed to Yield Right of Way,Normal,,,"-79.30029, 43.783345"
1307861,2012,16,Minor Arterial,Scarborough,24,,No Control,Clear,Dry,Fatal,SMV Other,55 to 59,Fatal,23,Lost control,Unknown,,,"-79.21259, 43.790545"
1307861,2012,16,Minor Arterial,Scarborough,24,,No Control,Clear,Dry,Fatal,SMV Other,unknown,,,,,,,"-79.21259, 43.790545"
1307861,2012,16,Minor Arterial,Scarborough,24,,No Control,Clear,Dry,Fatal,SMV Other,unknown,,,,,,,"-79.21259, 43.790545"
1316631,2012,16,Major Arterial,North York,,,No Control,Clear,Dry,Non-Fatal Injury,Rear End,35 to 39,None,,Following too Close,Inattentive,,,"-79.32709, 43.784045"
1316631,2012,16,Major Arterial,North York,,,No Control,Clear,Dry,Non-Fatal Injury,Rear End,unknown,,,,,,,"-79.32709, 43.784045"
1316631,2012,16,Major Arterial,North York,,,No Control,Clear,Dry,Non-Fatal Injury,Rear End,45 to 49,None,,Driving Properly,Normal,,,"-79.32709, 43.784045"
1316631,2012,16,Major Arterial,North York,,,No Control,Clear,Dry,Non-Fatal Injury,Rear End,60 to 64,None,,Driving Properly,Normal,,,"-79.32709, 43.784045"
1316631,2012,16,Major Arterial,North York,,,No Control,Clear,Dry,Non-Fatal Injury,Rear End,50 to 54,Minimal,,Driving Properly,Normal,,,"-79.32709, 43.784045"
1316631,2012,16,Major Arterial,North York,,,No Control,Clear,Dry,Non-Fatal Injury,Rear End,50 to 54,Major,,Driving Properly,Normal,,,"-79.32709, 43.784045"
1284881,2012,16,Minor Arterial,Etobicoke York,2,At Intersection,No Control,Clear,Dry,Non-Fatal Injury,Turning Movement,25 to 29,Major,,Exceeding Speed Limit,Normal,,,"-79.55759, 43.656545"
1284881,2012,16,Minor Arterial,Etobicoke York,2,At Intersection,No Control,Clear,Dry,Non-Fatal Injury,Turning Movement,75 to 79,None,,Driving Properly,Normal,,,"-79.55759, 43.656545"
1295374,2012,16,Major Arterial,Toronto and East York,19,,Traffic Signal,Clear,Dry,Non-Fatal Injury,Pedestrian Collisions,45 to 49,None,,Improper Turn,Normal,,,"-79.30499, 43.687445"
1295374,2012,16,Major Arterial,Toronto and East York,19,,Traffic Signal,Clear,Dry,Non-Fatal Injury,Pedestrian Collisions,70 to 74,Major,,,,Crossing with right of way,Normal,"-79.30499, 43.687445"
1306710,2012,16,Major Arterial,Toronto and East York,9,,No Control,Clear,Dry,Non-Fatal Injury,Turning Movement,25 to 29,Major,,,,,,"-79.43949, 43.669545"
1306710,2012,16,Major Arterial,Toronto and East York,9,,No Control,Clear,Dry,Non-Fatal Injury,Turning Movement,35 to 39,Major,,Driving Properly,Normal,,,"-79.43949, 43.669545"
1306710,2012,16,Major Arterial,Toronto and East York,9,,No Control,Clear,Dry,Non-Fatal Injury,Turning Movement,unknown,,,,,,,"-79.43949, 43.669545"
1306710,2012,16,Major Arterial,Toronto and East York,9,,No Control,Clear,Dry,Non-Fatal Injury,Turning Movement,60 to 64,None,,Improper Turn,Inattentive,,,"-79.43949, 43.669545"
1306744,2012,16,Major Arterial,Scarborough,22,,No Control,Clear,Dry,Non-Fatal Injury,Cyclist Collisions,75 to 79,None,,Driving Properly,Normal,,,"-79.30349, 43.779745"
1306744,2012,16,Major Arterial,Scarborough,22,,No Control,Clear,Dry,Non-Fatal Injury,Cyclist Collisions,60 to 64,Major,,,,,,"-79.30349, 43.779745"
1362257,2013,16,Major Arterial,Toronto and East York,4,,No Control,Clear,Dry,Non-Fatal Injury,Rear End,35 to 39,None,,Driving Properly,Normal,,,"-79.43659, 43.633645"
1362257,2013,16,Major Arterial,Toronto and East York,4,,No Control,Clear,Dry,Non-Fatal Injury,Rear End,0 to 4,None,,,,,,"-79.43659, 43.633645"
1362257,2013,16,Major Arterial,Toronto and East York,4,,No Control,Clear,Dry,Non-Fatal Injury,Rear End,25 to 29,Minimal,,,,,,"-79.43659, 43.633645"
1382388,2013,16,Major Arterial,Toronto and East York,9,At Intersection,Traffic Signal,Clear,Dry,Non-Fatal Injury,Cyclist Collisions,unknown,,,,,,,"-79.443073, 43.677951"
1382388,2013,16,Major Arterial,Toronto and East York,9,At Intersection,Traffic Signal,Clear,Dry,Non-Fatal Injury,Cyclist Collisions,30 to 34,None,,Driving Properly,Normal,,,"-79.443073, 43.677951"
1382388,2013,16,Major Arterial,Toronto and East York,9,At Intersection,Traffic Signal,Clear,Dry,Non-Fatal Injury,Cyclist Collisions,55 to 59,Major,,,,,,"-79.443073, 43.677951"
1370609,2013,16,Major Arterial,Toronto and East York,,,Traffic Signal,Clear,Dry,Non-Fatal Injury,Cyclist Collisions,65 to 69,Minor,,Lost control,Unknown,,,"-79.410907, 43.651297"
1370609,2013,16,Major Arterial,Toronto and East York,,,Traffic Signal,Clear,Dry,Non-Fatal Injury,Cyclist Collisions,unknown,,,,,,,"-79.410907, 43.651297"
1370609,2013,16,Major Arterial,Toronto and East York,,,Traffic Signal,Clear,Dry,Non-Fatal Injury,Cyclist Collisions,50 to 54,Major,,,,,,"-79.410907, 43.651297"
1388519,2013,16,Minor Arterial,Etobicoke York,3,,Traffic Signal,Clear,Dry,Non-Fatal Injury,Turning Movement,unknown,,,,,,,"-79.552326, 43.631426"
1388519,2013,16,Minor Arterial,Etobicoke York,3,,Traffic Signal,Clear,Dry,Non-Fatal Injury,Turning Movement,35 to 39,Major,,Disobeyed Traffic Control,Normal,,,"-79.552326, 43.631426"
1388519,2013,16,Minor Arterial,Etobicoke York,3,,Traffic Signal,Clear,Dry,Non-Fatal Injury,Turning Movement,25 to 29,None,,Driving Properly,Normal,,,"-79.552326, 43.631426"
1362257,2013,16,Major Arterial,Toronto and East York,4,,No Control,Clear,Dry,Non-Fatal Injury,Rear End,25 to 29,None,,Driving Properly,Normal,,,"-79.43659, 43.633645"
1354807,2013,16,Major Arterial,Toronto and East York,10,At Intersection,Stop Sign,Rain,Wet,Non-Fatal Injury,Turning Movement,25 to 29,Major,,Speed too Fast For Condition,Normal,,,"-79.41509, 43.644945"
1354807,2013,16,Major Arterial,Toronto and East York,10,At Intersection,Stop Sign,Rain,Wet,Non-Fatal Injury,Turning Movement,20 to 24,Minimal,,Failed to Yield Right of Way,Normal,,,"-79.41509, 43.644945"
1355579,2013,16,Major Arterial,Etobicoke York,5,At Intersection,Traffic Signal,Clear,Dry,Non-Fatal Injury,Pedestrian Collisions,30 to 34,None,,Failed to Yield Right of Way,Normal,,,"-79.49669, 43.704345"
1355579,2013,16,Major Arterial,Etobicoke York,5,At Intersection,Traffic Signal,Clear,Dry,Non-Fatal Injury,Pedestrian Collisions,60 to 64,Major,,,,Crossing with right of way,Normal,"-79.49669, 43.704345"
1357570,2013,16,Major Arterial,Scarborough,,,No Control,Rain,Wet,Non-Fatal Injury,Sideswipe,70 to 74,Major,,Driving Properly,Normal,,,"-79.18869, 43.774745"
1357570,2013,16,Major Arterial,Scarborough,,,No Control,Rain,Wet,Non-Fatal Injury,Sideswipe,15 to 19,Minor,,Following too Close,Inattentive,,,"-79.18869, 43.774745"
1376894,2013,16,Minor Arterial,Toronto and East York,11,At Intersection,Stop Sign,Clear,Dry,Non-Fatal Injury,Pedestrian Collisions,45 to 49,None,,Driving Properly,Normal,,,"-79.3828, 43.670149"
1376894,2013,16,Minor Arterial,Toronto and East York,11,At Intersection,Stop Sign,Clear,Dry,Non-Fatal Injury,Pedestrian Collisions,40 to 44,Major,,,,Crossing without right of way,Normal,"-79.3828, 43.670149"
1368450,2013,16,Local,Etobicoke York,5,,No Control,Clear,Dry,Fatal,Pedestrian Collisions,70 to 74,None,,Other,Inattentive,,,"-79.48479, 43.680644"
1368450,2013,16,Local,Etobicoke York,5,,No Control,Clear,Dry,Fatal,Pedestrian Collisions,65 to 69,Fatal,29,,,Other,Normal,"-79.48479, 43.680644"
1369174,2013,16,Major Arterial,Scarborough,21,At Intersection,No Control,Rain,Wet,Non-Fatal Injury,Turning Movement,35 to 39,None,,Driving Properly,Normal,,,"-79.253642, 43.771666"
1369174,2013,16,Major Arterial,Scarborough,21,At Intersection,No Control,Rain,Wet,Non-Fatal Injury,Turning Movement,40 to 44,None,,Driving Properly,Unknown,,,"-79.253642, 43.771666"
1369174,2013,16,Major Arterial,Scarborough,21,At Intersection,No Control,Rain,Wet,Non-Fatal Injury,Turning Movement,75 to 79,Major,,,,,,"-79.253642, 43.771666"
1369174,2013,16,Major Arterial,Scarborough,21,At Intersection,No Control,Rain,Wet,Non-Fatal Injury,Turning Movement,80 to 84,Minimal,,Improper Turn,Normal,,,"-79.253642, 43.771666"
1383782,2013,16,Major Arterial,Toronto and East York,14,,Traffic Signal,Clear,Dry,Non-Fatal Injury,Angle,40 to 44,Major,,Driving Properly,Normal,,,"-79.358859, 43.676192"
1383782,2013,16,Major Arterial,Toronto and East York,14,,Traffic Signal,Clear,Dry,Non-Fatal Injury,Angle,unknown,,,,,,,"-79.358859, 43.676192"
1383782,2013,16,Major Arterial,Toronto and East York,14,,Traffic Signal,Clear,Dry,Non-Fatal Injury,Angle,40 to 44,None,,Driving Properly,Normal,,,"-79.358859, 43.676192"
1383782,2013,16,Major Arterial,Toronto and East York,14,,Traffic Signal,Clear,Dry,Non-Fatal Injury,Angle,75 to 79,Minimal,,Disobeyed Traffic Control,Inattentive,,,"-79.358859, 43.676192"
1362257,2013,16,Major Arterial,Toronto and East York,4,,No Control,Clear,Dry,Non-Fatal Injury,Rear End,0 to 4,None,,,,,,"-79.43659, 43.633645"
1362257,2013,16,Major Arterial,Toronto and East York,4,,No Control,Clear,Dry,Non-Fatal Injury,Rear End,35 to 39,Minimal,,,,,,"-79.43659, 43.633645"
1362257,2013,16,Major Arterial,Toronto and East York,4,,No Control,Clear,Dry,Non-Fatal Injury,Rear End,10 to 14,Major,,,,,,"-79.43659, 43.633645"
1362257,2013,16,Major Arterial,Toronto and East York,4,,No Control,Clear,Dry,Non-Fatal Injury,Rear End,35 to 39,Minimal,,Following too Close,Normal,,,"-79.43659, 43.633645"
1340591,2013,16,Major Arterial,Toronto and East York,10,,Traffic Signal,Clear,Dry,Non-Fatal Injury,Cyclist Collisions,45 to 49,Major,,Driving Properly,Normal,,,"-79.399661, 43.648055"
1340591,2013,16,Major Arterial,Toronto and East York,10,,Traffic Signal,Clear,Dry,Non-Fatal Injury,Cyclist Collisions,unknown,,,,,,,"-79.399661, 43.648055"
1340591,2013,16,Major Arterial,Toronto and East York,10,,Traffic Signal,Clear,Dry,Non-Fatal Injury,Cyclist Collisions,20 to 24,Minimal,,Disobeyed Traffic Control,Normal,,,"-79.399661, 43.648055"
1340591,2013,16,Major Arterial,Toronto and East York,10,,Traffic Signal,Clear,Dry,Non-Fatal Injury,Cyclist Collisions,unknown,,,,,,,"-79.399661, 43.648055"
1340591,2013,16,Major Arterial,Toronto and East York,10,,Traffic Signal,Clear,Dry,Non-Fatal Injury,Cyclist Collisions,20 to 24,Major,,,,,,"-79.399661, 43.648055"
1337045,2012,16,Major Arterial,North York,16,,No Control,Rain,Wet,Non-Fatal Injury,SMV Other,5 to 9,Minor,,,,,,"-79.33009, 43.723145"
1337045,2012,16,Major Arterial,North York,16,,No Control,Rain,Wet,Non-Fatal Injury,SMV Other,5 to 9,Minor,,,,,,"-79.33009, 43.723145"
1337045,2012,16,Major Arterial,North York,16,,No Control,Rain,Wet,Non-Fatal Injury,SMV Other,10 to 14,Major,,,,,,"-79.33009, 43.723145"
1337045,2012,16,Major Arterial,North York,16,,No Control,Rain,Wet,Non-Fatal Injury,SMV Other,40 to 44,Minimal,,,,,,"-79.33009, 43.723145"
1337045,2012,16,Major Arterial,North York,16,,No Control,Rain,Wet,Non-Fatal Injury,SMV Other,50 to 54,Major,,Speed too Fast For Condition,Inattentive,,,"-79.33009, 43.723145"
1337045,2012,16,Major Arterial,North York,16,,No Control,Rain,Wet,Non-Fatal Injury,SMV Other,unknown,,,,,,,"-79.33009, 43.723145"
1338579,2012,16,Major Arterial,Toronto and East York,10,At Intersection,Traffic Signal,Rain,Wet,Non-Fatal Injury,Angle,unknown,,,,,,,"-79.375842, 43.644267"
1338579,2012,16,Major Arterial,Toronto and East York,10,At Intersection,Traffic Signal,Rain,Wet,Non-Fatal Injury,Angle,35 to 39,Major,,Driving Properly,Normal,,,"-79.375842, 43.644267"
1338579,2012,16,Major Arterial,Toronto and East York,10,At Intersection,Traffic Signal,Rain,Wet,Non-Fatal Injury,Angle,0 to 4,Minimal,,,,,,"-79.375842, 43.644267"
1338579,2012,16,Major Arterial,Toronto and East York,10,At Intersection,Traffic Signal,Rain,Wet,Non-Fatal Injury,Angle,45 to 49,Minor,,Driving Properly,Normal,,,"-79.375842, 43.644267"
1338579,2012,16,Major Arterial,Toronto and East York,10,At Intersection,Traffic Signal,Rain,Wet,Non-Fatal Injury,Angle,65 to 69,None,,Disobeyed Traffic Control,Normal,,,"-79.375842, 43.644267"
4002688656,2014,16,Major Arterial,Toronto and East York,19,Non Intersection,No Control,Clear,Dry,Non-Fatal Injury,Turning Movement,40 to 44,None,,Failed to Yield Right of Way,Inattentive,,,"-79.30849, 43.675315"
4002688656,2014,16,Major Arterial,Toronto and East York,19,Non Intersection,No Control,Clear,Dry,Non-Fatal Injury,Turning Movement,35 to 39,Major,,Driving Properly,Normal,,,"-79.30849, 43.675315"
4002688656,2014,16,Major Arterial,Toronto and East York,19,Non Intersection,No Control,Clear,Dry,Non-Fatal Injury,Turning Movement,10 to 14,None,,,,,,"-79.30849, 43.675315"
4002721774,2014,16,Minor Arterial,Toronto and East York,,At Intersection,No Control,Clear,Dry,Non-Fatal Injury,Turning Movement,40 to 44,None,,Improper Turn,Inattentive,,,"-79.423747, 43.657092"
4002721774,2014,16,Minor Arterial,Toronto and East York,,At Intersection,No Control,Clear,Dry,Non-Fatal Injury,Turning Movement,30 to 34,Major,,Driving Properly,Unknown,,,"-79.423747, 43.657092"
4002721774,2014,16,Minor Arterial,Toronto and East York,,At Intersection,No Control,Clear,Dry,Non-Fatal Injury,Turning Movement,50 to 54,None,,,,,,"-79.423747, 43.657092"
4002721774,2014,16,Minor Arterial,Toronto and East York,,At Intersection,No Control,Clear,Dry,Non-Fatal Injury,Turning Movement,45 to 49,Minimal,,,,,,"-79.423747, 43.657092"
4002721774,2014,16,Minor Arterial,Toronto and East York,,At Intersection,No Control,Clear,Dry,Non-Fatal Injury,Turning Movement,5 to 9,Minimal,,,,,,"-79.423747, 43.657092"
4002721774,2014,16,Minor Arterial,Toronto and East York,,At Intersection,No Control,Clear,Dry,Non-Fatal Injury,Turning Movement,35 to 39,Minimal,,,,,,"-79.423747, 43.657092"
142740894,2014,16,Major Arterial,North York,,At Intersection,Traffic Signal,Clear,Dry,Fatal,Pedestrian Collisions,75 to 79,Major,,,,Crossing with right of way,Unknown,"-79.302089, 43.723372"
142740894,2014,16,Major Arterial,North York,,At Intersection,Traffic Signal,Clear,Dry,Fatal,Pedestrian Collisions,55 to 59,None,,Failed to Yield Right of Way,Inattentive,,,"-79.302089, 43.723372"
142740894,2014,16,Major Arterial,North York,,At Intersection,Traffic Signal,Clear,Dry,Fatal,Pedestrian Collisions,75 to 79,Fatal,23,,,Crossing with right of way,Normal,"-79.302089, 43.723372"
4002856687,2014,16,Local,Toronto and East York,9,Non Intersection,No Control,Clear,Dry,Non-Fatal Injury,Cyclist Collisions,40 to 44,None,,Driving Properly,Normal,,,"-79.456767, 43.667918"
4002856687,2014,16,Local,Toronto and East York,9,Non Intersection,No Control,Clear,Dry,Non-Fatal Injury,Cyclist Collisions,50 to 54,Major,,,,,,"-79.456767, 43.667918"
4001858374,2014,16,Major Arterial,North York,15,At Intersection,Traffic Signal,Clear,Dry,Non-Fatal Injury,Turning Movement,35 to 39,Major,,Disobeyed Traffic Control,Unknown,,,"-79.359813, 43.714595"
4001858374,2014,16,Major Arterial,North York,15,At Intersection,Traffic Signal,Clear,Dry,Non-Fatal Injury,Turning Movement,45 to 49,None,,Failed to Yield Right of Way,Normal,,,"-79.359813, 43.714595"
141603063,2014,16,Major Arterial,North York,16,,No Control,Clear,Dry,Fatal,Turning Movement,10 to 14,Minimal,,,,,,"-79.350871, 43.75495"
141603063,2014,16,Major Arterial,North York,16,,No Control,Clear,Dry,Fatal,Turning Movement,30 to 34,None,,Failed to Yield Right of Way,Inattentive,,,"-79.350871, 43.75495"
141603063,2014,16,Major Arterial,North York,16,,No Control,Clear,Dry,Fatal,Turning Movement,55 to 59,None,,Driving Properly,Normal,,,"-79.350871, 43.75495"
142510103,2014,16,Collector,North York,15,At Intersection,Traffic Signal,Clear,Dry,Fatal,Pedestrian Collisions,50 to 54,None,,Failed to Yield Right of Way,Had Been Drinking,,,"-79.368121, 43.704775"
142510103,2014,16,Collector,North York,15,At Intersection,Traffic Signal,Clear,Dry,Fatal,Pedestrian Collisions,5 to 9,Fatal,14,,,Crossing with right of way,Normal,"-79.368121, 43.704775"
4002596710,2014,16,Major Arterial,Toronto and East York,14,At Intersection,Traffic Signal,Clear,Dry,Non-Fatal Injury,Cyclist Collisions,50 to 54,None,,Improper Passing,Normal,,,"-79.35136, 43.662455"
4002596710,2014,16,Major Arterial,Toronto and East York,14,At Intersection,Traffic Signal,Clear,Dry,Non-Fatal Injury,Cyclist Collisions,40 to 44,Major,,,,,,"-79.35136, 43.662455"
142655086,2014,16,Major Arterial,North York,18,At Intersection,Traffic Signal,Clear,Dry,Fatal,Pedestrian Collisions,25 to 29,Minor,,Disobeyed Traffic Control,Normal,,,"-79.416683, 43.784381"
142655086,2014,16,Major Arterial,North York,18,At Intersection,Traffic Signal,Clear,Dry,Fatal,Pedestrian Collisions,20 to 24,Major,,,,,,"-79.416683, 43.784381"
142655086,2014,16,Major Arterial,North York,18,At Intersection,Traffic Signal,Clear,Dry,Fatal,Pedestrian Collisions,20 to 24,None,,Driving Properly,Normal,,,"-79.416683, 43.784381"
142655086,2014,16,Major Arterial,North York,18,At Intersection,Traffic Signal,Clear,Dry,Fatal,Pedestrian Collisions,20 to 24,None,,,,,,"-79.416683, 43.784381"
142655086,2014,16,Major Arterial,North York,18,At Intersection,Traffic Signal,Clear,Dry,Fatal,Pedestrian Collisions,40 to 44,Fatal,19,,,On Sidewalk or Shoulder,Unknown,"-79.416683, 43.784381"
3001013927,2013,16,Major Arterial,Toronto and East York,,Non Intersection,No Control,Clear,Dry,Non-Fatal Injury,Pedestrian Collisions,40 to 44,None,,Driving Properly,Normal,,,"-79.376781, 43.646437"
3001013927,2013,16,Major Arterial,Toronto and East York,,Non Intersection,No Control,Clear,Dry,Non-Fatal Injury,Pedestrian Collisions,65 to 69,Major,,,,"Crossing, no Traffic Control",Inattentive,"-79.376781, 43.646437"
141603063,2014,16,Major Arterial,North York,16,,No Control,Clear,Dry,Fatal,Turning Movement,80 to 84,Fatal,5,Driving Properly,Normal,,,"-79.350871, 43.75495"
3001104210,2013,16,Minor Arterial,Scarborough,24,At Intersection,Stop Sign,Clear,Dry,Non-Fatal Injury,Angle,30 to 34,None,,Disobeyed Traffic Control,Unknown,,,"-79.236118, 43.759902"
3001104210,2013,16,Minor Arterial,Scarborough,24,At Intersection,Stop Sign,Clear,Dry,Non-Fatal Injury,Angle,45 to 49,Major,,Driving Properly,Normal,,,"-79.236118, 43.759902"
3001133431,2013,16,Major Arterial,North York,6,At Intersection,No Control,Clear,Dry,Non-Fatal Injury,Pedestrian Collisions,15 to 19,Major,,,,Running onto Roadway,Inattentive,"-79.430812, 43.756991"
3001133431,2013,16,Major Arterial,North York,6,At Intersection,No Control,Clear,Dry,Non-Fatal Injury,Pedestrian Collisions,85 to 89,None,,,,,,"-79.430812, 43.756991"
3001133431,2013,16,Major Arterial,North York,6,At Intersection,No Control,Clear,Dry,Non-Fatal Injury,Pedestrian Collisions,35 to 39,None,,Driving Properly,Normal,,,"-79.430812, 43.756991"
3001220302,2013,16,Minor Arterial,Toronto and East York,4,Non Intersection,No Control,Clear,Dry,Non-Fatal Injury,Pedestrian Collisions,75 to 79,None,,Driving Properly,Normal,,,"-79.435703, 43.63634"
3001220302,2013,16,Minor Arterial,Toronto and East York,4,Non Intersection,No Control,Clear,Dry,Non-Fatal Injury,Pedestrian Collisions,65 to 69,Major,,,,"Crossing, no Traffic Control",Normal,"-79.435703, 43.63634"
4001784791,2014,16,Major Arterial,Toronto and East York,10,Non Intersection,No Control,Clear,Dry,Non-Fatal Injury,Pedestrian Collisions,25 to 29,None,,Driving Properly,Normal,,,"-79.40282, 43.64741"
4001784791,2014,16,Major Arterial,Toronto and East York,10,Non Intersection,No Control,Clear,Dry,Non-Fatal Injury,Pedestrian Collisions,40 to 44,Major,,,,"Crossing, no Traffic Control",Inattentive,"-79.40282, 43.64741"
1387866,2013,16,Major Arterial,North York,15,,Traffic Signal,Clear,Dry,Non-Fatal Injury,Turning Movement,20 to 24,Major,,Driving Properly,Normal,,,"-79.367221, 43.713069"
1387866,2013,16,Major Arterial,North York,15,,Traffic Signal,Clear,Dry,Non-Fatal Injury,Turning Movement,45 to 49,None,,Failed to Yield Right of Way,Normal,,,"-79.367221, 43.713069"
1379549,2013,16,Major Arterial,North York,8,At Intersection,Traffic Signal,Clear,Dry,Non-Fatal Injury,Pedestrian Collisions,50 to 54,None,,Driving Properly,Normal,,,"-79.413463, 43.716929"
1379549,2013,16,Major Arterial,North York,8,At Intersection,Traffic Signal,Clear,Dry,Non-Fatal Injury,Pedestrian Collisions,unknown,,,,,,,"-79.413463, 43.716929"
1379549,2013,16,Major Arterial,North York,8,At Intersection,Traffic Signal,Clear,Dry,Non-Fatal Injury,Pedestrian Collisions,45 to 49,None,,Failed to Yield Right of Way,Unknown,,,"-79.413463, 43.716929"