ACCNUM,YEAR,HOUR,ROAD_CLASS,District,WardNum,ACCLOC,TRAFFCTL,VISIBILITY,RDSFCOND,ACCLASS,IMPACTYPE,INVAGE,INJURY,FATAL_NO,DRIVACT,DRIVCOND,PEDACT,PEDCOND,geometry
1379549,2013,16,Major Arterial,North York,8,At Intersection,Traffic Signal,Clear,Dry,Non-Fatal Injury,Pedestrian Collisions,60 to 64,Minor,,,,Crossing with right of way,Unknown,"-79.413463, 43.716929"
1379549,2013,16,Major Arterial,North York,8,At Intersection,Traffic Signal,Clear,Dry,Non-Fatal Injury,Pedestrian Collisions,65 to 69,Major,,,,Crossing with right of way,Unknown,"-79.413463, 43.716929"
1386590,2013,16,Collector,Toronto and East York,19,,Stop Sign,Clear,Dry,Non-Fatal Injury,Pedestrian Collisions,0 to 4,None,,,,,,"-79.302364, 43.692603"
1386590,2013,16,Collector,Toronto and East York,19,,Stop Sign,Clear,Dry,Non-Fatal Injury,Pedestrian Collisions,20 to 24,None,,,,,,"-79.302364, 43.692603"
1386590,2013,16,Collector,Toronto and East York,19,,Stop Sign,Clear,Dry,Non-Fatal Injury,Pedestrian Collisions,20 to 24,None,,Failed to Yield Right of Way,Inattentive,,,"-79.302364, 43.692603"
1386590,2013,16,Collector,Toronto and East York,19,,Stop Sign,Clear,Dry,Non-Fatal Injury,Pedestrian Collisions,40 to 44,Major,,,,Crossing with right of way,Normal,"-79.302364, 43.692603"
1386836,2013,16,Major Arterial,North York,17,,Traffic Signal,Clear,Dry,Non-Fatal Injury,Turning Movement,45 to 49,None,,Failed to Yield Right of Way,Inattentive,,,"-79.353313, 43.773719"
1386836,2013,16,Major Arterial,North York,17,,Traffic Signal,Clear,Dry,Non-Fatal Injury,Turning Movement,20 to 24,Major,,Driving Properly,Normal,,,"-79.353313, 43.773719"
4008024139,2014,16,Major Arterial,North York,6,At Intersection,Traffic Signal,Clear,Dry,Non-Fatal Injury,Cyclist Collisions,40 to 44,None,,Failed to Yield Right of Way,Inattentive,,,"-79.487293, 43.783209"
4008024139,2014,16,Major Arterial,North York,6,At Intersection,Traffic Signal,Clear,Dry,Non-Fatal Injury,Cyclist Collisions,55 to 59,Major,,,,,,"-79.487293, 43.783209"
1386644,2013,16,Major Arterial,Toronto and East York,11,,No Control,Clear,Dry,Non-Fatal Injury,Pedestrian Collisions,unknown,,,,,,,"-79.399074, 43.65549"
1386644,2013,16,Major Arterial,Toronto and East York,11,,No Control,Clear,Dry,Non-Fatal Injury,Pedestrian Collisions,40 to 44,None,,Driving Properly,Normal,,,"-79.399074, 43.65549"
1386644,2013,16,Major Arterial,Toronto and East York,11,,No Control,Clear,Dry,Non-Fatal Injury,Pedestrian Collisions,35 to 39,Minor,,,,"Crossing, no Traffic Control",Inattentive,"-79.399074, 43.65549"
1386644,2013,16,Major Arterial,Toronto and East York,11,,No Control,Clear,Dry,Non-Fatal Injury,Pedestrian Collisions,40 to 44,Major,,,,"Crossing, no Traffic Control",Inattentive,"-79.399074, 43.65549"
1376061,2013,16,Major Arterial,Etobicoke York,3,,No Control,Clear,Dry,Fatal,Cyclist Collisions,unknown,None,,,,,,"-79.497989, 43.602343"
1376061,2013,16,Major Arterial,Etobicoke York,3,,No Control,Clear,Dry,Fatal,Cyclist Collisions,60 to 64,None,,Driving Properly,Normal,,,"-79.497989, 43.602343"
1376061,2013,16,Major Arterial,Etobicoke York,3,,No Control,Clear,Dry,Fatal,Cyclist Collisions,50 to 54,Fatal,41,,,,,"-79.497989, 43.602343"
1376445,2013,16,Major Arterial,Etobicoke York,3,At Intersection,Traffic Signal,Rain,Wet,Non-Fatal Injury,Rear End,70 to 74,Major,,Lost control,Medical or Physical Disability,,,"-79.511318, 43.618384"
1376445,2013,16,Major Arterial,Etobicoke York,3,At Intersection,Traffic Signal,Rain,Wet,Non-Fatal Injury,Rear End,50 to 54,None,,Driving Properly,Normal,,,"-79.511318, 43.618384"
1385276,2013,16,Collector,Toronto and East York,19,,No Control,Clear,Dry,Fatal,Pedestrian Collisions,60 to 64,None,,Other,Normal,,,"-79.325069, 43.705802"
1385276,2013,16,Collector,Toronto and East York,19,,No Control,Clear,Dry,Fatal,Pedestrian Collisions,85 to 89,Fatal,55,,,Other,Normal,"-79.325069, 43.705802"
5000716436,2015,16,Major Arterial,Scarborough,23,Non Intersection,No Control,Clear,Dry,Non-Fatal Injury,Approaching,40 to 44,Minimal,,Lost control,Inattentive,,,"-79.266132, 43.807139"
4003374622,2014,16,Local,Scarborough,24,At/Near Private Drive,No Control,Clear,Dry,Non-Fatal Injury,Cyclist Collisions,55 to 59,None,,Driving Properly,Normal,,,"-79.224178, 43.78147"
5000716436,2015,16,Major Arterial,Scarborough,23,Non Intersection,No Control,Clear,Dry,Non-Fatal Injury,Approaching,55 to 59,Minor,,Driving Properly,Normal,,,"-79.266132, 43.807139"
5000716436,2015,16,Major Arterial,Scarborough,23,Non Intersection,No Control,Clear,Dry,Non-Fatal Injury,Approaching,55 to 59,Major,,,,,,"-79.266132, 43.807139"
5000754325,2015,16,Major Arterial,North York,8,At Intersection,Traffic Signal,Clear,Dry,Non-Fatal Injury,Turning Movement,45 to 49,Major,,Improper Turn,Normal,,,"-79.432933, 43.718421"
5000754325,2015,16,Major Arterial,North York,8,At Intersection,Traffic Signal,Clear,Dry,Non-Fatal Injury,Turning Movement,20 to 24,Minor,,Disobeyed Traffic Control,Normal,,,"-79.432933, 43.718421"
5000760761,2015,16,Major Arterial,Scarborough,24,At Intersection,Traffic Signal,Clear,Dry,Non-Fatal Injury,Pedestrian Collisions,25 to 29,None,,Driving Properly,Normal,,,"-79.224674, 43.757769"
5000760761,2015,16,Major Arterial,Scarborough,24,At Intersection,Traffic Signal,Clear,Dry,Non-Fatal Injury,Pedestrian Collisions,15 to 19,Major,,,,Crossing without right of way,Inattentive,"-79.224674, 43.757769"
5000760761,2015,16,Major Arterial,Scarborough,24,At Intersection,Traffic Signal,Clear,Dry,Non-Fatal Injury,Pedestrian Collisions,15 to 19,Major,,,,Crossing without right of way,Inattentive,"-79.224674, 43.757769"
5000898741,2015,16,Major Arterial,Toronto and East York,14,Non Intersection,No Control,Clear,Dry,Non-Fatal Injury,Rear End,60 to 64,None,,Following too Close,Normal,,,"-79.331432, 43.657817"
5000898741,2015,16,Major Arterial,Toronto and East York,14,Non Intersection,No Control,Clear,Dry,Non-Fatal Injury,Rear End,40 to 44,Major,,Driving Properly,Normal,,,"-79.331432, 43.657817"
4003374622,2014,16,Local,Scarborough,24,At/Near Private Drive,No Control,Clear,Dry,Non-Fatal Injury,Cyclist Collisions,15 to 19,Major,,,,,,"-79.224178, 43.78147"
5001534311,2015,16,Local,North York,6,Non Intersection,No Control,Clear,Dry,Fatal,SMV Other,85 to 89,Major,,Lost control,Unknown,,,"-79.448695, 43.76113"
5001534311,2015,16,Local,North York,6,Non Intersection,No Control,Clear,Dry,Fatal,SMV Other,90 to 94,Fatal,45,,,,,"-79.448695, 43.76113"
5000325366,2015,16,Collector,Scarborough,23,Non Intersection,No Control,Clear,Dry,Non-Fatal Injury,Approaching,5 to 9,None,,,,,,"-79.262576, 43.807837"
5000296206,2015,16,Major Arterial,Toronto and East York,10,At Intersection,Traffic Signal,Clear,Dry,Non-Fatal Injury,Pedestrian Collisions,35 to 39,None,,Improper Turn,Inattentive,,,"-79.403751, 43.64646"
5000296206,2015,16,Major Arterial,Toronto and East York,10,At Intersection,Traffic Signal,Clear,Dry,Non-Fatal Injury,Pedestrian Collisions,65 to 69,Major,,,,Crossing with right of way,Normal,"-79.403751, 43.64646"
5000296206,2015,16,Major Arterial,Toronto and East York,10,At Intersection,Traffic Signal,Clear,Dry,Non-Fatal Injury,Pedestrian Collisions,50 to 54,None,,,,Crossing with right of way,Normal,"-79.403751, 43.64646"
5000325366,2015,16,Collector,Scarborough,23,Non Intersection,No Control,Clear,Dry,Non-Fatal Injury,Approaching,70 to 74,Major,,Other,Other,,,"-79.262576, 43.807837"
5000325366,2015,16,Collector,Scarborough,23,Non Intersection,No Control,Clear,Dry,Non-Fatal Injury,Approaching,50 to 54,None,,Driving Properly,Normal,,,"-79.262576, 43.807837"
5000325366,2015,16,Collector,Scarborough,23,Non Intersection,No Control,Clear,Dry,Non-Fatal Injury,Approaching,10 to 14,None,,,,,,"-79.262576, 43.807837"
5000374256,2015,16,Major Arterial,Scarborough,23,At Intersection,Traffic Signal,Clear,Dry,Fatal,Pedestrian Collisions,60 to 64,Fatal,8,,,Crossing with right of way,Normal,"-79.243068, 43.81296"
5000374256,2015,16,Major Arterial,Scarborough,23,At Intersection,Traffic Signal,Clear,Dry,Fatal,Pedestrian Collisions,35 to 39,None,,Failed to Yield Right of Way,Normal,,,"-79.243068, 43.81296"
5001784292,2015,16,Major Arterial,Toronto and East York,10,Non Intersection,No Control,Clear,Dry,Non-Fatal Injury,Pedestrian Collisions,20 to 24,None,,Driving Properly,Normal,,,"-79.387485, 43.647013"
5001784292,2015,16,Major Arterial,Toronto and East York,10,Non Intersection,No Control,Clear,Dry,Non-Fatal Injury,Pedestrian Collisions,65 to 69,Major,,,,"Crossing, no Traffic Control",Inattentive,"-79.387485, 43.647013"
5001077682,2015,16,Major Arterial,North York,17,Intersection Related,Traffic Signal,Clear,Dry,Non-Fatal Injury,Turning Movement,60 to 64,Major,,Improper Turn,Normal,,,"-79.353313, 43.773719"
5001077682,2015,16,Major Arterial,North York,17,Intersection Related,Traffic Signal,Clear,Dry,Non-Fatal Injury,Turning Movement,25 to 29,None,,Driving Properly,Normal,,,"-79.353313, 43.773719"
5001077682,2015,16,Major Arterial,North York,17,Intersection Related,Traffic Signal,Clear,Dry,Non-Fatal Injury,Turning Movement,25 to 29,None,,,,,,"-79.353313, 43.773719"
4002915951,2014,16,Collector,Etobicoke York,1,Non Intersection,No Control,Rain,Wet,Non-Fatal Injury,Approaching,25 to 29,Major,,Speed too Fast For Condition,Normal,,,"-79.619922, 43.723643"
4002915951,2014,16,Collector,Etobicoke York,1,Non Intersection,No Control,Rain,Wet,Non-Fatal Injury,Approaching,30 to 34,Minor,,Driving Properly,Normal,,,"-79.619922, 43.723643"
4002929082,2014,16,Major Arterial,North York,17,Intersection Related,Traffic Signal,Clear,Dry,Non-Fatal Injury,Pedestrian Collisions,50 to 54,None,,Driving Properly,Normal,,,"-79.358073, 43.791945"
4002929082,2014,16,Major Arterial,North York,17,Intersection Related,Traffic Signal,Clear,Dry,Non-Fatal Injury,Pedestrian Collisions,45 to 49,Major,,,,Running onto Roadway,Medical or Physical Disability,"-79.358073, 43.791945"
143015764,2014,16,Major Arterial,Etobicoke York,5,,No Control,Clear,Dry,Fatal,Pedestrian Collisions,45 to 49,None,,Driving Properly,Normal,,,"-79.468509, 43.672331"
143015764,2014,16,Major Arterial,Etobicoke York,5,,No Control,Clear,Dry,Fatal,Pedestrian Collisions,70 to 74,Fatal,30,,,"Crossing, no Traffic Control",Unknown,"-79.468509, 43.672331"
143022510,2014,16,Local,Etobicoke York,1,,No Control,Clear,Wet,Fatal,SMV Other,20 to 24,Fatal,31,Lost control,Unknown,,,"-79.55511, 43.725997"
4003092212,2014,16,Minor Arterial,Etobicoke York,2,At Intersection,Traffic Signal,Clear,Dry,Non-Fatal Injury,Angle,45 to 49,None,,Disobeyed Traffic Control,Normal,,,"-79.555232, 43.657023"
4003092212,2014,16,Minor Arterial,Etobicoke York,2,At Intersection,Traffic Signal,Clear,Dry,Non-Fatal Injury,Angle,90 to 94,Minimal,,Failed to Yield Right of Way,Inattentive,,,"-79.555232, 43.657023"
4003092212,2014,16,Minor Arterial,Etobicoke York,2,At Intersection,Traffic Signal,Clear,Dry,Non-Fatal Injury,Angle,45 to 49,None,,,,,,"-79.555232, 43.657023"
4003092212,2014,16,Minor Arterial,Etobicoke York,2,At Intersection,Traffic Signal,Clear,Dry,Non-Fatal Injury,Angle,30 to 34,None,,,,,,"-79.555232, 43.657023"
4003092212,2014,16,Minor Arterial,Etobicoke York,2,At Intersection,Traffic Signal,Clear,Dry,Non-Fatal Injury,Angle,35 to 39,None,,,,,,"-79.555232, 43.657023"
4003092212,2014,16,Minor Arterial,Etobicoke York,2,At Intersection,Traffic Signal,Clear,Dry,Non-Fatal Injury,Angle,85 to 89,Major,,,,,,"-79.555232, 43.657023"
4003538995,2014,16,Major Arterial,North York,,At Intersection,Traffic Signal,Rain,Wet,Non-Fatal Injury,Pedestrian Collisions,80 to 84,None,,Failed to Yield Right of Way,Inattentive,,,"-79.38647, 43.698161"
4003538995,2014,16,Major Arterial,North York,,At Intersection,Traffic Signal,Rain,Wet,Non-Fatal Injury,Pedestrian Collisions,70 to 74,Major,,,,Crossing with right of way,Normal,"-79.38647, 43.698161"
5000518760,2015,16,Major Arterial,North York,18,At/Near Private Drive,No Control,Clear,Dry,Fatal,Pedestrian Collisions,unknown,None,,Failed to Yield Right of Way,Unknown,,,"-79.4192, 43.794638"
5000518760,2015,16,Major Arterial,North York,18,At/Near Private Drive,No Control,Clear,Dry,Fatal,Pedestrian Collisions,75 to 79,Minor,,,,On Sidewalk or Shoulder,Unknown,"-79.4192, 43.794638"
5000518760,2015,16,Major Arterial,North York,18,At/Near Private Drive,No Control,Clear,Dry,Fatal,Pedestrian Collisions,80 to 84,Fatal,16,,,On Sidewalk or Shoulder,Normal,"-79.4192, 43.794638"
5000542079,2015,16,Major Arterial,Etobicoke York,2,Intersection Related,No Control,Clear,Dry,Non-Fatal Injury,Rear End,15 to 19,Minor,,Lost control,Normal,,,"-79.532947, 43.666384"
5000542079,2015,16,Major Arterial,Etobicoke York,2,Intersection Related,No Control,Clear,Dry,Non-Fatal Injury,Rear End,35 to 39,Minimal,,Driving Properly,Normal,,,"-79.532947, 43.666384"
5000542079,2015,16,Major Arterial,Etobicoke York,2,Intersection Related,No Control,Clear,Dry,Non-Fatal Injury,Rear End,45 to 49,Major,,,,,,"-79.532947, 43.666384"
5000553836,2015,16,Major Arterial,Scarborough,24,At/Near Private Drive,No Control,Clear,Dry,Non-Fatal Injury,Sideswipe,unknown,None,,Improper Lane Change,Unknown,,,"-79.214069, 43.744261"
5000553836,2015,16,Major Arterial,Scarborough,24,At/Near Private Drive,No Control,Clear,Dry,Non-Fatal Injury,Sideswipe,60 to 64,Major,,Driving Properly,Normal,,,"-79.214069, 43.744261"
6001410250,2016,16,Local,Scarborough,24,At Intersection,Stop Sign,Clear,Dry,Non-Fatal Injury,Angle,60 to 64,None,,Failed to Yield Right of Way,Inattentive,,,"-79.21384, 43.759055"
6001410250,2016,16,Local,Scarborough,24,At Intersection,Stop Sign,Clear,Dry,Non-Fatal Injury,Angle,15 to 19,Major,,Driving Properly,Normal,,,"-79.21384, 43.759055"
6001410250,2016,16,Local,Scarborough,24,At Intersection,Stop Sign,Clear,Dry,Non-Fatal Injury,Angle,15 to 19,Minor,,,,,,"-79.21384, 43.759055"
6001410250,2016,16,Local,Scarborough,24,At Intersection,Stop Sign,Clear,Dry,Non-Fatal Injury,Angle,15 to 19,Minor,,,,,,"-79.21384, 43.759055"
6001410250,2016,16,Local,Scarborough,24,At Intersection,Stop Sign,Clear,Dry,Non-Fatal Injury,Angle,60 to 64,Minimal,,,,,,"-79.21384, 43.759055"
6001410250,2016,16,Local,Scarborough,24,At Intersection,Stop Sign,Clear,Dry,Non-Fatal Injury,Angle,25 to 29,None,,,,,,"-79.21384, 43.759055"
6001416564,2016,16,Major Arterial,Etobicoke York,1,At Intersection,Traffic Signal,Clear,Dry,Non-Fatal Injury,Pedestrian Collisions,45 to 49,None,,Failed to Yield Right of Way,Normal,,,"-79.574611, 43.728068"
6001416564,2016,16,Major Arterial,Etobicoke York,1,At Intersection,Traffic Signal,Clear,Dry,Non-Fatal Injury,Pedestrian Collisions,20 to 24,None,,Speed too Fast For Condition,Normal,,,"-79.574611, 43.728068"
6001416564,2016,16,Major Arterial,Etobicoke York,1,At Intersection,Traffic Signal,Clear,Dry,Non-Fatal Injury,Pedestrian Collisions,5 to 9,None,,,,,,"-79.574611, 43.728068"
6001416564,2016,16,Major Arterial,Etobicoke York,1,At Intersection,Traffic Signal,Clear,Dry,Non-Fatal Injury,Pedestrian Collisions,25 to 29,Major,,,,On Sidewalk or Shoulder,Normal,"-79.574611, 43.728068"
6001416564,2016,16,Major Arterial,Etobicoke York,1,At Intersection,Traffic Signal,Clear,Dry,Non-Fatal Injury,Pedestrian Collisions,25 to 29,Minor,,,,On Sidewalk or Shoulder,Normal,"-79.574611, 43.728068"
6001455596,2016,16,Major Arterial,Etobicoke York,,Non Intersection,No Control,Clear,Dry,Non-Fatal Injury,Approaching,55 to 59,Major,,Lost control,Medical or Physical Disability,,,"-79.492366, 43.768675"
6001455596,2016,16,Major Arterial,Etobicoke York,,Non Intersection,No Control,Clear,Dry,Non-Fatal Injury,Approaching,40 to 44,Minimal,,Driving Properly,Normal,,,"-79.492366, 43.768675"
6001455596,2016,16,Major Arterial,Etobicoke York,,Non Intersection,No Control,Clear,Dry,Non-Fatal Injury,Approaching,35 to 39,Minimal,,Driving Properly,Normal,,,"-79.492366, 43.768675"
6001455596,2016,16,Major Arterial,Etobicoke York,,Non Intersection,No Control,Clear,Dry,Non-Fatal Injury,Approaching,15 to 19,Minimal,,,,,,"-79.492366, 43.768675"
6001455596,2016,16,Major Arterial,Etobicoke York,,Non Intersection,No Control,Clear,Dry,Non-Fatal Injury,Approaching,5 to 9,Minimal,,,,,,"-79.492366, 43.768675"
6001455596,2016,16,Major Arterial,Etobicoke York,,Non Intersection,No Control,Clear,Dry,Non-Fatal Injury,Approaching,30 to 34,Minimal,,,,,,"-79.492366, 43.768675"
6001481386,2016,16,Major Arterial,Etobicoke York,1,At Intersection,Traffic Signal,Clear,Dry,Non-Fatal Injury,Turning Movement,35 to 39,None,,Improper Turn,Inattentive,,,"-79.607509, 43.744208"
6001481386,2016,16,Major Arterial,Etobicoke York,1,At Intersection,Traffic Signal,Clear,Dry,Non-Fatal Injury,Turning Movement,40 to 44,None,,Driving Properly,Normal,,,"-79.607509, 43.744208"
6001481386,2016,16,Major Arterial,Etobicoke York,1,At Intersection,Traffic Signal,Clear,Dry,Non-Fatal Injury,Turning Movement,35 to 39,Major,,,,,,"-79.607509, 43.744208"
6001513720,2016,16,Local,Scarborough,21,At/Near Private Drive,No Control,Clear,Dry,Non-Fatal Injury,Cyclist Collisions,unknown,None,,Failed to Yield Right of Way,Inattentive,,,"-79.303737, 43.752097"
6001513720,2016,16,Local,Scarborough,21,At/Near Private Drive,No Control,Clear,Dry,Non-Fatal Injury,Cyclist Collisions,50 to 54,Major,,,,,,"-79.303737, 43.752097"
6001532518,2016,16,Major Arterial,Scarborough,21,At Intersection,Stop Sign,Clear,Dry,Non-Fatal Injury,Turning Movement,55 to 59,None,,Improper Turn,Inattentive,,,"-79.301257, 43.763491"
6001532518,2016,16,Major Arterial,Scarborough,21,At Intersection,Stop Sign,Clear,Dry,Non-Fatal Injury,Turning Movement,30 to 34,Major,,Driving Properly,Normal,,,"-79.301257, 43.763491"
5001920978,2015,16,Minor Arterial,Scarborough,23,Intersection Related,No Control,Clear,Dry,Non-Fatal Injury,Turning Movement,55 to 59,None,,Improper Turn,"Ability Impaired, Alcohol",,,"-79.26469, 43.819476"
5001872803,2015,16,Major Arterial,Scarborough,23,Non Intersection,No Control,Clear,Dry,Non-Fatal Injury,Pedestrian Collisions,65 to 69,None,,Driving Properly,Normal,,,"-79.245204, 43.792521"
5001872803,2015,16,Major Arterial,Scarborough,23,Non Intersection,No Control,Clear,Dry,Non-Fatal Injury,Pedestrian Collisions,55 to 59,None,,,,,,"-79.245204, 43.792521"
5001872803,2015,16,Major Arterial,Scarborough,23,Non Intersection,No Control,Clear,Dry,Non-Fatal Injury,Pedestrian Collisions,45 to 49,None,,,,,,"-79.245204, 43.792521"
5001872803,2015,16,Major Arterial,Scarborough,23,Non Intersection,No Control,Clear,Dry,Non-Fatal Injury,Pedestrian Collisions,10 to 14,Major,,,,Crossing without right of way,Unknown,"-79.245204, 43.792521"
5001920978,2015,16,Minor Arterial,Scarborough,23,Intersection Related,No Control,Clear,Dry,Non-Fatal Injury,Turning Movement,55 to 59,Major,,,,,,"-79.26469, 43.819476"
5001920978,2015,16,Minor Arterial,Scarborough,23,Intersection Related,No Control,Clear,Dry,Non-Fatal Injury,Turning Movement,65 to 69,Minor,,Driving Properly,Normal,,,"-79.26469, 43.819476"
5001920978,2015,16,Minor Arterial,Scarborough,23,Intersection Related,No Control,Clear,Dry,Non-Fatal Injury,Turning Movement,40 to 44,Minimal,,,,,,"-79.26469, 43.819476"
6001558550,2016,16,Major Arterial,Toronto and East York,12,At Intersection,No Control,Clear,Dry,Non-Fatal Injury,Cyclist Collisions,55 to 59,None,,Improper Turn,Inattentive,,,"-79.401546, 43.691004"
6001558550,2016,16,Major Arterial,Toronto and East York,12,At Intersection,No Control,Clear,Dry,Non-Fatal Injury,Cyclist Collisions,20 to 24,Major,,,,,,"-79.401546, 43.691004"
6000197047,2016,16,Major Arterial,Etobicoke York,7,At Intersection,Traffic Signal,Clear,Dry,Non-Fatal Injury,Pedestrian Collisions,40 to 44,None,,Failed to Yield Right of Way,Inattentive,,,"-79.515086, 43.747023"
6000197047,2016,16,Major Arterial,Etobicoke York,7,At Intersection,Traffic Signal,Clear,Dry,Non-Fatal Injury,Pedestrian Collisions,55 to 59,Major,,,,Crossing with right of way,Normal,"-79.515086, 43.747023"
6000334615,2016,16,Local,Etobicoke York,7,Non Intersection,No Control,Clear,Dry,Non-Fatal Injury,Pedestrian Collisions,75 to 79,None,,Improper Passing,Inattentive,,,"-79.570171, 43.750346"
6000334615,2016,16,Local,Etobicoke York,7,Non Intersection,No Control,Clear,Dry,Non-Fatal Injury,Pedestrian Collisions,35 to 39,Major,,,,Other,Normal,"-79.570171, 43.750346"
6001576323,2016,16,Major Arterial,Scarborough,20,At Intersection,Traffic Signal,Clear,Dry,Non-Fatal Injury,Turning Movement,80 to 84,None,,Failed to Yield Right of Way,Inattentive,,,"-79.279201, 43.682185"
6001576323,2016,16,Major Arterial,Scarborough,20,At Intersection,Traffic Signal,Clear,Dry,Non-Fatal Injury,Turning Movement,55 to 59,Major,,Driving Properly,Normal,,,"-79.279201, 43.682185"
6001576323,2016,16,Major Arterial,Scarborough,20,At Intersection,Traffic Signal,Clear,Dry,Non-Fatal Injury,Turning Movement,50 to 54,None,,Driving Properly,Normal,,,"-79.279201, 43.682185"
6001576323,2016,16,Major Arterial,Scarborough,20,At Intersection,Traffic Signal,Clear,Dry,Non-Fatal Injury,Turning Movement,50 to 54,None,,,,,,"-79.279201, 43.682185"
6001576323,2016,16,Major Arterial,Scarborough,20,At Intersection,Traffic Signal,Clear,Dry,Non-Fatal Injury,Turning Movement,55 to 59,None,,,,,,"-79.279201, 43.682185"
6001582808,2016,16,Local,Etobicoke York,1,At Intersection,Stop Sign,Clear,Dry,Non-Fatal Injury,Angle,25 to 29,None,,,,,,"-79.620067, 43.722979"
6001582808,2016,16,Local,Etobicoke York,1,At Intersection,Stop Sign,Clear,Dry,Non-Fatal Injury,Angle,25 to 29,None,,Disobeyed Traffic Control,Normal,,,"-79.620067, 43.722979"
6001582808,2016,16,Local,Etobicoke York,1,At Intersection,Stop Sign,Clear,Dry,Non-Fatal Injury,Angle,50 to 54,Major,,Driving Properly,Normal,,,"-79.620067, 43.722979"
6001582808,2016,16,Local,Etobicoke York,1,At Intersection,Stop Sign,Clear,Dry,Non-Fatal Injury,Angle,15 to 19,None,,,,,,"-79.620067, 43.722979"
6001622859,2016,16,Minor Arterial,Scarborough,25,Non Intersection,No Control,Clear,Dry,Non-Fatal Injury,Rear End,50 to 54,None,,Improper Lane Change,Normal,,,"-79.154285, 43.802382"
6001622859,2016,16,Minor Arterial,Scarborough,25,Non Intersection,No Control,Clear,Dry,Non-Fatal Injury,Rear End,55 to 59,Major,,Speed too Fast For Condition,Normal,,,"-79.154285, 43.802382"
6001707155,2016,16,Major Arterial,Etobicoke York,,At Intersection,Traffic Signal,Clear,Dry,Non-Fatal Injury,Angle,65 to 69,Major,,Disobeyed Traffic Control,Inattentive,,,"-79.494464, 43.781508"
6001707155,2016,16,Major Arterial,Etobicoke York,,At Intersection,Traffic Signal,Clear,Dry,Non-Fatal Injury,Angle,65 to 69,Minor,,Driving Properly,Normal,,,"-79.494464, 43.781508"
6001707155,2016,16,Major Arterial,Etobicoke York,,At Intersection,Traffic Signal,Clear,Dry,Non-Fatal Injury,Angle,55 to 59,Minor,,Driving Properly,Normal,,,"-79.494464, 43.781508"
6001707155,2016,16,Major Arterial,Etobicoke York,,At Intersection,Traffic Signal,Clear,Dry,Non-Fatal Injury,Angle,55 to 59,Minor,,,,,,"-79.494464, 43.781508"
6001707155,2016,16,Major Arterial,Etobicoke York,,At Intersection,Traffic Signal,Clear,Dry,Non-Fatal Injury,Angle,75 to 79,Minor,,,,,,"-79.494464, 43.781508"
6001707155,2016,16,Major Arterial,Etobicoke York,,At Intersection,Traffic Signal,Clear,Dry,Non-Fatal Injury,Angle,50 to 54,Minor,,,,,,"-79.494464, 43.781508"
5002036269,2015,16,Major Arterial,Etobicoke York,1,Intersection Related,Traffic Signal,Clear,Wet,Non-Fatal Injury,Rear End,25 to 29,Minor,,Following too Close,Inattentive,,,"-79.572353, 43.723429"
5002036269,2015,16,Major Arterial,Etobicoke York,1,Intersection Related,Traffic Signal,Clear,Wet,Non-Fatal Injury,Rear End,45 to 49,Minor,,Driving Properly,Normal,,,"-79.572353, 43.723429"
5002036269,2015,16,Major Arterial,Etobicoke York,1,Intersection Related,Traffic Signal,Clear,Wet,Non-Fatal Injury,Rear End,50 to 54,Major,,Driving Properly,Normal,,,"-79.572353, 43.723429"
5002036269,2015,16,Major Arterial,Etobicoke York,1,Intersection Related,Traffic Signal,Clear,Wet,Non-Fatal Injury,Rear End,5 to 9,None,,,,,,"-79.572353, 43.723429"
5002036269,2015,16,Major Arterial,Etobicoke York,1,Intersection Related,Traffic Signal,Clear,Wet,Non-Fatal Injury,Rear End,0 to 4,None,,,,,,"-79.572353, 43.723429"
5002156360,2015,16,Major Arterial,Scarborough,23,At Intersection,Traffic Signal,Clear,Wet,Non-Fatal Injury,Turning Movement,55 to 59,None,,Improper Turn,Unknown,,,"-79.277362, 43.805636"
5002156360,2015,16,Major Arterial,Scarborough,23,At Intersection,Traffic Signal,Clear,Wet,Non-Fatal Injury,Turning Movement,50 to 54,Major,,Driving Properly,Unknown,,,"-79.277362, 43.805636"
5002156360,2015,16,Major Arterial,Scarborough,23,At Intersection,Traffic Signal,Clear,Wet,Non-Fatal Injury,Turning Movement,20 to 24,Major,,,,,,"-79.277362, 43.805636"
6000943293,2016,16,Major Arterial,North York,15,At Intersection,Traffic Signal,Clear,Dry,Non-Fatal Injury,Turning Movement,75 to 79,Major,,Failed to Yield Right of Way,Inattentive,,,"-79.377116, 43.710967"
6000943293,2016,16,Major Arterial,North York,15,At Intersection,Traffic Signal,Clear,Dry,Non-Fatal Injury,Turning Movement,30 to 34,None,,Driving Properly,Normal,,,"-79.377116, 43.710967"
6000943293,2016,16,Major Arterial,North York,15,At Intersection,Traffic Signal,Clear,Dry,Non-Fatal Injury,Turning Movement,30 to 34,Minimal,,,,,,"-79.377116, 43.710967"