ACCNUM,YEAR,HOUR,ROAD_CLASS,District,WardNum,ACCLOC,TRAFFCTL,VISIBILITY,RDSFCOND,ACCLASS,IMPACTYPE,INVAGE,INJURY,FATAL_NO,DRIVACT,DRIVCOND,PEDACT,PEDCOND,geometry
6000929645,2016,17,Minor Arterial,Toronto and East York,11,At/Near Private Drive,No Control,Clear,Dry,Non-Fatal Injury,Turning Movement,30 to 34,None,,,,,,"-79.405658, 43.671214"
6000936555,2016,17,Major Arterial,Etobicoke York,3,Non Intersection,No Control,Clear,Dry,Non-Fatal Injury,Rear End,60 to 64,None,,Lost control,Normal,,,"-79.531665, 43.594889"
6000936555,2016,17,Major Arterial,Etobicoke York,3,Non Intersection,No Control,Clear,Dry,Non-Fatal Injury,Rear End,60 to 64,None,,Driving Properly,Normal,,,"-79.531665, 43.594889"
6000936555,2016,17,Major Arterial,Etobicoke York,3,Non Intersection,No Control,Clear,Dry,Non-Fatal Injury,Rear End,35 to 39,None,,Driving Properly,Normal,,,"-79.531665, 43.594889"
6000936555,2016,17,Major Arterial,Etobicoke York,3,Non Intersection,No Control,Clear,Dry,Non-Fatal Injury,Rear End,70 to 74,Major,,,,,,"-79.531665, 43.594889"
6000936557,2016,17,Local,Etobicoke York,5,Non Intersection,No Control,Clear,Dry,Fatal,Other,65 to 69,Fatal,34,Other,Unknown,,,"-79.467433, 43.688113"
6000944060,2016,17,Major Arterial,Etobicoke York,5,At Intersection,Traffic Signal,Clear,Dry,Non-Fatal Injury,Pedestrian Collisions,25 to 29,None,,Failed to Yield Right of Way,Inattentive,,,"-79.51984, 43.699214"
6000944060,2016,17,Major Arterial,Etobicoke York,5,At Intersection,Traffic Signal,Clear,Dry,Non-Fatal Injury,Pedestrian Collisions,55 to 59,Major,,,,Crossing with right of way,Normal,"-79.51984, 43.699214"
6000944060,2016,17,Major Arterial,Etobicoke York,5,At Intersection,Traffic Signal,Clear,Dry,Non-Fatal Injury,Pedestrian Collisions,5 to 9,None,,,,,,"-79.51984, 43.699214"
6000944060,2016,17,Major Arterial,Etobicoke York,5,At Intersection,Traffic Signal,Clear,Dry,Non-Fatal Injury,Pedestrian Collisions,0 to 4,None,,,,,,"-79.51984, 43.699214"
6000944060,2016,17,Major Arterial,Etobicoke York,5,At Intersection,Traffic Signal,Clear,Dry,Non-Fatal Injury,Pedestrian Collisions,0 to 4,None,,,,,,"-79.51984, 43.699214"
6000688444,2016,17,Major Arterial,North York,,Intersection Related,Traffic Signal,Clear,Dry,Fatal,Pedestrian Collisions,55 to 59,Fatal,26,,,Crossing without right of way,Inattentive,"-79.324161, 43.777732"
6000688444,2016,17,Major Arterial,North York,,Intersection Related,Traffic Signal,Clear,Dry,Fatal,Pedestrian Collisions,55 to 59,None,,Driving Properly,Normal,,,"-79.324161, 43.777732"
6001222638,2016,17,Collector,Etobicoke York,3,At Intersection,No Control,Clear,Dry,Fatal,SMV Other,55 to 59,Fatal,46,Lost control,Medical or Physical Disability,,,"-79.510753, 43.602278"
6001288485,2016,17,Minor Arterial,Etobicoke York,5,At Intersection,Stop Sign,Clear,Dry,Non-Fatal Injury,Angle,50 to 54,None,,Failed to Yield Right of Way,Inattentive,,,"-79.498981, 43.697261"
6001288485,2016,17,Minor Arterial,Etobicoke York,5,At Intersection,Stop Sign,Clear,Dry,Non-Fatal Injury,Angle,40 to 44,Major,,Speed too Fast For Condition,Normal,,,"-79.498981, 43.697261"
5002212262,2015,17,Major Arterial,Toronto and East York,9,Non Intersection,No Control,Clear,Dry,Non-Fatal Injury,Pedestrian Collisions,60 to 64,None,,Driving Properly,Normal,,,"-79.431537, 43.669928"
5002212262,2015,17,Major Arterial,Toronto and East York,9,Non Intersection,No Control,Clear,Dry,Non-Fatal Injury,Pedestrian Collisions,50 to 54,Major,,,,"Crossing, no Traffic Control",Had Been Drinking,"-79.431537, 43.669928"
5002212262,2015,17,Major Arterial,Toronto and East York,9,Non Intersection,No Control,Clear,Dry,Non-Fatal Injury,Pedestrian Collisions,40 to 44,Major,,,,"Crossing, no Traffic Control",Had Been Drinking,"-79.431537, 43.669928"
6000051992,2016,17,Minor Arterial,Toronto and East York,,Non Intersection,No Control,Clear,Wet,Non-Fatal Injury,Other,30 to 34,None,,Driving Properly,Normal,,,"-79.426914, 43.664973"
6000051992,2016,17,Minor Arterial,Toronto and East York,,Non Intersection,No Control,Clear,Wet,Non-Fatal Injury,Other,80 to 84,Major,,,,,,"-79.426914, 43.664973"
6001057996,2016,17,Minor Arterial,North York,8,Non Intersection,No Control,Clear,Dry,Non-Fatal Injury,Turning Movement,20 to 24,Major,,Exceeding Speed Limit,Normal,,,"-79.463603, 43.698886"
6001057996,2016,17,Minor Arterial,North York,8,Non Intersection,No Control,Clear,Dry,Non-Fatal Injury,Turning Movement,40 to 44,None,,Driving Properly,Normal,,,"-79.463603, 43.698886"
6001125472,2016,17,Major Arterial,North York,17,Intersection Related,Traffic Signal,Clear,Dry,Non-Fatal Injury,Turning Movement,50 to 54,None,,Improper Turn,Inattentive,,,"-79.346271, 43.772326"
6001125472,2016,17,Major Arterial,North York,17,Intersection Related,Traffic Signal,Clear,Dry,Non-Fatal Injury,Turning Movement,50 to 54,Major,,Driving Properly,Normal,,,"-79.346271, 43.772326"
7000838415,2017,17,Major Arterial,North York,17,Intersection Related,No Control,Clear,Dry,Non-Fatal Injury,Rear End,75 to 79,None,,,,,,"-79.344959, 43.814719"
7000838415,2017,17,Major Arterial,North York,17,Intersection Related,No Control,Clear,Dry,Non-Fatal Injury,Rear End,70 to 74,Minor,,,,,,"-79.344959, 43.814719"
7000838415,2017,17,Major Arterial,North York,17,Intersection Related,No Control,Clear,Dry,Non-Fatal Injury,Rear End,30 to 34,None,,,,,,"-79.344959, 43.814719"
7000838415,2017,17,Major Arterial,North York,17,Intersection Related,No Control,Clear,Dry,Non-Fatal Injury,Rear End,30 to 34,Minor,,,,,,"-79.344959, 43.814719"
7000838415,2017,17,Major Arterial,North York,17,Intersection Related,No Control,Clear,Dry,Non-Fatal Injury,Rear End,35 to 39,None,,Driving Properly,Normal,,,"-79.344959, 43.814719"
7000838415,2017,17,Major Arterial,North York,17,Intersection Related,No Control,Clear,Dry,Non-Fatal Injury,Rear End,45 to 49,Minimal,,Driving Properly,Normal,,,"-79.344959, 43.814719"
7000838415,2017,17,Major Arterial,North York,17,Intersection Related,No Control,Clear,Dry,Non-Fatal Injury,Rear End,35 to 39,None,,Driving Properly,Normal,,,"-79.344959, 43.814719"
7000838415,2017,17,Major Arterial,North York,17,Intersection Related,No Control,Clear,Dry,Non-Fatal Injury,Rear End,45 to 49,None,,Driving Properly,Normal,,,"-79.344959, 43.814719"
7000838415,2017,17,Major Arterial,North York,17,Intersection Related,No Control,Clear,Dry,Non-Fatal Injury,Rear End,45 to 49,None,,Driving Properly,Normal,,,"-79.344959, 43.814719"
7000838415,2017,17,Major Arterial,North York,17,Intersection Related,No Control,Clear,Dry,Non-Fatal Injury,Rear End,30 to 34,Major,,Driving Properly,Normal,,,"-79.344959, 43.814719"
7000838415,2017,17,Major Arterial,North York,17,Intersection Related,No Control,Clear,Dry,Non-Fatal Injury,Rear End,20 to 24,None,,Speed too Fast For Condition,Had Been Drinking,,,"-79.344959, 43.814719"
7000844839,2017,17,Minor Arterial,Toronto and East York,10,At Intersection,Traffic Signal,Clear,Dry,Non-Fatal Injury,Cyclist Collisions,25 to 29,Major,,,,,,"-79.411426, 43.640685"
7000844839,2017,17,Minor Arterial,Toronto and East York,10,At Intersection,Traffic Signal,Clear,Dry,Non-Fatal Injury,Cyclist Collisions,50 to 54,None,,Improper Turn,Inattentive,,,"-79.411426, 43.640685"
7000891518,2017,17,Major Arterial,Scarborough,,Non Intersection,No Control,Clear,Dry,Non-Fatal Injury,Rear End,40 to 44,Minimal,,Following too Close,Inattentive,,,"-79.245181, 43.737235"
7000891518,2017,17,Major Arterial,Scarborough,,Non Intersection,No Control,Clear,Dry,Non-Fatal Injury,Rear End,45 to 49,Minimal,,Driving Properly,Normal,,,"-79.245181, 43.737235"
7000891518,2017,17,Major Arterial,Scarborough,,Non Intersection,No Control,Clear,Dry,Non-Fatal Injury,Rear End,65 to 69,Minor,,,,,,"-79.245181, 43.737235"
7000891518,2017,17,Major Arterial,Scarborough,,Non Intersection,No Control,Clear,Dry,Non-Fatal Injury,Rear End,80 to 84,Major,,,,,,"-79.245181, 43.737235"
7000891518,2017,17,Major Arterial,Scarborough,,Non Intersection,No Control,Clear,Dry,Non-Fatal Injury,Rear End,0 to 4,Minimal,,,,,,"-79.245181, 43.737235"
7000891518,2017,17,Major Arterial,Scarborough,,Non Intersection,No Control,Clear,Dry,Non-Fatal Injury,Rear End,25 to 29,Minimal,,,,,,"-79.245181, 43.737235"
7000891518,2017,17,Major Arterial,Scarborough,,Non Intersection,No Control,Clear,Dry,Non-Fatal Injury,Rear End,0 to 4,Minimal,,,,,,"-79.245181, 43.737235"
7000891518,2017,17,Major Arterial,Scarborough,,Non Intersection,No Control,Clear,Dry,Non-Fatal Injury,Rear End,60 to 64,Minimal,,,,,,"-79.245181, 43.737235"
7000891518,2017,17,Major Arterial,Scarborough,,Non Intersection,No Control,Clear,Dry,Non-Fatal Injury,Rear End,65 to 69,Minimal,,,,,,"-79.245181, 43.737235"
7000891518,2017,17,Major Arterial,Scarborough,,Non Intersection,No Control,Clear,Dry,Non-Fatal Injury,Rear End,50 to 54,Minimal,,,,,,"-79.245181, 43.737235"
6001786629,2016,17,Local,Scarborough,23,Non Intersection,No Control,Clear,Dry,Non-Fatal Injury,Pedestrian Collisions,60 to 64,None,,Improper Passing,Inattentive,,,"-79.279849, 43.791091"
6001786629,2016,17,Local,Scarborough,23,Non Intersection,No Control,Clear,Dry,Non-Fatal Injury,Pedestrian Collisions,75 to 79,Major,,,,Walking on Roadway with Traffic,Normal,"-79.279849, 43.791091"
6001798296,2016,17,Major Arterial,North York,8,At Intersection,Traffic Signal,Clear,Dry,Non-Fatal Injury,Turning Movement,20 to 24,None,,Failed to Yield Right of Way,Inattentive,,,"-79.443179, 43.716258"
6001798296,2016,17,Major Arterial,North York,8,At Intersection,Traffic Signal,Clear,Dry,Non-Fatal Injury,Turning Movement,25 to 29,Major,,Driving Properly,Normal,,,"-79.443179, 43.716258"
6001798296,2016,17,Major Arterial,North York,8,At Intersection,Traffic Signal,Clear,Dry,Non-Fatal Injury,Turning Movement,15 to 19,None,,,,,,"-79.443179, 43.716258"
7001571864,2017,17,Major Arterial,Toronto and East York,11,At Intersection,Traffic Signal,Clear,Dry,Non-Fatal Injury,Cyclist Collisions,40 to 44,Major,,,,,,"-79.390605, 43.663512"
7001571864,2017,17,Major Arterial,Toronto and East York,11,At Intersection,Traffic Signal,Clear,Dry,Non-Fatal Injury,Cyclist Collisions,55 to 59,None,,Improper Turn,Inattentive,,,"-79.390605, 43.663512"
7001609078,2017,17,Local,Toronto and East York,12,Non Intersection,No Control,Clear,Dry,Non-Fatal Injury,Pedestrian Collisions,35 to 39,None,,Driving Properly,Normal,,,"-79.393703, 43.6999"
7001609078,2017,17,Local,Toronto and East York,12,Non Intersection,No Control,Clear,Dry,Non-Fatal Injury,Pedestrian Collisions,40 to 44,None,,,,,,"-79.393703, 43.6999"
7001609078,2017,17,Local,Toronto and East York,12,Non Intersection,No Control,Clear,Dry,Non-Fatal Injury,Pedestrian Collisions,0 to 4,None,,,,,,"-79.393703, 43.6999"
7001609078,2017,17,Local,Toronto and East York,12,Non Intersection,No Control,Clear,Dry,Non-Fatal Injury,Pedestrian Collisions,5 to 9,Major,,,,"Crossing, no Traffic Control",Inattentive,"-79.393703, 43.6999"
6002001573,2016,17,Major Arterial,Scarborough,21,Non Intersection,No Control,Clear,Dry,Fatal,Pedestrian Collisions,70 to 74,Minimal,,Driving Properly,Normal,,,"-79.254108, 43.750491"
6002001573,2016,17,Major Arterial,Scarborough,21,Non Intersection,No Control,Clear,Dry,Fatal,Pedestrian Collisions,60 to 64,Fatal,71,,,"Crossing, no Traffic Control",Inattentive,"-79.254108, 43.750491"
6002001573,2016,17,Major Arterial,Scarborough,21,Non Intersection,No Control,Clear,Dry,Fatal,Pedestrian Collisions,65 to 69,Major,,,,"Crossing, no Traffic Control",Unknown,"-79.254108, 43.750491"
7000957172,2017,17,Major Arterial,Toronto and East York,13,At Intersection,Traffic Signal,Rain,Wet,Non-Fatal Injury,SMV Other,30 to 34,Major,,Speed too Fast For Condition,Inattentive,,,"-79.371425, 43.649378"
7000998235,2017,17,Major Arterial,Etobicoke York,1,At Intersection,Stop Sign,Clear,Dry,Non-Fatal Injury,Angle,30 to 34,None,,Failed to Yield Right of Way,Normal,,,"-79.565051, 43.708155"
7000998235,2017,17,Major Arterial,Etobicoke York,1,At Intersection,Stop Sign,Clear,Dry,Non-Fatal Injury,Angle,60 to 64,Major,,Driving Properly,Normal,,,"-79.565051, 43.708155"
7000998235,2017,17,Major Arterial,Etobicoke York,1,At Intersection,Stop Sign,Clear,Dry,Non-Fatal Injury,Angle,55 to 59,None,,,,,,"-79.565051, 43.708155"
7001053469,2017,17,Major Arterial,North York,17,At Intersection,Traffic Controller,Clear,Dry,Non-Fatal Injury,Rear End,70 to 74,Major,,Other,Medical or Physical Disability,,,"-79.347003, 43.775035"
7001053469,2017,17,Major Arterial,North York,17,At Intersection,Traffic Controller,Clear,Dry,Non-Fatal Injury,Rear End,25 to 29,None,,Driving Properly,Normal,,,"-79.347003, 43.775035"
7001053469,2017,17,Major Arterial,North York,17,At Intersection,Traffic Controller,Clear,Dry,Non-Fatal Injury,Rear End,25 to 29,None,,Driving Properly,Normal,,,"-79.347003, 43.775035"
7001053469,2017,17,Major Arterial,North York,17,At Intersection,Traffic Controller,Clear,Dry,Non-Fatal Injury,Rear End,25 to 29,None,,,,,,"-79.347003, 43.775035"
7001109368,2017,17,Major Arterial,North York,8,At Intersection,No Control,Clear,Dry,Non-Fatal Injury,SMV Other,60 to 64,Major,,Lost control,Other,,,"-79.41846, 43.721591"
7001109368,2017,17,Major Arterial,North York,8,At Intersection,No Control,Clear,Dry,Non-Fatal Injury,SMV Other,60 to 64,None,,,,,,"-79.41846, 43.721591"
7001343625,2017,17,Major Arterial,Toronto and East York,,At Intersection,No Control,Clear,Dry,Non-Fatal Injury,Cyclist Collisions,60 to 64,Major,,,,,,"-79.404804, 43.652083"
7001343625,2017,17,Major Arterial,Toronto and East York,,At Intersection,No Control,Clear,Dry,Non-Fatal Injury,Cyclist Collisions,50 to 54,None,,Improper Turn,Inattentive,,,"-79.404804, 43.652083"
7000313988,2017,17,Minor Arterial,Toronto and East York,14,Non Intersection,No Control,Clear,Dry,Non-Fatal Injury,Pedestrian Collisions,20 to 24,None,,Driving Properly,Normal,,,"-79.338725, 43.668463"
7000313988,2017,17,Minor Arterial,Toronto and East York,14,Non Intersection,No Control,Clear,Dry,Non-Fatal Injury,Pedestrian Collisions,55 to 59,Major,,,,Crossing without right of way,Normal,"-79.338725, 43.668463"
6002215528,2016,17,Minor Arterial,Toronto and East York,10,Non Intersection,No Control,Clear,Dry,Non-Fatal Injury,Pedestrian Collisions,65 to 69,None,,Driving Properly,Normal,,,"-79.380908, 43.639723"
6002215528,2016,17,Minor Arterial,Toronto and East York,10,Non Intersection,No Control,Clear,Dry,Non-Fatal Injury,Pedestrian Collisions,50 to 54,Major,,,,"Crossing, no Traffic Control",Inattentive,"-79.380908, 43.639723"
7000117079,2017,17,Collector,Scarborough,25,Non Intersection,No Control,Clear,Dry,Non-Fatal Injury,Pedestrian Collisions,65 to 69,None,,Driving Properly,Normal,,,"-79.183154, 43.769919"
7000117079,2017,17,Collector,Scarborough,25,Non Intersection,No Control,Clear,Dry,Non-Fatal Injury,Pedestrian Collisions,55 to 59,Major,,,,"Crossing, no Traffic Control",Normal,"-79.183154, 43.769919"
7001383874,2017,17,Local,Toronto and East York,10,At Intersection,No Control,Clear,Dry,Non-Fatal Injury,Cyclist Collisions,30 to 34,Major,,,,,,"-79.396526, 43.652007"
7001383874,2017,17,Local,Toronto and East York,10,At Intersection,No Control,Clear,Dry,Non-Fatal Injury,Cyclist Collisions,60 to 64,None,,Driving Properly,Normal,,,"-79.396526, 43.652007"
7001474297,2017,17,Major Arterial,North York,6,At Intersection,Stop Sign,Clear,Dry,Non-Fatal Injury,Turning Movement,65 to 69,Minor,,,,,,"-79.446399, 43.734683"
7001474297,2017,17,Major Arterial,North York,6,At Intersection,Stop Sign,Clear,Dry,Non-Fatal Injury,Turning Movement,5 to 9,Minimal,,,,,,"-79.446399, 43.734683"
7001474297,2017,17,Major Arterial,North York,6,At Intersection,Stop Sign,Clear,Dry,Non-Fatal Injury,Turning Movement,5 to 9,Minimal,,,,,,"-79.446399, 43.734683"
7001474297,2017,17,Major Arterial,North York,6,At Intersection,Stop Sign,Clear,Dry,Non-Fatal Injury,Turning Movement,35 to 39,Major,,,,,,"-79.446399, 43.734683"
7001474297,2017,17,Major Arterial,North York,6,At Intersection,Stop Sign,Clear,Dry,Non-Fatal Injury,Turning Movement,30 to 34,None,,Driving Properly,Normal,,,"-79.446399, 43.734683"
7001474297,2017,17,Major Arterial,North York,6,At Intersection,Stop Sign,Clear,Dry,Non-Fatal Injury,Turning Movement,30 to 34,None,,Improper Turn,Normal,,,"-79.446399, 43.734683"
8000438104,2018,17,Minor Arterial,Etobicoke York,5,At Intersection,Traffic Signal,Clear,Dry,Non-Fatal Injury,Turning Movement,20 to 24,None,,Improper Turn,Normal,,,"-79.508159, 43.696166"
8001005899,2018,17,Major Arterial,North York,18,Intersection Related,No Control,Clear,Dry,Non-Fatal Injury,SMV Other,85 to 89,Major,,Other,Medical or Physical Disability,,,"-79.409595, 43.756415"
8000438104,2018,17,Minor Arterial,Etobicoke York,5,At Intersection,Traffic Signal,Clear,Dry,Non-Fatal Injury,Turning Movement,35 to 39,Major,,Driving Properly,Normal,,,"-79.508159, 43.696166"
8001264786,2018,17,Minor Arterial,Etobicoke York,2,At Intersection,Traffic Signal,Clear,Dry,Non-Fatal Injury,Turning Movement,45 to 49,None,,Failed to Yield Right of Way,Normal,,,"-79.579456, 43.651335"
8001059223,2018,17,Minor Arterial,Etobicoke York,3,Non Intersection,No Control,Clear,Dry,Non-Fatal Injury,Cyclist Collisions,unknown,None,,Failed to Yield Right of Way,Unknown,,,"-79.493869, 43.605387"
8001059223,2018,17,Minor Arterial,Etobicoke York,3,Non Intersection,No Control,Clear,Dry,Non-Fatal Injury,Cyclist Collisions,25 to 29,Major,,,,,,"-79.493869, 43.605387"
8001108986,2018,17,Local,,18,At/Near Private Drive,No Control,Clear,Dry,Non-Fatal Injury,SMV Other,25 to 29,Major,,Lost control,Unknown,,,"-79.420261, 43.790667"
8001115863,2018,17,Minor Arterial,North York,18,At Intersection,Stop Sign,Clear,Dry,Non-Fatal Injury,Angle,45 to 49,Major,,Failed to Yield Right of Way,Inattentive,,,"-79.412708, 43.795069"
8001115863,2018,17,Minor Arterial,North York,18,At Intersection,Stop Sign,Clear,Dry,Non-Fatal Injury,Angle,30 to 34,Minor,,Driving Properly,Normal,,,"-79.412708, 43.795069"
8001115863,2018,17,Minor Arterial,North York,18,At Intersection,Stop Sign,Clear,Dry,Non-Fatal Injury,Angle,50 to 54,Major,,Driving Properly,Normal,,,"-79.412708, 43.795069"
8001115979,2018,17,Minor Arterial,Toronto and East York,4,At Intersection,Stop Sign,Clear,Dry,Non-Fatal Injury,Angle,55 to 59,Minimal,,Speed too Fast For Condition,Normal,,,"-79.470783, 43.66247"
8001115979,2018,17,Minor Arterial,Toronto and East York,4,At Intersection,Stop Sign,Clear,Dry,Non-Fatal Injury,Angle,50 to 54,Major,,Driving Properly,Normal,,,"-79.470783, 43.66247"
8001115979,2018,17,Minor Arterial,Toronto and East York,4,At Intersection,Stop Sign,Clear,Dry,Non-Fatal Injury,Angle,50 to 54,Minimal,,Driving Properly,Normal,,,"-79.470783, 43.66247"
8001149979,2018,17,Major Arterial,Toronto and East York,13,At Intersection,Traffic Signal,Clear,Dry,Non-Fatal Injury,Pedestrian Collisions,25 to 29,None,,Failed to Yield Right of Way,Inattentive,,,"-79.37733, 43.647772"
8001149979,2018,17,Major Arterial,Toronto and East York,13,At Intersection,Traffic Signal,Clear,Dry,Non-Fatal Injury,Pedestrian Collisions,30 to 34,None,,Driving Properly,Normal,,,"-79.37733, 43.647772"
8001149979,2018,17,Major Arterial,Toronto and East York,13,At Intersection,Traffic Signal,Clear,Dry,Non-Fatal Injury,Pedestrian Collisions,60 to 64,Major,,,,Crossing with right of way,Normal,"-79.37733, 43.647772"
8001217493,2018,17,Major Arterial,Scarborough,21,Intersection Related,No Control,Clear,Dry,Non-Fatal Injury,Approaching,70 to 74,Major,,Lost control,Normal,,,"-79.244525, 43.746295"
8001217493,2018,17,Major Arterial,Scarborough,21,Intersection Related,No Control,Clear,Dry,Non-Fatal Injury,Approaching,50 to 54,Major,,Driving Properly,Normal,,,"-79.244525, 43.746295"
8001264786,2018,17,Minor Arterial,Etobicoke York,2,At Intersection,Traffic Signal,Clear,Dry,Non-Fatal Injury,Turning Movement,40 to 44,Major,,Driving Properly,Normal,,,"-79.579456, 43.651335"
8000824301,2018,17,Major Arterial,Toronto and East York,19,At Intersection,Traffic Signal,Clear,Dry,Non-Fatal Injury,Pedestrian Collisions,50 to 54,None,,Failed to Yield Right of Way,Normal,,,"-79.32085, 43.683871"
8000824301,2018,17,Major Arterial,Toronto and East York,19,At Intersection,Traffic Signal,Clear,Dry,Non-Fatal Injury,Pedestrian Collisions,75 to 79,Major,,,,Crossing with right of way,Inattentive,"-79.32085, 43.683871"
8000956490,2018,17,Major Arterial,Toronto and East York,13,Intersection Related,No Control,Clear,Dry,Non-Fatal Injury,Turning Movement,50 to 54,None,,Failed to Yield Right of Way,Normal,,,"-79.385654, 43.667491"
8000956490,2018,17,Major Arterial,Toronto and East York,13,Intersection Related,No Control,Clear,Dry,Non-Fatal Injury,Turning Movement,30 to 34,Major,,Driving Properly,Normal,,,"-79.385654, 43.667491"
8000970456,2018,17,Minor Arterial,Toronto and East York,10,At Intersection,Traffic Signal,Clear,Dry,Non-Fatal Injury,Cyclist Collisions,35 to 39,None,,Failed to Yield Right of Way,Normal,,,"-79.365466, 43.645079"
8000970456,2018,17,Minor Arterial,Toronto and East York,10,At Intersection,Traffic Signal,Clear,Dry,Non-Fatal Injury,Cyclist Collisions,25 to 29,Major,,,,,,"-79.365466, 43.645079"
8000501010,2018,17,Major Arterial,Etobicoke York,2,Non Intersection,No Control,Clear,Dry,Non-Fatal Injury,Rear End,50 to 54,None,,Following too Close,Normal,,,"-79.587627, 43.66603"
8000501010,2018,17,Major Arterial,Etobicoke York,2,Non Intersection,No Control,Clear,Dry,Non-Fatal Injury,Rear End,65 to 69,Major,,Driving Properly,Normal,,,"-79.587627, 43.66603"
8000501010,2018,17,Major Arterial,Etobicoke York,2,Non Intersection,No Control,Clear,Dry,Non-Fatal Injury,Rear End,55 to 59,None,,Driving Properly,Normal,,,"-79.587627, 43.66603"
8001395482,2018,17,Major Arterial,North York,18,Non Intersection,No Control,Clear,Dry,Non-Fatal Injury,Pedestrian Collisions,40 to 44,None,,Driving Properly,Normal,,,"-79.422603, 43.797373"
8001395482,2018,17,Major Arterial,North York,18,Non Intersection,No Control,Clear,Dry,Non-Fatal Injury,Pedestrian Collisions,45 to 49,Major,,,,"Crossing, no Traffic Control",Inattentive,"-79.422603, 43.797373"
8001395482,2018,17,Major Arterial,North York,18,Non Intersection,No Control,Clear,Dry,Non-Fatal Injury,Pedestrian Collisions,40 to 44,None,,,,,,"-79.422603, 43.797373"
8000501010,2018,17,Major Arterial,Etobicoke York,2,Non Intersection,No Control,Clear,Dry,Non-Fatal Injury,Rear End,40 to 44,None,,,,,,"-79.587627, 43.66603"
8000514399,2018,17,Major Arterial,Etobicoke York,5,At Intersection,Traffic Signal,Clear,Dry,Non-Fatal Injury,Angle,40 to 44,None,,Disobeyed Traffic Control,Normal,,,"-79.471866, 43.710231"
8000514399,2018,17,Major Arterial,Etobicoke York,5,At Intersection,Traffic Signal,Clear,Dry,Non-Fatal Injury,Angle,55 to 59,Major,,Driving Properly,Normal,,,"-79.471866, 43.710231"
188016123,2018,17,Major Arterial,North York,15,Non Intersection,No Control,Clear,Dry,Non-Fatal Injury,Pedestrian Collisions,unknown,None,,Driving Properly,Unknown,,,"-79.382404, 43.739215"
188016123,2018,17,Major Arterial,North York,15,Non Intersection,No Control,Clear,Dry,Non-Fatal Injury,Pedestrian Collisions,25 to 29,Major,,,,Other,Unknown,"-79.382404, 43.739215"
8000560882,2018,17,Major Arterial,Toronto and East York,11,Non Intersection,No Control,Clear,Dry,Fatal,Turning Movement,15 to 19,None,,Improper Turn,Normal,,,"-79.383662, 43.68439"
8000560882,2018,17,Major Arterial,Toronto and East York,11,Non Intersection,No Control,Clear,Dry,Fatal,Turning Movement,35 to 39,Fatal,17,Improper Passing,Normal,,,"-79.383662, 43.68439"
8000720463,2018,17,Major Arterial,Etobicoke York,5,Non Intersection,No Control,Clear,Dry,Non-Fatal Injury,Pedestrian Collisions,60 to 64,Major,,,,"Crossing, no Traffic Control",Other,"-79.474895, 43.68981"
8000720463,2018,17,Major Arterial,Etobicoke York,5,Non Intersection,No Control,Clear,Dry,Non-Fatal Injury,Pedestrian Collisions,unknown,None,,Exceeding Speed Limit,Other,,,"-79.474895, 43.68981"
8001685122,2018,17,Major Arterial,Etobicoke York,3,Non Intersection,No Control,Clear,Dry,Fatal,Pedestrian Collisions,70 to 74,Fatal,45,,,"Crossing, no Traffic Control",Inattentive,"-79.504077, 43.600909"
8001685122,2018,17,Major Arterial,Etobicoke York,3,Non Intersection,No Control,Clear,Dry,Fatal,Pedestrian Collisions,25 to 29,None,,Driving Properly,Normal,,,"-79.504077, 43.600909"
8001752003,2018,17,Other,Etobicoke York,1,Non Intersection,No Control,Rain,Wet,Non-Fatal Injury,Turning Movement,40 to 44,None,,Improper Turn,Normal,,,"-79.603442, 43.717654"
8001752003,2018,17,Other,Etobicoke York,1,Non Intersection,No Control,Rain,Wet,Non-Fatal Injury,Turning Movement,50 to 54,Minimal,,Driving Properly,Normal,,,"-79.603442, 43.717654"
8001752003,2018,17,Other,Etobicoke York,1,Non Intersection,No Control,Rain,Wet,Non-Fatal Injury,Turning Movement,40 to 44,None,,,,,,"-79.603442, 43.717654"
8001752003,2018,17,Other,Etobicoke York,1,Non Intersection,No Control,Rain,Wet,Non-Fatal Injury,Turning Movement,65 to 69,Major,,,,,,"-79.603442, 43.717654"
8001752003,2018,17,Other,Etobicoke York,1,Non Intersection,No Control,Rain,Wet,Non-Fatal Injury,Turning Movement,30 to 34,Minor,,,,,,"-79.603442, 43.717654"
8001752003,2018,17,Other,Etobicoke York,1,Non Intersection,No Control,Rain,Wet,Non-Fatal Injury,Turning Movement,30 to 34,Minimal,,,,,,"-79.603442, 43.717654"