ACCNUM,YEAR,HOUR,ROAD_CLASS,District,WardNum,ACCLOC,TRAFFCTL,VISIBILITY,RDSFCOND,ACCLASS,IMPACTYPE,INVAGE,INJURY,FATAL_NO,DRIVACT,DRIVCOND,PEDACT,PEDCOND,geometry
8002056791,2018,18,Minor Arterial,Scarborough,23,Intersection Related,No Control,Clear,Dry,Non-Fatal Injury,Pedestrian Collisions,65 to 69,Major,,,,"Crossing, no Traffic Control",Inattentive,"-79.258502, 43.811759"
8002088211,2018,18,Major Arterial,Scarborough,24,Non Intersection,No Control,Clear,Dry,Fatal,Pedestrian Collisions,75 to 79,None,,Driving Properly,Normal,,,"-79.202258, 43.783148"
8002088211,2018,18,Major Arterial,Scarborough,24,Non Intersection,No Control,Clear,Dry,Fatal,Pedestrian Collisions,50 to 54,Fatal,60,,,Other,Unknown,"-79.202258, 43.783148"
8002132961,2018,18,Major Arterial,Toronto and East York,,Intersection Related,Traffic Controller,Clear,Dry,Non-Fatal Injury,Pedestrian Collisions,65 to 69,None,,Driving Properly,Normal,,,"-79.432483, 43.680274"
8002132961,2018,18,Major Arterial,Toronto and East York,,Intersection Related,Traffic Controller,Clear,Dry,Non-Fatal Injury,Pedestrian Collisions,45 to 49,Major,,,,,Normal,"-79.432483, 43.680274"
8002139374,2018,18,Major Arterial,North York,8,At Intersection,Traffic Signal,Clear,Dry,Fatal,Pedestrian Collisions,50 to 54,Minor,,Driving Properly,Inattentive,,,"-79.444942, 43.715853"
8002139374,2018,18,Major Arterial,North York,8,At Intersection,Traffic Signal,Clear,Dry,Fatal,Pedestrian Collisions,55 to 59,Fatal,61,,,Crossing marked crosswalk without ROW,Inattentive,"-79.444942, 43.715853"
8002165675,2018,18,Major Arterial,Toronto and East York,13,At Intersection,Pedestrian Crossover,Rain,Wet,Non-Fatal Injury,Pedestrian Collisions,55 to 59,None,,Disobeyed Traffic Control,Inattentive,,,"-79.360309, 43.654338"
8002165675,2018,18,Major Arterial,Toronto and East York,13,At Intersection,Pedestrian Crossover,Rain,Wet,Non-Fatal Injury,Pedestrian Collisions,30 to 34,Major,,,,"Crossing, Pedestrian Crossover",Normal,"-79.360309, 43.654338"
8002190612,2018,18,Major Arterial,Toronto and East York,14,Non Intersection,No Control,Clear,Dry,Non-Fatal Injury,Approaching,20 to 24,Major,,Lost control,Unknown,,,"-79.335933, 43.702132"
8002190612,2018,18,Major Arterial,Toronto and East York,14,Non Intersection,No Control,Clear,Dry,Non-Fatal Injury,Approaching,40 to 44,Minor,,Driving Properly,Normal,,,"-79.335933, 43.702132"
8002190612,2018,18,Major Arterial,Toronto and East York,14,Non Intersection,No Control,Clear,Dry,Non-Fatal Injury,Approaching,25 to 29,Minor,,,,,,"-79.335933, 43.702132"
8002190612,2018,18,Major Arterial,Toronto and East York,14,Non Intersection,No Control,Clear,Dry,Non-Fatal Injury,Approaching,25 to 29,Major,,,,,,"-79.335933, 43.702132"
8002249590,2018,18,Major Arterial,Scarborough,22,At Intersection,Traffic Signal,Clear,Dry,Fatal,Pedestrian Collisions,60 to 64,None,,Driving Properly,Normal,,,"-79.299571, 43.800383"
8002249590,2018,18,Major Arterial,Scarborough,22,At Intersection,Traffic Signal,Clear,Dry,Fatal,Pedestrian Collisions,80 to 84,Fatal,64,,,"Crossing, no Traffic Control",Normal,"-79.299571, 43.800383"
8002273924,2018,18,Minor Arterial,North York,8,At Intersection,No Control,Clear,Wet,Non-Fatal Injury,Pedestrian Collisions,30 to 34,None,,Failed to Yield Right of Way,Normal,,,"-79.442699, 43.706256"
8002273924,2018,18,Minor Arterial,North York,8,At Intersection,No Control,Clear,Wet,Non-Fatal Injury,Pedestrian Collisions,30 to 34,None,,,,,,"-79.442699, 43.706256"
8002273924,2018,18,Minor Arterial,North York,8,At Intersection,No Control,Clear,Wet,Non-Fatal Injury,Pedestrian Collisions,30 to 34,None,,,,,,"-79.442699, 43.706256"
8002273924,2018,18,Minor Arterial,North York,8,At Intersection,No Control,Clear,Wet,Non-Fatal Injury,Pedestrian Collisions,50 to 54,Major,,,,Crossing with right of way,Normal,"-79.442699, 43.706256"
8002363781,2018,18,Major Arterial,Etobicoke York,3,Non Intersection,No Control,Clear,Dry,Fatal,Pedestrian Collisions,40 to 44,None,,Other,Had Been Drinking,,,"-79.529773, 43.647521"
8002363781,2018,18,Major Arterial,Etobicoke York,3,Non Intersection,No Control,Clear,Dry,Fatal,Pedestrian Collisions,75 to 79,Fatal,66,,,"Crossing, no Traffic Control",Normal,"-79.529773, 43.647521"
9000047172,2019,18,Major Arterial,Toronto and East York,19,Non Intersection,No Control,Rain,Wet,Fatal,Pedestrian Collisions,65 to 69,Fatal,4,,,"Crossing, no Traffic Control",Inattentive,"-79.311771, 43.70674"
9000047172,2019,18,Major Arterial,Toronto and East York,19,Non Intersection,No Control,Rain,Wet,Fatal,Pedestrian Collisions,55 to 59,None,,Driving Properly,Normal,,,"-79.311771, 43.70674"
8001843657,2018,18,Major Arterial,Etobicoke York,2,Non Intersection,No Control,Clear,Dry,Fatal,Turning Movement,45 to 49,None,,Driving Properly,Normal,,,"-79.520099, 43.695372"
8001843657,2018,18,Major Arterial,Etobicoke York,2,Non Intersection,No Control,Clear,Dry,Fatal,Turning Movement,45 to 49,Fatal,51,Driving Properly,Unknown,,,"-79.520099, 43.695372"
8001843657,2018,18,Major Arterial,Etobicoke York,2,Non Intersection,No Control,Clear,Dry,Fatal,Turning Movement,55 to 59,None,,Improper Turn,Normal,,,"-79.520099, 43.695372"
8001849626,2018,18,Major Arterial,Scarborough,24,At Intersection,Traffic Signal,Clear,Dry,Non-Fatal Injury,Turning Movement,15 to 19,Major,,Speed too Fast For Condition,Normal,,,"-79.194705, 43.761939"
8001849626,2018,18,Major Arterial,Scarborough,24,At Intersection,Traffic Signal,Clear,Dry,Non-Fatal Injury,Turning Movement,30 to 34,None,,Driving Properly,Normal,,,"-79.194705, 43.761939"
8001849626,2018,18,Major Arterial,Scarborough,24,At Intersection,Traffic Signal,Clear,Dry,Non-Fatal Injury,Turning Movement,15 to 19,Major,,,,,,"-79.194705, 43.761939"
8001849626,2018,18,Major Arterial,Scarborough,24,At Intersection,Traffic Signal,Clear,Dry,Non-Fatal Injury,Turning Movement,30 to 34,Minimal,,,,,,"-79.194705, 43.761939"
8001932871,2018,18,Major Arterial,Toronto and East York,4,At Intersection,Traffic Signal,Clear,Dry,Non-Fatal Injury,Pedestrian Collisions,65 to 69,None,,Driving Properly,Normal,,,"-79.433238, 43.637671"
8001932871,2018,18,Major Arterial,Toronto and East York,4,At Intersection,Traffic Signal,Clear,Dry,Non-Fatal Injury,Pedestrian Collisions,45 to 49,Major,,,,Other,Inattentive,"-79.433238, 43.637671"
8001932871,2018,18,Major Arterial,Toronto and East York,4,At Intersection,Traffic Signal,Clear,Dry,Non-Fatal Injury,Pedestrian Collisions,55 to 59,None,,,,,,"-79.433238, 43.637671"
8001951781,2018,18,Major Arterial,Toronto and East York,4,At/Near Private Drive,No Control,Clear,Dry,Non-Fatal Injury,Pedestrian Collisions,60 to 64,None,,Failed to Yield Right of Way,Normal,,,"-79.485881, 43.665557"
8001951781,2018,18,Major Arterial,Toronto and East York,4,At/Near Private Drive,No Control,Clear,Dry,Non-Fatal Injury,Pedestrian Collisions,75 to 79,Major,,,,On Sidewalk or Shoulder,Normal,"-79.485881, 43.665557"
9001679481,2019,18,Minor Arterial,Scarborough,22,At Intersection,Stop Sign,Clear,Dry,Non-Fatal Injury,Cyclist Collisions,20 to 24,None,,Failed to Yield Right of Way,Normal,,,"-79.307216, 43.789035"
9001679481,2019,18,Minor Arterial,Scarborough,22,At Intersection,Stop Sign,Clear,Dry,Non-Fatal Injury,Cyclist Collisions,30 to 34,Major,,,,,,"-79.307216, 43.789035"
9001959130,2019,18,Major Arterial,Scarborough,21,At Intersection,Traffic Signal,Clear,Dry,Non-Fatal Injury,Pedestrian Collisions,45 to 49,None,,Driving Properly,Normal,,,"-79.291241, 43.746093"
9002354867,2019,18,Major Arterial,North York,15,At Intersection,Traffic Signal,Snow,Wet,Non-Fatal Injury,Pedestrian Collisions,45 to 49,None,,Driving Properly,Normal,,,"-79.359798, 43.714603"
9002354867,2019,18,Major Arterial,North York,15,At Intersection,Traffic Signal,Snow,Wet,Non-Fatal Injury,Pedestrian Collisions,55 to 59,Major,,,,,Medical or Physical Disability,"-79.359798, 43.714603"
9002389784,2019,18,Major Arterial,Etobicoke York,,At Intersection,Traffic Signal,Clear,Dry,Fatal,,70 to 74,Minimal,,Improper Turn,Normal,,,"-79.60345, 43.719103"
9002389784,2019,18,Major Arterial,Etobicoke York,,At Intersection,Traffic Signal,Clear,Dry,Fatal,,25 to 29,Minimal,,Driving Properly,Normal,,,"-79.60345, 43.719103"
9002389784,2019,18,Major Arterial,Etobicoke York,,At Intersection,Traffic Signal,Clear,Dry,Fatal,,70 to 74,Fatal,59,,,,,"-79.60345, 43.719103"
9002389784,2019,18,Major Arterial,Etobicoke York,,At Intersection,Traffic Signal,Clear,Dry,Fatal,,75 to 79,None,,Driving Properly,Normal,,,"-79.60345, 43.719103"
9002465950,2019,18,Major Arterial,Scarborough,24,Intersection Related,Traffic Signal,,,Fatal,Pedestrian Collisions,15 to 19,Fatal,62,,,On Sidewalk or Shoulder,Unknown,"-79.233852, 43.781672"
9002465950,2019,18,Major Arterial,Scarborough,24,Intersection Related,Traffic Signal,,,Fatal,Pedestrian Collisions,20 to 24,Major,,,,On Sidewalk or Shoulder,Unknown,"-79.233852, 43.781672"
9002465950,2019,18,Major Arterial,Scarborough,24,Intersection Related,Traffic Signal,,,Fatal,Pedestrian Collisions,15 to 19,Fatal,61,,,On Sidewalk or Shoulder,Unknown,"-79.233852, 43.781672"
9002465950,2019,18,Major Arterial,Scarborough,24,Intersection Related,Traffic Signal,,,Fatal,Pedestrian Collisions,40 to 44,Minimal,,Lost control,Unknown,,,"-79.233852, 43.781672"
885782,2006,19,Major Arterial,Toronto and East York,9,At Intersection,Traffic Signal,Rain,Wet,Non-Fatal Injury,Pedestrian Collisions,25 to 29,None,,Driving Properly,Normal,,,"-79.43359, 43.655145"
885782,2006,19,Major Arterial,Toronto and East York,9,At Intersection,Traffic Signal,Rain,Wet,Non-Fatal Injury,Pedestrian Collisions,75 to 79,Major,,,,Crossing without right of way,Normal,"-79.43359, 43.655145"
887039,2006,19,Major Arterial,North York,18,At Intersection,Traffic Signal,Rain,Wet,Non-Fatal Injury,Pedestrian Collisions,40 to 44,None,,Driving Properly,Normal,,,"-79.42259, 43.758945"
887039,2006,19,Major Arterial,North York,18,At Intersection,Traffic Signal,Rain,Wet,Non-Fatal Injury,Pedestrian Collisions,55 to 59,Major,,,,Crossing without right of way,Normal,"-79.42259, 43.758945"
893580,2006,19,Major Arterial,Scarborough,,,Traffic Signal,Clear,Wet,Non-Fatal Injury,Cyclist Collisions,unknown,,,,,,,"-79.18689, 43.770645"
893580,2006,19,Major Arterial,Scarborough,,,Traffic Signal,Clear,Wet,Non-Fatal Injury,Cyclist Collisions,35 to 39,None,,Failed to Yield Right of Way,Inattentive,,,"-79.18689, 43.770645"
893580,2006,19,Major Arterial,Scarborough,,,Traffic Signal,Clear,Wet,Non-Fatal Injury,Cyclist Collisions,25 to 29,Major,,,,,,"-79.18689, 43.770645"
905909,2006,19,Local,Toronto and East York,11,,No Control,Clear,Dry,Non-Fatal Injury,Pedestrian Collisions,unknown,None,,Speed too Fast For Condition,Unknown,,,"-79.41649, 43.665345"
905909,2006,19,Local,Toronto and East York,11,,No Control,Clear,Dry,Non-Fatal Injury,Pedestrian Collisions,30 to 34,Major,,,,On Sidewalk or Shoulder,Normal,"-79.41649, 43.665345"
901382,2006,19,Major Arterial,North York,15,,Traffic Signal,Clear,Dry,Non-Fatal Injury,Rear End,unknown,None,,,,,,"-79.38619, 43.709145"
901382,2006,19,Major Arterial,North York,15,,Traffic Signal,Clear,Dry,Non-Fatal Injury,Rear End,55 to 59,Major,,Lost control,Normal,,,"-79.38619, 43.709145"
901382,2006,19,Major Arterial,North York,15,,Traffic Signal,Clear,Dry,Non-Fatal Injury,Rear End,55 to 59,None,,Driving Properly,Normal,,,"-79.38619, 43.709145"
912231,2006,19,Major Arterial,Toronto and East York,13,,No Control,Clear,Dry,Non-Fatal Injury,Cyclist Collisions,unknown,,,,,,,"-79.38179, 43.661345"
912231,2006,19,Major Arterial,Toronto and East York,13,,No Control,Clear,Dry,Non-Fatal Injury,Cyclist Collisions,50 to 54,None,,Other,Normal,,,"-79.38179, 43.661345"
912231,2006,19,Major Arterial,Toronto and East York,13,,No Control,Clear,Dry,Non-Fatal Injury,Cyclist Collisions,25 to 29,Major,,,,,,"-79.38179, 43.661345"
906767,2006,19,Major Arterial,Toronto and East York,9,At Intersection,Traffic Signal,Clear,Dry,Fatal,Pedestrian Collisions,45 to 49,None,,Failed to Yield Right of Way,Normal,,,"-79.43239, 43.660445"
906767,2006,19,Major Arterial,Toronto and East York,9,At Intersection,Traffic Signal,Clear,Dry,Fatal,Pedestrian Collisions,75 to 79,Fatal,,,,Crossing with right of way,Had Been Drinking,"-79.43239, 43.660445"
910569,2006,19,Local,Etobicoke York,5,,No Control,Clear,Dry,Non-Fatal Injury,SMV Other,unknown,None,,,,,,"-79.49909, 43.702245"
910569,2006,19,Local,Etobicoke York,5,,No Control,Clear,Dry,Non-Fatal Injury,SMV Other,25 to 29,Major,,Lost control,Unknown,,,"-79.49909, 43.702245"
972841,2007,19,Major Arterial,Scarborough,21,At Intersection,Traffic Signal,Clear,Dry,Fatal,Turning Movement,15 to 19,None,,,,,,"-79.26129, 43.770045"
920690,2006,19,,Toronto and East York,10,,No Control,Clear,Dry,Fatal,SMV Other,30 to 34,Fatal,,Lost control,Unknown,,,"-79.40389, 43.637945"
920690,2006,19,,Toronto and East York,10,,No Control,Clear,Dry,Fatal,SMV Other,unknown,None,,,,,,"-79.40389, 43.637945"
972841,2007,19,Major Arterial,Scarborough,21,At Intersection,Traffic Signal,Clear,Dry,Fatal,Turning Movement,unknown,,,,,,,"-79.26129, 43.770045"
918129,2006,19,Major Arterial,Toronto and East York,10,At Intersection,Traffic Signal,Clear,Dry,Non-Fatal Injury,Angle,25 to 29,Major,,Other,Unknown,,,"-79.40379, 43.646445"
918129,2006,19,Major Arterial,Toronto and East York,10,At Intersection,Traffic Signal,Clear,Dry,Non-Fatal Injury,Angle,55 to 59,None,,Driving Properly,Normal,,,"-79.40379, 43.646445"
892913,2006,19,Major Arterial,Toronto and East York,,At Intersection,Traffic Signal,Clear,Dry,Non-Fatal Injury,Pedestrian Collisions,30 to 34,None,,Failed to Yield Right of Way,"Ability Impaired, Alcohol Over .08",,,"-79.42079, 43.649345"
892913,2006,19,Major Arterial,Toronto and East York,,At Intersection,Traffic Signal,Clear,Dry,Non-Fatal Injury,Pedestrian Collisions,25 to 29,Major,,,,Crossing with right of way,Normal,"-79.42079, 43.649345"
897916,2006,19,Major Arterial,Scarborough,20,At Intersection,Traffic Signal,Clear,Dry,Fatal,Angle,5 to 9,Minor,,,,,,"-79.28499, 43.721545"
897916,2006,19,Major Arterial,Scarborough,20,At Intersection,Traffic Signal,Clear,Dry,Fatal,Angle,30 to 34,Fatal,,,,,,"-79.28499, 43.721545"
897916,2006,19,Major Arterial,Scarborough,20,At Intersection,Traffic Signal,Clear,Dry,Fatal,Angle,35 to 39,Major,,Disobeyed Traffic Control,Unknown,,,"-79.28499, 43.721545"
897916,2006,19,Major Arterial,Scarborough,20,At Intersection,Traffic Signal,Clear,Dry,Fatal,Angle,50 to 54,None,,Driving Properly,Normal,,,"-79.28499, 43.721545"
897916,2006,19,Major Arterial,Scarborough,20,At Intersection,Traffic Signal,Clear,Dry,Fatal,Angle,unknown,,,,,,,"-79.28499, 43.721545"
897916,2006,19,Major Arterial,Scarborough,20,At Intersection,Traffic Signal,Clear,Dry,Fatal,Angle,50 to 54,None,,Driving Properly,Normal,,,"-79.28499, 43.721545"
902163,2006,19,Major Arterial,Etobicoke York,5,,Traffic Signal,Clear,Dry,Non-Fatal Injury,Pedestrian Collisions,30 to 34,None,,Failed to Yield Right of Way,Normal,,,"-79.48239, 43.707545"
902163,2006,19,Major Arterial,Etobicoke York,5,,Traffic Signal,Clear,Dry,Non-Fatal Injury,Pedestrian Collisions,70 to 74,Major,,,,Other,Inattentive,"-79.48239, 43.707545"
903839,2006,19,Major Arterial,Etobicoke York,5,,No Control,Clear,Dry,Non-Fatal Injury,SMV Other,40 to 44,Major,,Lost control,Normal,,,"-79.48649, 43.695245"
957751,2007,19,Major Arterial,Etobicoke York,5,At Intersection,Traffic Signal,Clear,Dry,Non-Fatal Injury,Turning Movement,70 to 74,Minor,,Driving Properly,Normal,,,"-79.48289, 43.688345"
957751,2007,19,Major Arterial,Etobicoke York,5,At Intersection,Traffic Signal,Clear,Dry,Non-Fatal Injury,Turning Movement,40 to 44,Major,,Failed to Yield Right of Way,Normal,,,"-79.48289, 43.688345"
959865,2007,19,Major Arterial,Etobicoke York,1,At Intersection,Traffic Signal,Clear,Dry,Non-Fatal Injury,Turning Movement,55 to 59,Major,,Lost control,Normal,,,"-79.59939, 43.686545"
959865,2007,19,Major Arterial,Etobicoke York,1,At Intersection,Traffic Signal,Clear,Dry,Non-Fatal Injury,Turning Movement,45 to 49,None,,Driving Properly,Normal,,,"-79.59939, 43.686545"
959779,2007,19,Major Arterial,Etobicoke York,1,At Intersection,Stop Sign,Clear,Dry,Non-Fatal Injury,Turning Movement,60 to 64,None,,Improper Turn,Inattentive,,,"-79.55009, 43.704445"
959779,2007,19,Major Arterial,Etobicoke York,1,At Intersection,Stop Sign,Clear,Dry,Non-Fatal Injury,Turning Movement,25 to 29,Major,,Driving Properly,Normal,,,"-79.55009, 43.704445"
931507,2006,19,Major Arterial,Toronto and East York,19,At Intersection,Stop Sign,Clear,Dry,Non-Fatal Injury,Pedestrian Collisions,15 to 19,None,,,,,,"-79.29269, 43.690245"
931507,2006,19,Major Arterial,Toronto and East York,19,At Intersection,Stop Sign,Clear,Dry,Non-Fatal Injury,Pedestrian Collisions,20 to 24,None,,Lost control,Other,,,"-79.29269, 43.690245"
931507,2006,19,Major Arterial,Toronto and East York,19,At Intersection,Stop Sign,Clear,Dry,Non-Fatal Injury,Pedestrian Collisions,55 to 59,Major,,,,On Sidewalk or Shoulder,Normal,"-79.29269, 43.690245"
935134,2006,19,Major Arterial,North York,8,At Intersection,Traffic Signal,Rain,Wet,Non-Fatal Injury,Pedestrian Collisions,unknown,None,,,,,,"-79.43069, 43.723045"
935134,2006,19,Major Arterial,North York,8,At Intersection,Traffic Signal,Rain,Wet,Non-Fatal Injury,Pedestrian Collisions,55 to 59,None,,Driving Properly,Normal,,,"-79.43069, 43.723045"
935134,2006,19,Major Arterial,North York,8,At Intersection,Traffic Signal,Rain,Wet,Non-Fatal Injury,Pedestrian Collisions,70 to 74,Major,,,,Crossing without right of way,Normal,"-79.43069, 43.723045"
935641,2006,19,Minor Arterial,Etobicoke York,,At Intersection,Stop Sign,Clear,Dry,Non-Fatal Injury,Pedestrian Collisions,50 to 54,Major,,,,Crossing without right of way,Inattentive,"-79.46549, 43.682345"
935641,2006,19,Minor Arterial,Etobicoke York,,At Intersection,Stop Sign,Clear,Dry,Non-Fatal Injury,Pedestrian Collisions,75 to 79,None,,Driving Properly,Normal,,,"-79.46549, 43.682345"
942334,2006,19,,Etobicoke York,3,,No Control,Clear,Dry,Non-Fatal Injury,Sideswipe,20 to 24,Major,,Improper Lane Change,Normal,,,"-79.53369, 43.616445"
942334,2006,19,,Etobicoke York,3,,No Control,Clear,Dry,Non-Fatal Injury,Sideswipe,40 to 44,Minimal,,Driving Properly,Normal,,,"-79.53369, 43.616445"
942452,2006,19,Major Arterial,Toronto and East York,10,At Intersection,Traffic Signal,Clear,Dry,Non-Fatal Injury,Pedestrian Collisions,25 to 29,None,,,,,,"-79.36989, 43.645645"
971237,2007,19,Major Arterial,Scarborough,,,Traffic Signal,Clear,Dry,Non-Fatal Injury,Angle,0 to 4,Minor,,,,,,"-79.24809, 43.736645"
942452,2006,19,Major Arterial,Toronto and East York,10,At Intersection,Traffic Signal,Clear,Dry,Non-Fatal Injury,Pedestrian Collisions,25 to 29,None,,,,,,"-79.36989, 43.645645"
929097,2006,19,Minor Arterial,North York,16,,Pedestrian Crossover,Rain,Wet,Non-Fatal Injury,Pedestrian Collisions,unknown,None,,,,,,"-79.33119, 43.710745"
929097,2006,19,Minor Arterial,North York,16,,Pedestrian Crossover,Rain,Wet,Non-Fatal Injury,Pedestrian Collisions,40 to 44,None,,Failed to Yield Right of Way,Inattentive,,,"-79.33119, 43.710745"
929097,2006,19,Minor Arterial,North York,16,,Pedestrian Crossover,Rain,Wet,Non-Fatal Injury,Pedestrian Collisions,25 to 29,Major,,,,"Crossing, Pedestrian Crossover",Normal,"-79.33119, 43.710745"
930768,2006,19,Major Arterial,Etobicoke York,1,At Intersection,Traffic Signal,Rain,Wet,Non-Fatal Injury,Pedestrian Collisions,65 to 69,None,,Improper Turn,Normal,,,"-79.59419, 43.741945"
930768,2006,19,Major Arterial,Etobicoke York,1,At Intersection,Traffic Signal,Rain,Wet,Non-Fatal Injury,Pedestrian Collisions,75 to 79,Major,,,,Crossing with right of way,Normal,"-79.59419, 43.741945"
971237,2007,19,Major Arterial,Scarborough,,,Traffic Signal,Clear,Dry,Non-Fatal Injury,Angle,10 to 14,Minor,,,,,,"-79.24809, 43.736645"
971237,2007,19,Major Arterial,Scarborough,,,Traffic Signal,Clear,Dry,Non-Fatal Injury,Angle,45 to 49,Major,,Driving Properly,Normal,,,"-79.24809, 43.736645"
971237,2007,19,Major Arterial,Scarborough,,,Traffic Signal,Clear,Dry,Non-Fatal Injury,Angle,15 to 19,Minor,,Disobeyed Traffic Control,Normal,,,"-79.24809, 43.736645"
970082,2007,19,Major Arterial,North York,18,At Intersection,Pedestrian Crossover,Clear,Dry,Non-Fatal Injury,Pedestrian Collisions,40 to 44,None,,Failed to Yield Right of Way,Normal,,,"-79.42649, 43.777345"
970082,2007,19,Major Arterial,North York,18,At Intersection,Pedestrian Crossover,Clear,Dry,Non-Fatal Injury,Pedestrian Collisions,25 to 29,Major,,,,"Crossing, Pedestrian Crossover",Normal,"-79.42649, 43.777345"
942452,2006,19,Major Arterial,Toronto and East York,10,At Intersection,Traffic Signal,Clear,Dry,Non-Fatal Injury,Pedestrian Collisions,45 to 49,None,,Driving Properly,Normal,,,"-79.36989, 43.645645"
968566,2007,19,Major Arterial,Etobicoke York,7,,No Control,Clear,Dry,Non-Fatal Injury,Approaching,unknown,None,,,,,,"-79.52239, 43.775245"
968566,2007,19,Major Arterial,Etobicoke York,7,,No Control,Clear,Dry,Non-Fatal Injury,Approaching,35 to 39,None,,Driving Properly,Normal,,,"-79.52239, 43.775245"
968566,2007,19,Major Arterial,Etobicoke York,7,,No Control,Clear,Dry,Non-Fatal Injury,Approaching,unknown,None,,,,,,"-79.52239, 43.775245"
968566,2007,19,Major Arterial,Etobicoke York,7,,No Control,Clear,Dry,Non-Fatal Injury,Approaching,40 to 44,Major,,Lost control,Unknown,,,"-79.52239, 43.775245"
973511,2007,19,Minor Arterial,Etobicoke York,1,At Intersection,Traffic Signal,Clear,Dry,Non-Fatal Injury,Angle,40 to 44,Minor,,,,,,"-79.59539, 43.744245"
973511,2007,19,Minor Arterial,Etobicoke York,1,At Intersection,Traffic Signal,Clear,Dry,Non-Fatal Injury,Angle,40 to 44,Minor,,,,,,"-79.59539, 43.744245"
973511,2007,19,Minor Arterial,Etobicoke York,1,At Intersection,Traffic Signal,Clear,Dry,Non-Fatal Injury,Angle,35 to 39,Major,,Disobeyed Traffic Control,Normal,,,"-79.59539, 43.744245"
973511,2007,19,Minor Arterial,Etobicoke York,1,At Intersection,Traffic Signal,Clear,Dry,Non-Fatal Injury,Angle,40 to 44,Minimal,,,,,,"-79.59539, 43.744245"
973511,2007,19,Minor Arterial,Etobicoke York,1,At Intersection,Traffic Signal,Clear,Dry,Non-Fatal Injury,Angle,15 to 19,Minimal,,,,,,"-79.59539, 43.744245"
973511,2007,19,Minor Arterial,Etobicoke York,1,At Intersection,Traffic Signal,Clear,Dry,Non-Fatal Injury,Angle,15 to 19,Minimal,,,,,,"-79.59539, 43.744245"
973511,2007,19,Minor Arterial,Etobicoke York,1,At Intersection,Traffic Signal,Clear,Dry,Non-Fatal Injury,Angle,45 to 49,Major,,Driving Properly,Normal,,,"-79.59539, 43.744245"
950601,2007,19,Minor Arterial,Toronto and East York,19,,No Control,Rain,Wet,Non-Fatal Injury,Pedestrian Collisions,55 to 59,None,,Driving Properly,Normal,,,"-79.30109, 43.683745"
950601,2007,19,Minor Arterial,Toronto and East York,19,,No Control,Rain,Wet,Non-Fatal Injury,Pedestrian Collisions,45 to 49,Major,,,,"Crossing, no Traffic Control",Had Been Drinking,"-79.30109, 43.683745"
942452,2006,19,Major Arterial,Toronto and East York,10,At Intersection,Traffic Signal,Clear,Dry,Non-Fatal Injury,Pedestrian Collisions,15 to 19,Major,,,,Crossing without right of way,Normal,"-79.36989, 43.645645"
957573,2007,19,Major Arterial,North York,,At Intersection,Traffic Signal,Clear,Dry,Non-Fatal Injury,Pedestrian Collisions,35 to 39,None,,Driving Properly,Normal,,,"-79.44279, 43.697245"
957573,2007,19,Major Arterial,North York,,At Intersection,Traffic Signal,Clear,Dry,Non-Fatal Injury,Pedestrian Collisions,35 to 39,Major,,,,Crossing without right of way,Normal,"-79.44279, 43.697245"
964254,2007,19,Major Arterial,North York,8,At Intersection,Yield Sign,Clear,Dry,Non-Fatal Injury,Pedestrian Collisions,unknown,None,,,,,,"-79.44499, 43.715945"
964254,2007,19,Major Arterial,North York,8,At Intersection,Yield Sign,Clear,Dry,Non-Fatal Injury,Pedestrian Collisions,65 to 69,None,,Failed to Yield Right of Way,Normal,,,"-79.44499, 43.715945"
964254,2007,19,Major Arterial,North York,8,At Intersection,Yield Sign,Clear,Dry,Non-Fatal Injury,Pedestrian Collisions,45 to 49,Major,,,,Crossing with right of way,Normal,"-79.44499, 43.715945"
954826,2007,19,Minor Arterial,Toronto and East York,14,,No Control,Snow,Ice,Non-Fatal Injury,SMV Other,20 to 24,Major,,Lost control,Normal,,,"-79.36029, 43.686845"
950128,2006,19,Major Arterial,Scarborough,22,,No Control,Clear,Dry,Non-Fatal Injury,Pedestrian Collisions,30 to 34,None,,Driving Properly,Normal,,,"-79.30509, 43.824145"
950128,2006,19,Major Arterial,Scarborough,22,,No Control,Clear,Dry,Non-Fatal Injury,Pedestrian Collisions,30 to 34,Major,,,,"Crossing, no Traffic Control",Inattentive,"-79.30509, 43.824145"
944792,2006,19,,Etobicoke York,3,,No Control,Rain,Wet,Non-Fatal Injury,SMV Other,50 to 54,Minimal,,Driving Properly,Normal,,,"-79.48839, 43.625745"
944792,2006,19,,Etobicoke York,3,,No Control,Rain,Wet,Non-Fatal Injury,SMV Other,15 to 19,Major,,,,,,"-79.48839, 43.625745"
944792,2006,19,,Etobicoke York,3,,No Control,Rain,Wet,Non-Fatal Injury,SMV Other,15 to 19,Minor,,,,,,"-79.48839, 43.625745"
944792,2006,19,,Etobicoke York,3,,No Control,Rain,Wet,Non-Fatal Injury,SMV Other,15 to 19,Minimal,,Lost control,Normal,,,"-79.48839, 43.625745"