ACCNUM,YEAR,HOUR,ROAD_CLASS,District,WardNum,ACCLOC,TRAFFCTL,VISIBILITY,RDSFCOND,ACCLASS,IMPACTYPE,INVAGE,INJURY,FATAL_NO,DRIVACT,DRIVCOND,PEDACT,PEDCOND,geometry
1277761,2011,19,Minor Arterial,Toronto and East York,13,At Intersection,Traffic Signal,Clear,Dry,Non-Fatal Injury,Cyclist Collisions,50 to 54,None,,Other,Other,,,"-79.37789, 43.658245"
1277761,2011,19,Minor Arterial,Toronto and East York,13,At Intersection,Traffic Signal,Clear,Dry,Non-Fatal Injury,Cyclist Collisions,20 to 24,None,,,,,,"-79.37789, 43.658245"
1277761,2011,19,Minor Arterial,Toronto and East York,13,At Intersection,Traffic Signal,Clear,Dry,Non-Fatal Injury,Cyclist Collisions,25 to 29,Major,,,,,,"-79.37789, 43.658245"
1263449,2011,19,Major Arterial,Toronto and East York,10,,No Control,Clear,Dry,Non-Fatal Injury,Pedestrian Collisions,70 to 74,None,,Driving Properly,Normal,,,"-79.39659, 43.649445"
1263449,2011,19,Major Arterial,Toronto and East York,10,,No Control,Clear,Dry,Non-Fatal Injury,Pedestrian Collisions,85 to 89,Major,,,,"Crossing, no Traffic Control",Normal,"-79.39659, 43.649445"
1269088,2011,19,Major Arterial,Scarborough,23,At Intersection,Traffic Signal,Rain,Wet,Non-Fatal Injury,Pedestrian Collisions,unknown,None,,Failed to Yield Right of Way,Unknown,,,"-79.251178, 43.836589"
1269088,2011,19,Major Arterial,Scarborough,23,At Intersection,Traffic Signal,Rain,Wet,Non-Fatal Injury,Pedestrian Collisions,25 to 29,Major,,,,Crossing with right of way,Normal,"-79.251178, 43.836589"
1268173,2011,19,Major Arterial,North York,,At Intersection,Traffic Signal,Clear,Dry,Non-Fatal Injury,Pedestrian Collisions,unknown,,,,,,,"-79.32299, 43.775245"
1268173,2011,19,Major Arterial,North York,,At Intersection,Traffic Signal,Clear,Dry,Non-Fatal Injury,Pedestrian Collisions,55 to 59,None,,Driving Properly,Normal,,,"-79.32299, 43.775245"
1268173,2011,19,Major Arterial,North York,,At Intersection,Traffic Signal,Clear,Dry,Non-Fatal Injury,Pedestrian Collisions,20 to 24,Major,,,,Crossing without right of way,Unknown,"-79.32299, 43.775245"
1282189,2011,19,Other,Etobicoke York,1,,No Control,Snow,Loose Snow,Non-Fatal Injury,SMV Other,60 to 64,Major,,,,,,"-79.59139, 43.706245"
1282189,2011,19,Other,Etobicoke York,1,,No Control,Snow,Loose Snow,Non-Fatal Injury,SMV Other,65 to 69,None,,Speed too Fast For Condition,Normal,,,"-79.59139, 43.706245"
1265838,2011,19,Major Arterial,Etobicoke York,5,At Intersection,Traffic Signal,Rain,Wet,Non-Fatal Injury,Pedestrian Collisions,40 to 44,None,,Failed to Yield Right of Way,Inattentive,,,"-79.48609, 43.694645"
1265838,2011,19,Major Arterial,Etobicoke York,5,At Intersection,Traffic Signal,Rain,Wet,Non-Fatal Injury,Pedestrian Collisions,35 to 39,Major,,,,Crossing with right of way,Normal,"-79.48609, 43.694645"
1266373,2011,19,Major Arterial,North York,15,At Intersection,Stop Sign,Clear,Dry,Non-Fatal Injury,Turning Movement,unknown,,,,,,,"-79.39219, 43.713745"
1266373,2011,19,Major Arterial,North York,15,At Intersection,Stop Sign,Clear,Dry,Non-Fatal Injury,Turning Movement,55 to 59,Major,,Driving Properly,Normal,,,"-79.39219, 43.713745"
1266373,2011,19,Major Arterial,North York,15,At Intersection,Stop Sign,Clear,Dry,Non-Fatal Injury,Turning Movement,50 to 54,None,,Failed to Yield Right of Way,Inattentive,,,"-79.39219, 43.713745"
1255565,2011,19,Major Arterial,Etobicoke York,,At Intersection,Traffic Signal,Rain,Wet,Fatal,Pedestrian Collisions,0 to 4,None,,,,,,"-79.57079, 43.691545"
1255565,2011,19,Major Arterial,Etobicoke York,,At Intersection,Traffic Signal,Rain,Wet,Fatal,Pedestrian Collisions,25 to 29,None,,,,,,"-79.57079, 43.691545"
1255565,2011,19,Major Arterial,Etobicoke York,,At Intersection,Traffic Signal,Rain,Wet,Fatal,Pedestrian Collisions,30 to 34,None,,Driving Properly,Normal,,,"-79.57079, 43.691545"
1255565,2011,19,Major Arterial,Etobicoke York,,At Intersection,Traffic Signal,Rain,Wet,Fatal,Pedestrian Collisions,75 to 79,Fatal,25,,,Crossing marked crosswalk without ROW,Inattentive,"-79.57079, 43.691545"
1266995,2011,19,Collector,Etobicoke York,7,At Intersection,Stop Sign,Clear,Dry,Non-Fatal Injury,Cyclist Collisions,65 to 69,None,,Failed to Yield Right of Way,Normal,,,"-79.56039, 43.751045"
1266995,2011,19,Collector,Etobicoke York,7,At Intersection,Stop Sign,Clear,Dry,Non-Fatal Injury,Cyclist Collisions,10 to 14,Major,,,,,,"-79.56039, 43.751045"
1255770,2011,19,Major Arterial,Scarborough,21,,No Control,Clear,Dry,Non-Fatal Injury,Pedestrian Collisions,50 to 54,None,,Driving Properly,Normal,,,"-79.24679, 43.755245"
1255770,2011,19,Major Arterial,Scarborough,21,,No Control,Clear,Dry,Non-Fatal Injury,Pedestrian Collisions,50 to 54,Major,,,,"Crossing, no Traffic Control",Unknown,"-79.24679, 43.755245"
1267110,2011,19,Local,North York,8,,No Control,Clear,Dry,Non-Fatal Injury,Pedestrian Collisions,55 to 59,None,,Driving Properly,Normal,,,"-79.42329, 43.719745"
1267110,2011,19,Local,North York,8,,No Control,Clear,Dry,Non-Fatal Injury,Pedestrian Collisions,5 to 9,Major,,,,Playing or Working on Highway,Inattentive,"-79.42329, 43.719745"
1267797,2011,19,Major Arterial,Etobicoke York,3,At Intersection,Traffic Signal,Rain,Wet,Non-Fatal Injury,Pedestrian Collisions,40 to 44,None,,Driving Properly,Normal,,,"-79.51689, 43.598145"
1267797,2011,19,Major Arterial,Etobicoke York,3,At Intersection,Traffic Signal,Rain,Wet,Non-Fatal Injury,Pedestrian Collisions,30 to 34,Minor,,,,Running onto Roadway,Normal,"-79.51689, 43.598145"
1267797,2011,19,Major Arterial,Etobicoke York,3,At Intersection,Traffic Signal,Rain,Wet,Non-Fatal Injury,Pedestrian Collisions,30 to 34,Major,,,,Running onto Roadway,Normal,"-79.51689, 43.598145"
1257763,2011,19,Major Arterial,Etobicoke York,7,At Intersection,No Control,Clear,Dry,Non-Fatal Injury,Pedestrian Collisions,65 to 69,Minor,,,,,,"-79.51459, 43.744845"
1257763,2011,19,Major Arterial,Etobicoke York,7,At Intersection,No Control,Clear,Dry,Non-Fatal Injury,Pedestrian Collisions,65 to 69,Major,,,,,,"-79.51459, 43.744845"
1250852,2011,19,Minor Arterial,North York,18,At Intersection,Stop Sign,Clear,Dry,Non-Fatal Injury,Pedestrian Collisions,unknown,,,,,,,"-79.40359, 43.773145"
1250852,2011,19,Minor Arterial,North York,18,At Intersection,Stop Sign,Clear,Dry,Non-Fatal Injury,Pedestrian Collisions,25 to 29,None,,,,,,"-79.40359, 43.773145"
1250852,2011,19,Minor Arterial,North York,18,At Intersection,Stop Sign,Clear,Dry,Non-Fatal Injury,Pedestrian Collisions,unknown,Major,,,,,,"-79.40359, 43.773145"
1252518,2011,19,Minor Arterial,North York,18,At Intersection,Stop Sign,Clear,Dry,Non-Fatal Injury,Pedestrian Collisions,unknown,,,,,,,"-79.40359, 43.773145"
1252518,2011,19,Minor Arterial,North York,18,At Intersection,Stop Sign,Clear,Dry,Non-Fatal Injury,Pedestrian Collisions,20 to 24,None,,Driving Properly,Normal,,,"-79.40359, 43.773145"
1252518,2011,19,Minor Arterial,North York,18,At Intersection,Stop Sign,Clear,Dry,Non-Fatal Injury,Pedestrian Collisions,70 to 74,Major,,,,"Crossing, no Traffic Control",Normal,"-79.40359, 43.773145"
1263122,2011,19,Local,Toronto and East York,12,,No Control,Clear,Dry,Non-Fatal Injury,Cyclist Collisions,40 to 44,None,,Driving Properly,Normal,,,"-79.39669, 43.693045"
1263122,2011,19,Local,Toronto and East York,12,,No Control,Clear,Dry,Non-Fatal Injury,Cyclist Collisions,50 to 54,Major,,,,,,"-79.39669, 43.693045"
1251485,2011,19,,Toronto and East York,10,,No Control,Clear,Dry,Non-Fatal Injury,Rear End,40 to 44,None,,Improper Lane Change,Normal,,,"-79.39799, 43.637745"
1251485,2011,19,,Toronto and East York,10,,No Control,Clear,Dry,Non-Fatal Injury,Rear End,45 to 49,Major,,Driving Properly,Normal,,,"-79.39799, 43.637745"
1251858,2011,19,Local,Toronto and East York,14,,No Control,Clear,Dry,Non-Fatal Injury,Rear End,25 to 29,Major,,Following too Close,Normal,,,"-79.35329, 43.657445"
1251858,2011,19,Local,Toronto and East York,14,,No Control,Clear,Dry,Non-Fatal Injury,Rear End,45 to 49,None,,Driving Properly,Normal,,,"-79.35329, 43.657445"
1255302,2011,19,Minor Arterial,Toronto and East York,4,,No Control,Clear,Dry,Non-Fatal Injury,Cyclist Collisions,unknown,,,,,,,"-79.43849, 43.645445"
1255302,2011,19,Minor Arterial,Toronto and East York,4,,No Control,Clear,Dry,Non-Fatal Injury,Cyclist Collisions,20 to 24,None,,Other,Unknown,,,"-79.43849, 43.645445"
1255302,2011,19,Minor Arterial,Toronto and East York,4,,No Control,Clear,Dry,Non-Fatal Injury,Cyclist Collisions,35 to 39,Major,,,,,,"-79.43849, 43.645445"
1261735,2011,19,Major Arterial,Toronto and East York,9,At Intersection,Traffic Signal,Clear,Dry,Non-Fatal Injury,Angle,50 to 54,Major,,Driving Properly,Normal,,,"-79.44099, 43.672945"
1261735,2011,19,Major Arterial,Toronto and East York,9,At Intersection,Traffic Signal,Clear,Dry,Non-Fatal Injury,Angle,unknown,,,,,,,"-79.44099, 43.672945"
1261735,2011,19,Major Arterial,Toronto and East York,9,At Intersection,Traffic Signal,Clear,Dry,Non-Fatal Injury,Angle,55 to 59,None,,Disobeyed Traffic Control,Normal,,,"-79.44099, 43.672945"
1261735,2011,19,Major Arterial,Toronto and East York,9,At Intersection,Traffic Signal,Clear,Dry,Non-Fatal Injury,Angle,55 to 59,None,,Driving Properly,Normal,,,"-79.44099, 43.672945"
1243108,2011,19,Local,Scarborough,20,,No Control,Clear,Dry,Non-Fatal Injury,Pedestrian Collisions,25 to 29,None,,Failed to Yield Right of Way,Inattentive,,,"-79.27429, 43.710945"
1243108,2011,19,Local,Scarborough,20,,No Control,Clear,Dry,Non-Fatal Injury,Pedestrian Collisions,0 to 4,Major,,,,On Sidewalk or Shoulder,Normal,"-79.27429, 43.710945"
1282698,2011,19,Major Arterial,Toronto and East York,10,,No Control,Clear,Dry,Non-Fatal Injury,Pedestrian Collisions,unknown,,,,,,,"-79.38409, 43.646245"
1282698,2011,19,Major Arterial,Toronto and East York,10,,No Control,Clear,Dry,Non-Fatal Injury,Pedestrian Collisions,40 to 44,None,,Driving Properly,Normal,,,"-79.38409, 43.646245"
1282698,2011,19,Major Arterial,Toronto and East York,10,,No Control,Clear,Dry,Non-Fatal Injury,Pedestrian Collisions,40 to 44,None,,Driving Properly,Normal,,,"-79.38409, 43.646245"
1282698,2011,19,Major Arterial,Toronto and East York,10,,No Control,Clear,Dry,Non-Fatal Injury,Pedestrian Collisions,20 to 24,Major,,,,"Crossing, no Traffic Control",Had Been Drinking,"-79.38409, 43.646245"
1277367,2012,19,Major Arterial,North York,16,,No Control,Rain,Wet,Non-Fatal Injury,Pedestrian Collisions,50 to 54,None,,Driving Properly,Normal,,,"-79.31239, 43.741645"
1277367,2012,19,Major Arterial,North York,16,,No Control,Rain,Wet,Non-Fatal Injury,Pedestrian Collisions,45 to 49,Major,,,,"Crossing, no Traffic Control",Inattentive,"-79.31239, 43.741645"
1250588,2011,19,Major Arterial,Etobicoke York,3,,No Control,Clear,Dry,Non-Fatal Injury,Rear End,20 to 24,Major,,Driving Properly,Normal,,,"-79.52449, 43.644445"
1250588,2011,19,Major Arterial,Etobicoke York,3,,No Control,Clear,Dry,Non-Fatal Injury,Rear End,35 to 39,None,,Improper Lane Change,Normal,,,"-79.52449, 43.644445"
1252312,2011,19,Major Arterial,Toronto and East York,4,At Intersection,No Control,Clear,Dry,Non-Fatal Injury,Rear End,70 to 74,Major,,,,,,"-79.45549, 43.643145"
1252312,2011,19,Major Arterial,Toronto and East York,4,At Intersection,No Control,Clear,Dry,Non-Fatal Injury,Rear End,40 to 44,Minor,,,,,,"-79.45549, 43.643145"
1252312,2011,19,Major Arterial,Toronto and East York,4,At Intersection,No Control,Clear,Dry,Non-Fatal Injury,Rear End,40 to 44,Minor,,Driving Properly,Normal,,,"-79.45549, 43.643145"
1252312,2011,19,Major Arterial,Toronto and East York,4,At Intersection,No Control,Clear,Dry,Non-Fatal Injury,Rear End,unknown,,,,,,,"-79.45549, 43.643145"
1252312,2011,19,Major Arterial,Toronto and East York,4,At Intersection,No Control,Clear,Dry,Non-Fatal Injury,Rear End,30 to 34,None,,Other,Normal,,,"-79.45549, 43.643145"
1239766,2011,19,Collector,Toronto and East York,,,Traffic Signal,Clear,Dry,Non-Fatal Injury,SMV Other,unknown,,,,,,,"-79.36359, 43.650145"
1239766,2011,19,Collector,Toronto and East York,,,Traffic Signal,Clear,Dry,Non-Fatal Injury,SMV Other,30 to 34,Major,,Driving Properly,Normal,,,"-79.36359, 43.650145"
1239766,2011,19,Collector,Toronto and East York,,,Traffic Signal,Clear,Dry,Non-Fatal Injury,SMV Other,unknown,None,,Other,Unknown,,,"-79.36359, 43.650145"
1248427,2011,19,Major Arterial,North York,15,At Intersection,Traffic Signal,Clear,Dry,Non-Fatal Injury,Turning Movement,40 to 44,None,,Driving Properly,Normal,,,"-79.34359, 43.707445"
1248427,2011,19,Major Arterial,North York,15,At Intersection,Traffic Signal,Clear,Dry,Non-Fatal Injury,Turning Movement,45 to 49,Major,,Driving Properly,Normal,,,"-79.34359, 43.707445"
1248427,2011,19,Major Arterial,North York,15,At Intersection,Traffic Signal,Clear,Dry,Non-Fatal Injury,Turning Movement,unknown,,,,,,,"-79.34359, 43.707445"
1248427,2011,19,Major Arterial,North York,15,At Intersection,Traffic Signal,Clear,Dry,Non-Fatal Injury,Turning Movement,35 to 39,None,,Driving Properly,Normal,,,"-79.34359, 43.707445"
1248427,2011,19,Major Arterial,North York,15,At Intersection,Traffic Signal,Clear,Dry,Non-Fatal Injury,Turning Movement,20 to 24,None,,Improper Turn,Normal,,,"-79.34359, 43.707445"
1302226,2012,19,Major Arterial,North York,16,At Intersection,Traffic Signal,Clear,Dry,Non-Fatal Injury,Pedestrian Collisions,30 to 34,None,,Failed to Yield Right of Way,Normal,,,"-79.32769, 43.760645"
1302226,2012,19,Major Arterial,North York,16,At Intersection,Traffic Signal,Clear,Dry,Non-Fatal Injury,Pedestrian Collisions,50 to 54,Major,,,,Crossing with right of way,Normal,"-79.32769, 43.760645"
1327537,2012,19,Local,Toronto and East York,13,,No Control,Rain,Wet,Non-Fatal Injury,Pedestrian Collisions,45 to 49,None,,Other,Inattentive,,,"-79.37509, 43.670445"
1327537,2012,19,Local,Toronto and East York,13,,No Control,Rain,Wet,Non-Fatal Injury,Pedestrian Collisions,50 to 54,Major,,,,Other,Normal,"-79.37509, 43.670445"
1328002,2012,19,Major Arterial,Scarborough,21,At Intersection,Traffic Signal,Clear,Dry,Non-Fatal Injury,Pedestrian Collisions,unknown,,,,,,,"-79.26449, 43.749645"
1328002,2012,19,Major Arterial,Scarborough,21,At Intersection,Traffic Signal,Clear,Dry,Non-Fatal Injury,Pedestrian Collisions,50 to 54,None,,Failed to Yield Right of Way,Normal,,,"-79.26449, 43.749645"
1328002,2012,19,Major Arterial,Scarborough,21,At Intersection,Traffic Signal,Clear,Dry,Non-Fatal Injury,Pedestrian Collisions,30 to 34,Major,,,,Crossing with right of way,Normal,"-79.26449, 43.749645"
1321983,2012,19,Minor Arterial,Etobicoke York,,At Intersection,Traffic Signal,Rain,Wet,Non-Fatal Injury,Pedestrian Collisions,unknown,None,,Failed to Yield Right of Way,Unknown,,,"-79.46329, 43.682745"
1321983,2012,19,Minor Arterial,Etobicoke York,,At Intersection,Traffic Signal,Rain,Wet,Non-Fatal Injury,Pedestrian Collisions,50 to 54,Major,,,,Crossing with right of way,Normal,"-79.46329, 43.682745"
1321792,2012,19,Major Arterial,Etobicoke York,,At Intersection,Traffic Signal,Clear,Dry,Non-Fatal Injury,Pedestrian Collisions,unknown,,,,,,,"-79.56249, 43.693345"
1321792,2012,19,Major Arterial,Etobicoke York,,At Intersection,Traffic Signal,Clear,Dry,Non-Fatal Injury,Pedestrian Collisions,50 to 54,None,,Driving Properly,Normal,,,"-79.56249, 43.693345"
1321792,2012,19,Major Arterial,Etobicoke York,,At Intersection,Traffic Signal,Clear,Dry,Non-Fatal Injury,Pedestrian Collisions,20 to 24,Major,,,,Running onto Roadway,Unknown,"-79.56249, 43.693345"
1331518,2012,19,Major Arterial,Scarborough,23,At Intersection,Traffic Signal,Rain,Wet,Non-Fatal Injury,Turning Movement,50 to 54,Minor,,,,,,"-79.257289, 43.787345"
1331518,2012,19,Major Arterial,Scarborough,23,At Intersection,Traffic Signal,Rain,Wet,Non-Fatal Injury,Turning Movement,75 to 79,Major,,,,,,"-79.257289, 43.787345"
1331518,2012,19,Major Arterial,Scarborough,23,At Intersection,Traffic Signal,Rain,Wet,Non-Fatal Injury,Turning Movement,70 to 74,Minor,,Failed to Yield Right of Way,Inattentive,,,"-79.257289, 43.787345"
1331518,2012,19,Major Arterial,Scarborough,23,At Intersection,Traffic Signal,Rain,Wet,Non-Fatal Injury,Turning Movement,20 to 24,Minor,,,,,,"-79.257289, 43.787345"
1331518,2012,19,Major Arterial,Scarborough,23,At Intersection,Traffic Signal,Rain,Wet,Non-Fatal Injury,Turning Movement,35 to 39,Minor,,,,,,"-79.257289, 43.787345"
1331518,2012,19,Major Arterial,Scarborough,23,At Intersection,Traffic Signal,Rain,Wet,Non-Fatal Injury,Turning Movement,20 to 24,Minimal,,Driving Properly,Normal,,,"-79.257289, 43.787345"
1291892,2012,19,Local,Etobicoke York,5,,No Control,Clear,Dry,Non-Fatal Injury,SMV Unattended Vehicle,20 to 24,Major,,Other,Unknown,,,"-79.47639, 43.683245"
1291892,2012,19,Local,Etobicoke York,5,,No Control,Clear,Dry,Non-Fatal Injury,SMV Unattended Vehicle,unknown,,,,,,,"-79.47639, 43.683245"
1291892,2012,19,Local,Etobicoke York,5,,No Control,Clear,Dry,Non-Fatal Injury,SMV Unattended Vehicle,unknown,None,,,,,,"-79.47639, 43.683245"
1291892,2012,19,Local,Etobicoke York,5,,No Control,Clear,Dry,Non-Fatal Injury,SMV Unattended Vehicle,unknown,,,,,,,"-79.47639, 43.683245"
1291892,2012,19,Local,Etobicoke York,5,,No Control,Clear,Dry,Non-Fatal Injury,SMV Unattended Vehicle,unknown,,,,,,,"-79.47639, 43.683245"
1291892,2012,19,Local,Etobicoke York,5,,No Control,Clear,Dry,Non-Fatal Injury,SMV Unattended Vehicle,unknown,,,,,,,"-79.47639, 43.683245"
1291892,2012,19,Local,Etobicoke York,5,,No Control,Clear,Dry,Non-Fatal Injury,SMV Unattended Vehicle,unknown,,,,,,,"-79.47639, 43.683245"
1303045,2012,19,Major Arterial,Scarborough,22,At Intersection,Traffic Signal,Clear,Dry,Non-Fatal Injury,Turning Movement,unknown,,,,,,,"-79.31089, 43.785445"
1303045,2012,19,Major Arterial,Scarborough,22,At Intersection,Traffic Signal,Clear,Dry,Non-Fatal Injury,Turning Movement,20 to 24,Major,,Exceeding Speed Limit,Normal,,,"-79.31089, 43.785445"
1303045,2012,19,Major Arterial,Scarborough,22,At Intersection,Traffic Signal,Clear,Dry,Non-Fatal Injury,Turning Movement,25 to 29,None,,Driving Properly,Normal,,,"-79.31089, 43.785445"
1304471,2012,19,Minor Arterial,Etobicoke York,5,At Intersection,Traffic Signal,Clear,Dry,Non-Fatal Injury,Cyclist Collisions,35 to 39,None,,Improper Turn,Inattentive,,,"-79.52539, 43.703045"
1304471,2012,19,Minor Arterial,Etobicoke York,5,At Intersection,Traffic Signal,Clear,Dry,Non-Fatal Injury,Cyclist Collisions,60 to 64,Major,,,,,,"-79.52539, 43.703045"
1302395,2012,19,Major Arterial,North York,6,At Intersection,Traffic Signal,Clear,Dry,Non-Fatal Injury,Cyclist Collisions,60 to 64,None,,Driving Properly,Normal,,,"-79.447261, 43.734576"
1302395,2012,19,Major Arterial,North York,6,At Intersection,Traffic Signal,Clear,Dry,Non-Fatal Injury,Cyclist Collisions,55 to 59,Major,,,,,,"-79.447261, 43.734576"
1301786,2012,19,Major Arterial,Etobicoke York,1,At Intersection,Traffic Signal,Clear,Dry,Non-Fatal Injury,Pedestrian Collisions,50 to 54,None,,Failed to Yield Right of Way,Normal,,,"-79.59169, 43.736745"
1301786,2012,19,Major Arterial,Etobicoke York,1,At Intersection,Traffic Signal,Clear,Dry,Non-Fatal Injury,Pedestrian Collisions,65 to 69,Major,,,,Crossing with right of way,Normal,"-79.59169, 43.736745"
1329835,2012,19,Major Arterial,North York,15,At Intersection,Traffic Signal,Clear,Dry,Non-Fatal Injury,Angle,unknown,,,,,,,"-79.369647, 43.712565"
1329835,2012,19,Major Arterial,North York,15,At Intersection,Traffic Signal,Clear,Dry,Non-Fatal Injury,Angle,50 to 54,None,,Driving Properly,Normal,,,"-79.369647, 43.712565"
1329835,2012,19,Major Arterial,North York,15,At Intersection,Traffic Signal,Clear,Dry,Non-Fatal Injury,Angle,35 to 39,None,,Disobeyed Traffic Control,Normal,,,"-79.369647, 43.712565"
1329835,2012,19,Major Arterial,North York,15,At Intersection,Traffic Signal,Clear,Dry,Non-Fatal Injury,Angle,unknown,,,,,,,"-79.369647, 43.712565"
1329835,2012,19,Major Arterial,North York,15,At Intersection,Traffic Signal,Clear,Dry,Non-Fatal Injury,Angle,70 to 74,Major,,Driving Properly,Normal,,,"-79.369647, 43.712565"
1329835,2012,19,Major Arterial,North York,15,At Intersection,Traffic Signal,Clear,Dry,Non-Fatal Injury,Angle,unknown,,,,,,,"-79.369647, 43.712565"
1305179,2012,19,Minor Arterial,Scarborough,25,At Intersection,No Control,Clear,Dry,Non-Fatal Injury,Turning Movement,40 to 44,Major,,Driving Properly,Normal,,,"-79.16219, 43.788745"
1307651,2012,19,Major Arterial,Etobicoke York,5,,Traffic Signal,Clear,Dry,Non-Fatal Injury,Rear End,unknown,,,,,,,"-79.47529, 43.696645"
1311734,2012,19,Major Arterial,Toronto and East York,11,,No Control,Clear,Dry,Non-Fatal Injury,Cyclist Collisions,unknown,,,,,,,"-79.38239, 43.671145"
1307651,2012,19,Major Arterial,Etobicoke York,5,,Traffic Signal,Clear,Dry,Non-Fatal Injury,Rear End,30 to 34,Major,,Exceeding Speed Limit,"Ability Impaired, Alcohol",,,"-79.47529, 43.696645"
1307651,2012,19,Major Arterial,Etobicoke York,5,,Traffic Signal,Clear,Dry,Non-Fatal Injury,Rear End,35 to 39,Minimal,,Driving Properly,Normal,,,"-79.47529, 43.696645"
1315507,2012,19,Major Arterial,North York,,At Intersection,Traffic Signal,Clear,Dry,Non-Fatal Injury,Cyclist Collisions,70 to 74,None,,Failed to Yield Right of Way,Inattentive,,,"-79.36629, 43.694045"
1315507,2012,19,Major Arterial,North York,,At Intersection,Traffic Signal,Clear,Dry,Non-Fatal Injury,Cyclist Collisions,25 to 29,Major,,,,,,"-79.36629, 43.694045"
1305179,2012,19,Minor Arterial,Scarborough,25,At Intersection,No Control,Clear,Dry,Non-Fatal Injury,Turning Movement,40 to 44,None,,Improper Turn,Medical or Physical Disability,,,"-79.16219, 43.788745"
1311734,2012,19,Major Arterial,Toronto and East York,11,,No Control,Clear,Dry,Non-Fatal Injury,Cyclist Collisions,25 to 29,None,,Improper Lane Change,Unknown,,,"-79.38239, 43.671145"
1311734,2012,19,Major Arterial,Toronto and East York,11,,No Control,Clear,Dry,Non-Fatal Injury,Cyclist Collisions,60 to 64,Major,,,,,,"-79.38239, 43.671145"
1317267,2012,19,Major Arterial,Etobicoke York,5,,No Control,Clear,Dry,Non-Fatal Injury,SMV Other,unknown,,,,,,,"-79.48669, 43.695545"
1317267,2012,19,Major Arterial,Etobicoke York,5,,No Control,Clear,Dry,Non-Fatal Injury,SMV Other,25 to 29,Major,,Lost control,Unknown,,,"-79.48669, 43.695545"
1305919,2012,19,Major Arterial,Toronto and East York,11,,Traffic Signal,Clear,Dry,Non-Fatal Injury,Cyclist Collisions,50 to 54,None,,Other,Normal,,,"-79.41379, 43.664545"
1305919,2012,19,Major Arterial,Toronto and East York,11,,Traffic Signal,Clear,Dry,Non-Fatal Injury,Cyclist Collisions,45 to 49,Major,,,,,,"-79.41379, 43.664545"
1382722,2013,19,Collector,Scarborough,25,,No Control,Clear,Dry,Non-Fatal Injury,SMV Other,unknown,,,,,,,"-79.156947, 43.81454"
1382722,2013,19,Collector,Scarborough,25,,No Control,Clear,Dry,Non-Fatal Injury,SMV Other,40 to 44,Major,,Lost control,Normal,,,"-79.156947, 43.81454"
1373039,2013,19,Collector,Scarborough,20,,No Control,Clear,Dry,Non-Fatal Injury,Pedestrian Collisions,60 to 64,Major,,,,Other,Normal,"-79.252559, 43.711016"
1359768,2013,19,Major Arterial,Toronto and East York,10,,No Control,Clear,Dry,Non-Fatal Injury,Rear End,65 to 69,None,,Driving Properly,Normal,,,"-79.37889, 43.645445"
1359768,2013,19,Major Arterial,Toronto and East York,10,,No Control,Clear,Dry,Non-Fatal Injury,Rear End,unknown,,,,,,,"-79.37889, 43.645445"
1359768,2013,19,Major Arterial,Toronto and East York,10,,No Control,Clear,Dry,Non-Fatal Injury,Rear End,55 to 59,Major,,Lost control,Medical or Physical Disability,,,"-79.37889, 43.645445"
1359768,2013,19,Major Arterial,Toronto and East York,10,,No Control,Clear,Dry,Non-Fatal Injury,Rear End,55 to 59,Minor,,,,,,"-79.37889, 43.645445"
1333337,2012,19,Major Arterial,Toronto and East York,19,,No Control,Clear,Wet,Non-Fatal Injury,Pedestrian Collisions,30 to 34,Major,,,,Running onto Roadway,Unknown,"-79.319026, 43.700148"
1333337,2012,19,Major Arterial,Toronto and East York,19,,No Control,Clear,Wet,Non-Fatal Injury,Pedestrian Collisions,unknown,,,,,,,"-79.319026, 43.700148"
1333337,2012,19,Major Arterial,Toronto and East York,19,,No Control,Clear,Wet,Non-Fatal Injury,Pedestrian Collisions,50 to 54,None,,Driving Properly,Normal,,,"-79.319026, 43.700148"
1365705,2013,19,Local,Toronto and East York,10,,No Control,Clear,Dry,Non-Fatal Injury,Pedestrian Collisions,unknown,,,,,,,"-79.38699, 43.654545"
1365705,2013,19,Local,Toronto and East York,10,,No Control,Clear,Dry,Non-Fatal Injury,Pedestrian Collisions,25 to 29,None,,Other,Unknown,,,"-79.38699, 43.654545"
1365705,2013,19,Local,Toronto and East York,10,,No Control,Clear,Dry,Non-Fatal Injury,Pedestrian Collisions,30 to 34,Major,,,,Other,Had Been Drinking,"-79.38699, 43.654545"
1366122,2013,19,Minor Arterial,Toronto and East York,14,,No Control,Clear,Dry,Non-Fatal Injury,Pedestrian Collisions,unknown,None,,,,"Crossing, no Traffic Control",Inattentive,"-79.35889, 43.676545"
1366122,2013,19,Minor Arterial,Toronto and East York,14,,No Control,Clear,Dry,Non-Fatal Injury,Pedestrian Collisions,35 to 39,Major,,,,,,"-79.35889, 43.676545"
1365311,2013,19,Collector,North York,6,At Intersection,Traffic Signal,Clear,Dry,Non-Fatal Injury,Pedestrian Collisions,unknown,,,,,,,"-79.45989, 43.755345"
1365311,2013,19,Collector,North York,6,At Intersection,Traffic Signal,Clear,Dry,Non-Fatal Injury,Pedestrian Collisions,45 to 49,None,,Failed to Yield Right of Way,Inattentive,,,"-79.45989, 43.755345"
1365311,2013,19,Collector,North York,6,At Intersection,Traffic Signal,Clear,Dry,Non-Fatal Injury,Pedestrian Collisions,25 to 29,Major,,,,Crossing with right of way,Normal,"-79.45989, 43.755345"