ACCNUM,YEAR,HOUR,ROAD_CLASS,District,WardNum,ACCLOC,TRAFFCTL,VISIBILITY,RDSFCOND,ACCLASS,IMPACTYPE,INVAGE,INJURY,FATAL_NO,DRIVACT,DRIVCOND,PEDACT,PEDCOND,geometry
1381080,2013,19,Major Arterial,Etobicoke York,7,At Intersection,Traffic Signal,Clear,Dry,Non-Fatal Injury,Cyclist Collisions,55 to 59,None,,Failed to Yield Right of Way,Normal,,,"-79.574855, 43.764334"
1381080,2013,19,Major Arterial,Etobicoke York,7,At Intersection,Traffic Signal,Clear,Dry,Non-Fatal Injury,Cyclist Collisions,50 to 54,Major,,,,,,"-79.574855, 43.764334"
1381629,2013,19,Collector,North York,18,,No Control,Clear,Dry,Non-Fatal Injury,Pedestrian Collisions,unknown,,,,,,,"-79.412151, 43.763011"
1381629,2013,19,Collector,North York,18,,No Control,Clear,Dry,Non-Fatal Injury,Pedestrian Collisions,20 to 24,None,,Other,Inattentive,,,"-79.412151, 43.763011"
1381629,2013,19,Collector,North York,18,,No Control,Clear,Dry,Non-Fatal Injury,Pedestrian Collisions,15 to 19,Minimal,,,,Other,Normal,"-79.412151, 43.763011"
1381629,2013,19,Collector,North York,18,,No Control,Clear,Dry,Non-Fatal Injury,Pedestrian Collisions,50 to 54,Major,,,,Other,Normal,"-79.412151, 43.763011"
1361069,2013,19,Major Arterial,Scarborough,20,,Traffic Signal,Clear,Dry,Non-Fatal Injury,Pedestrian Collisions,80 to 84,None,,Failed to Yield Right of Way,Normal,,,"-79.23239, 43.725145"
1361069,2013,19,Major Arterial,Scarborough,20,,Traffic Signal,Clear,Dry,Non-Fatal Injury,Pedestrian Collisions,45 to 49,Major,,,,Crossing with right of way,Normal,"-79.23239, 43.725145"
1361161,2013,19,Major Arterial,Etobicoke York,5,At Intersection,Traffic Signal,Clear,Dry,Non-Fatal Injury,Pedestrian Collisions,50 to 54,None,,Driving Properly,Normal,,,"-79.47279, 43.684945"
1361161,2013,19,Major Arterial,Etobicoke York,5,At Intersection,Traffic Signal,Clear,Dry,Non-Fatal Injury,Pedestrian Collisions,0 to 4,Minor,,,,,,"-79.47279, 43.684945"
1361161,2013,19,Major Arterial,Etobicoke York,5,At Intersection,Traffic Signal,Clear,Dry,Non-Fatal Injury,Pedestrian Collisions,5 to 9,Minor,,,,,,"-79.47279, 43.684945"
1361161,2013,19,Major Arterial,Etobicoke York,5,At Intersection,Traffic Signal,Clear,Dry,Non-Fatal Injury,Pedestrian Collisions,unknown,,,,,,,"-79.47279, 43.684945"
1361161,2013,19,Major Arterial,Etobicoke York,5,At Intersection,Traffic Signal,Clear,Dry,Non-Fatal Injury,Pedestrian Collisions,40 to 44,None,,Driving Properly,Normal,,,"-79.47279, 43.684945"
1361161,2013,19,Major Arterial,Etobicoke York,5,At Intersection,Traffic Signal,Clear,Dry,Non-Fatal Injury,Pedestrian Collisions,40 to 44,Major,,,,Crossing without right of way,Normal,"-79.47279, 43.684945"
1349085,2013,19,Major Arterial,Toronto and East York,19,,No Control,Rain,Wet,Non-Fatal Injury,Turning Movement,50 to 54,Minor,,,,,,"-79.29379, 43.689945"
1349085,2013,19,Major Arterial,Toronto and East York,19,,No Control,Rain,Wet,Non-Fatal Injury,Turning Movement,unknown,,,,,,,"-79.29379, 43.689945"
1349085,2013,19,Major Arterial,Toronto and East York,19,,No Control,Rain,Wet,Non-Fatal Injury,Turning Movement,60 to 64,None,,Driving Properly,Normal,,,"-79.29379, 43.689945"
1349085,2013,19,Major Arterial,Toronto and East York,19,,No Control,Rain,Wet,Non-Fatal Injury,Turning Movement,30 to 34,Minor,,Improper Lane Change,Inattentive,,,"-79.29379, 43.689945"
1349085,2013,19,Major Arterial,Toronto and East York,19,,No Control,Rain,Wet,Non-Fatal Injury,Turning Movement,30 to 34,Minor,,,,,,"-79.29379, 43.689945"
1349085,2013,19,Major Arterial,Toronto and East York,19,,No Control,Rain,Wet,Non-Fatal Injury,Turning Movement,5 to 9,Major,,,,,,"-79.29379, 43.689945"
1338611,2012,19,Collector,Toronto and East York,14,At Intersection,Stop Sign,Freezing Rain,Wet,Non-Fatal Injury,Pedestrian Collisions,20 to 24,None,,Failed to Yield Right of Way,Normal,,,"-79.32489, 43.674045"
1338611,2012,19,Collector,Toronto and East York,14,At Intersection,Stop Sign,Freezing Rain,Wet,Non-Fatal Injury,Pedestrian Collisions,25 to 29,Major,,,,Crossing with right of way,Normal,"-79.32489, 43.674045"
1384076,2013,19,Major Arterial,Etobicoke York,1,,No Control,Clear,Dry,Non-Fatal Injury,Approaching,45 to 49,Minimal,,,,,,"-79.568057, 43.743189"
4001952133,2014,19,Major Arterial,Toronto and East York,4,At Intersection,No Control,Clear,Dry,Non-Fatal Injury,Cyclist Collisions,65 to 69,None,,Other,Inattentive,,,"-79.465877, 43.665415"
4001952133,2014,19,Major Arterial,Toronto and East York,4,At Intersection,No Control,Clear,Dry,Non-Fatal Injury,Cyclist Collisions,35 to 39,Major,,,,,,"-79.465877, 43.665415"
4002053519,2014,19,Major Arterial,Etobicoke York,3,Non Intersection,No Control,Clear,Dry,Non-Fatal Injury,Sideswipe,50 to 54,Major,,Improper Lane Change,Inattentive,,,"-79.479442, 43.626296"
4002053519,2014,19,Major Arterial,Etobicoke York,3,Non Intersection,No Control,Clear,Dry,Non-Fatal Injury,Sideswipe,30 to 34,Minimal,,Driving Properly,Normal,,,"-79.479442, 43.626296"
4002084310,2014,19,Major Arterial,Toronto and East York,4,At Intersection,Traffic Signal,Rain,Wet,Non-Fatal Injury,Pedestrian Collisions,30 to 34,None,,Failed to Yield Right of Way,Normal,,,"-79.452441, 43.65631"
4002084310,2014,19,Major Arterial,Toronto and East York,4,At Intersection,Traffic Signal,Rain,Wet,Non-Fatal Injury,Pedestrian Collisions,40 to 44,Major,,,,Crossing with right of way,Unknown,"-79.452441, 43.65631"
1384076,2013,19,Major Arterial,Etobicoke York,1,,No Control,Clear,Dry,Non-Fatal Injury,Approaching,30 to 34,Minor,,,,,,"-79.568057, 43.743189"
1373039,2013,19,Collector,Scarborough,20,,No Control,Clear,Dry,Non-Fatal Injury,Pedestrian Collisions,10 to 14,None,,Other,Normal,,,"-79.252559, 43.711016"
142471584,2014,19,Minor Arterial,Toronto and East York,4,,No Control,Clear,Dry,Fatal,Pedestrian Collisions,50 to 54,None,,Other,Normal,,,"-79.452602, 43.656863"
142471584,2014,19,Minor Arterial,Toronto and East York,4,,No Control,Clear,Dry,Fatal,Pedestrian Collisions,65 to 69,Fatal,13,,,Other,Unknown,"-79.452602, 43.656863"
4002478309,2014,19,Major Arterial,Toronto and East York,,At Intersection,No Control,Clear,Dry,Non-Fatal Injury,Cyclist Collisions,50 to 54,None,,Driving Properly,Normal,,,"-79.29568, 43.708121"
4002478309,2014,19,Major Arterial,Toronto and East York,,At Intersection,No Control,Clear,Dry,Non-Fatal Injury,Cyclist Collisions,60 to 64,Major,,,,,,"-79.29568, 43.708121"
4002642659,2014,19,Minor Arterial,Scarborough,25,Intersection Related,Traffic Signal,Clear,Dry,Non-Fatal Injury,Pedestrian Collisions,35 to 39,None,,Failed to Yield Right of Way,Normal,,,"-79.215602, 43.80778"
4002642659,2014,19,Minor Arterial,Scarborough,25,Intersection Related,Traffic Signal,Clear,Dry,Non-Fatal Injury,Pedestrian Collisions,10 to 14,None,,,,,,"-79.215602, 43.80778"
4002642659,2014,19,Minor Arterial,Scarborough,25,Intersection Related,Traffic Signal,Clear,Dry,Non-Fatal Injury,Pedestrian Collisions,25 to 29,Major,,,,Crossing with right of way,Unknown,"-79.215602, 43.80778"
1384076,2013,19,Major Arterial,Etobicoke York,1,,No Control,Clear,Dry,Non-Fatal Injury,Approaching,45 to 49,Major,,Driving Properly,Normal,,,"-79.568057, 43.743189"
1373041,2013,19,Major Arterial,Scarborough,22,At Intersection,Traffic Signal,Rain,Wet,Non-Fatal Injury,Pedestrian Collisions,unknown,,,,,,,"-79.295017, 43.774165"
3001098840,2013,19,Major Arterial,Toronto and East York,10,Intersection Related,Traffic Signal,Clear,Dry,Non-Fatal Injury,Turning Movement,35 to 39,None,,Improper Turn,Normal,,,"-79.399638, 43.636473"
3001098840,2013,19,Major Arterial,Toronto and East York,10,Intersection Related,Traffic Signal,Clear,Dry,Non-Fatal Injury,Turning Movement,45 to 49,Major,,Driving Properly,Normal,,,"-79.399638, 43.636473"
3001098840,2013,19,Major Arterial,Toronto and East York,10,Intersection Related,Traffic Signal,Clear,Dry,Non-Fatal Injury,Turning Movement,25 to 29,Minimal,,,,,,"-79.399638, 43.636473"
3001188681,2013,19,Major Arterial,North York,17,Non Intersection,No Control,Rain,Slush,Non-Fatal Injury,Pedestrian Collisions,55 to 59,None,,Driving Properly,Normal,,,"-79.370075, 43.808966"
3001188681,2013,19,Major Arterial,North York,17,Non Intersection,No Control,Rain,Slush,Non-Fatal Injury,Pedestrian Collisions,30 to 34,None,,Driving Properly,Normal,,,"-79.370075, 43.808966"
3001188681,2013,19,Major Arterial,North York,17,Non Intersection,No Control,Rain,Slush,Non-Fatal Injury,Pedestrian Collisions,25 to 29,Major,,,,"Crossing, no Traffic Control",Had Been Drinking,"-79.370075, 43.808966"
4001344082,2014,19,Major Arterial,Scarborough,22,Intersection Related,Traffic Signal,Clear,Dry,Non-Fatal Injury,Turning Movement,20 to 24,Major,,Failed to Yield Right of Way,Inattentive,,,"-79.307895, 43.77872"
4001344082,2014,19,Major Arterial,Scarborough,22,Intersection Related,Traffic Signal,Clear,Dry,Non-Fatal Injury,Turning Movement,15 to 19,None,,Driving Properly,Normal,,,"-79.307895, 43.77872"
1384076,2013,19,Major Arterial,Etobicoke York,1,,No Control,Clear,Dry,Non-Fatal Injury,Approaching,45 to 49,Major,,Lost control,"Ability Impaired, Alcohol Over .08",,,"-79.568057, 43.743189"
1384076,2013,19,Major Arterial,Etobicoke York,1,,No Control,Clear,Dry,Non-Fatal Injury,Approaching,unknown,,,,,,,"-79.568057, 43.743189"
4002144979,2014,19,Major Arterial,Scarborough,21,Non Intersection,No Control,Clear,Dry,Non-Fatal Injury,Angle,35 to 39,None,,Other,Inattentive,,,"-79.244464, 43.74924"
4002144979,2014,19,Major Arterial,Scarborough,21,Non Intersection,No Control,Clear,Dry,Non-Fatal Injury,Angle,20 to 24,Major,,Other,Unknown,,,"-79.244464, 43.74924"
1373041,2013,19,Major Arterial,Scarborough,22,At Intersection,Traffic Signal,Rain,Wet,Non-Fatal Injury,Pedestrian Collisions,65 to 69,None,,Failed to Yield Right of Way,Inattentive,,,"-79.295017, 43.774165"
1373041,2013,19,Major Arterial,Scarborough,22,At Intersection,Traffic Signal,Rain,Wet,Non-Fatal Injury,Pedestrian Collisions,70 to 74,Major,,,,Crossing with right of way,Normal,"-79.295017, 43.774165"
4001910374,2014,19,Major Arterial,Toronto and East York,11,Non Intersection,No Control,Other,Dry,Non-Fatal Injury,Cyclist Collisions,20 to 24,None,,Other,Unknown,,,"-79.402095, 43.663043"
4001910374,2014,19,Major Arterial,Toronto and East York,11,Non Intersection,No Control,Other,Dry,Non-Fatal Injury,Cyclist Collisions,20 to 24,Major,,,,,,"-79.402095, 43.663043"
4001910374,2014,19,Major Arterial,Toronto and East York,11,Non Intersection,No Control,Other,Dry,Non-Fatal Injury,Cyclist Collisions,50 to 54,None,,,,,,"-79.402095, 43.663043"
1386536,2013,19,Major Arterial,North York,6,,No Control,Clear,Dry,Non-Fatal Injury,Turning Movement,50 to 54,Minor,,,,,,"-79.468707, 43.776274"
1386536,2013,19,Major Arterial,North York,6,,No Control,Clear,Dry,Non-Fatal Injury,Turning Movement,25 to 29,Major,,Driving Properly,Normal,,,"-79.468707, 43.776274"
1386536,2013,19,Major Arterial,North York,6,,No Control,Clear,Dry,Non-Fatal Injury,Turning Movement,55 to 59,None,,Failed to Yield Right of Way,Normal,,,"-79.468707, 43.776274"
1379013,2013,19,Major Arterial,North York,6,,No Control,Clear,Dry,Fatal,Pedestrian Collisions,50 to 54,None,,,,,,"-79.455066, 43.771441"
1379013,2013,19,Major Arterial,North York,6,,No Control,Clear,Dry,Fatal,Pedestrian Collisions,55 to 59,None,,Driving Properly,Normal,,,"-79.455066, 43.771441"
1379013,2013,19,Major Arterial,North York,6,,No Control,Clear,Dry,Fatal,Pedestrian Collisions,70 to 74,Fatal,45,,,Running onto Roadway,Unknown,"-79.455066, 43.771441"
4002199854,2014,19,Major Arterial,Scarborough,,At/Near Private Drive,No Control,Clear,Dry,Non-Fatal Injury,Pedestrian Collisions,15 to 19,None,,Improper Turn,Normal,,,"-79.256099, 43.734919"
4002199854,2014,19,Major Arterial,Scarborough,,At/Near Private Drive,No Control,Clear,Dry,Non-Fatal Injury,Pedestrian Collisions,85 to 89,Major,,,,"Crossing, no Traffic Control",Normal,"-79.256099, 43.734919"
1381878,2013,19,Minor Arterial,Scarborough,25,,No Control,Rain,Wet,Non-Fatal Injury,Cyclist Collisions,60 to 64,None,,Following too Close,Inattentive,,,"-79.222263, 43.817439"
4002270913,2014,19,,Toronto and East York,14,Non Intersection,No Control,Clear,Dry,Non-Fatal Injury,Sideswipe,35 to 39,None,,Lost control,Unknown,,,"-79.33308, 43.702536"
4002270913,2014,19,,Toronto and East York,14,Non Intersection,No Control,Clear,Dry,Non-Fatal Injury,Sideswipe,45 to 49,Minor,,Driving Properly,Normal,,,"-79.33308, 43.702536"
4002270913,2014,19,,Toronto and East York,14,Non Intersection,No Control,Clear,Dry,Non-Fatal Injury,Sideswipe,45 to 49,Major,,,,,,"-79.33308, 43.702536"
4002366263,2014,19,Minor Arterial,Toronto and East York,,Non Intersection,No Control,Clear,Dry,Non-Fatal Injury,Cyclist Collisions,25 to 29,None,,,,,,"-79.424739, 43.649428"
4002291464,2014,19,Collector,Etobicoke York,7,At/Near Private Drive,No Control,Clear,Dry,Non-Fatal Injury,Cyclist Collisions,75 to 79,None,,Failed to Yield Right of Way,Inattentive,,,"-79.562839, 43.75064"
4002291464,2014,19,Collector,Etobicoke York,7,At/Near Private Drive,No Control,Clear,Dry,Non-Fatal Injury,Cyclist Collisions,5 to 9,Major,,,,,,"-79.562839, 43.75064"
4002366263,2014,19,Minor Arterial,Toronto and East York,,Non Intersection,No Control,Clear,Dry,Non-Fatal Injury,Cyclist Collisions,20 to 24,None,,Failed to Yield Right of Way,Normal,,,"-79.424739, 43.649428"
4002366263,2014,19,Minor Arterial,Toronto and East York,,Non Intersection,No Control,Clear,Dry,Non-Fatal Injury,Cyclist Collisions,25 to 29,Major,,,,,,"-79.424739, 43.649428"
1381878,2013,19,Minor Arterial,Scarborough,25,,No Control,Rain,Wet,Non-Fatal Injury,Cyclist Collisions,60 to 64,Major,,,,,,"-79.222263, 43.817439"
1386897,2013,19,Major Arterial,Toronto and East York,9,,Traffic Signal,Rain,Wet,Non-Fatal Injury,Cyclist Collisions,20 to 24,None,,Improper Passing,Inattentive,,,"-79.43275, 43.669692"
1386897,2013,19,Major Arterial,Toronto and East York,9,,Traffic Signal,Rain,Wet,Non-Fatal Injury,Cyclist Collisions,30 to 34,Major,,,,,,"-79.43275, 43.669692"
1384542,2013,19,Minor Arterial,Toronto and East York,9,At Intersection,No Control,Clear,Dry,Non-Fatal Injury,Cyclist Collisions,25 to 29,Minimal,,Failed to Yield Right of Way,Normal,,,"-79.445606, 43.672"
1384542,2013,19,Minor Arterial,Toronto and East York,9,At Intersection,No Control,Clear,Dry,Non-Fatal Injury,Cyclist Collisions,30 to 34,Major,,,,,,"-79.445606, 43.672"
3000936395,2013,19,Major Arterial,Toronto and East York,,Private Driveway,No Control,Clear,Dry,Non-Fatal Injury,Pedestrian Collisions,45 to 49,None,,Failed to Yield Right of Way,Inattentive,,,"-79.38718, 43.664359"
3000936395,2013,19,Major Arterial,Toronto and East York,,Private Driveway,No Control,Clear,Dry,Non-Fatal Injury,Pedestrian Collisions,25 to 29,Major,,,,On Sidewalk or Shoulder,Normal,"-79.38718, 43.664359"
3000972719,2013,19,Minor Arterial,Etobicoke York,2,Non Intersection,No Control,Clear,Dry,Non-Fatal Injury,Pedestrian Collisions,45 to 49,None,,Driving Properly,Normal,,,"-79.569782, 43.651686"
3000972719,2013,19,Minor Arterial,Etobicoke York,2,Non Intersection,No Control,Clear,Dry,Non-Fatal Injury,Pedestrian Collisions,15 to 19,Major,,,,Playing or Working on Highway,Had Been Drinking,"-79.569782, 43.651686"
3000972719,2013,19,Minor Arterial,Etobicoke York,2,Non Intersection,No Control,Clear,Dry,Non-Fatal Injury,Pedestrian Collisions,unknown,,,,,,,"-79.569782, 43.651686"
4003148755,2014,19,Major Arterial,Toronto and East York,4,At Intersection,No Control,Rain,Wet,Non-Fatal Injury,Pedestrian Collisions,35 to 39,None,,Driving Properly,Normal,,,"-79.463695, 43.653887"
4003148755,2014,19,Major Arterial,Toronto and East York,4,At Intersection,No Control,Rain,Wet,Non-Fatal Injury,Pedestrian Collisions,35 to 39,Major,,,,"Crossing, no Traffic Control",Inattentive,"-79.463695, 43.653887"
5001660531,2015,19,Major Arterial,Toronto and East York,4,At Intersection,Traffic Signal,Clear,Dry,Non-Fatal Injury,Pedestrian Collisions,30 to 34,None,,Failed to Yield Right of Way,Inattentive,,,"-79.462917, 43.661589"
5001578731,2015,19,Major Arterial,Scarborough,22,At Intersection,Traffic Signal,Rain,Wet,Non-Fatal Injury,Pedestrian Collisions,20 to 24,None,,Failed to Yield Right of Way,Inattentive,,,"-79.304385, 43.779551"
5001578731,2015,19,Major Arterial,Scarborough,22,At Intersection,Traffic Signal,Rain,Wet,Non-Fatal Injury,Pedestrian Collisions,25 to 29,None,,,,,,"-79.304385, 43.779551"
5001578731,2015,19,Major Arterial,Scarborough,22,At Intersection,Traffic Signal,Rain,Wet,Non-Fatal Injury,Pedestrian Collisions,20 to 24,None,,,,,,"-79.304385, 43.779551"
5001578731,2015,19,Major Arterial,Scarborough,22,At Intersection,Traffic Signal,Rain,Wet,Non-Fatal Injury,Pedestrian Collisions,15 to 19,Major,,,,Crossing with right of way,Normal,"-79.304385, 43.779551"
5001603828,2015,19,Major Arterial,Scarborough,22,Intersection Related,No Control,Clear,Dry,Non-Fatal Injury,Pedestrian Collisions,20 to 24,None,,Driving Properly,Normal,,,"-79.300456, 43.808901"
5001603828,2015,19,Major Arterial,Scarborough,22,Intersection Related,No Control,Clear,Dry,Non-Fatal Injury,Pedestrian Collisions,80 to 84,Major,,,,"Crossing, no Traffic Control",Normal,"-79.300456, 43.808901"
5001603828,2015,19,Major Arterial,Scarborough,22,Intersection Related,No Control,Clear,Dry,Non-Fatal Injury,Pedestrian Collisions,70 to 74,Minimal,,,,"Crossing, no Traffic Control",Normal,"-79.300456, 43.808901"
5001660531,2015,19,Major Arterial,Toronto and East York,4,At Intersection,Traffic Signal,Clear,Dry,Non-Fatal Injury,Pedestrian Collisions,80 to 84,Major,,,,Crossing with right of way,Normal,"-79.462917, 43.661589"
5001660531,2015,19,Major Arterial,Toronto and East York,4,At Intersection,Traffic Signal,Clear,Dry,Non-Fatal Injury,Pedestrian Collisions,65 to 69,None,,,,,,"-79.462917, 43.661589"
5000423922,2015,19,Major Arterial,Scarborough,,At Intersection,Traffic Signal,Clear,Dry,Non-Fatal Injury,Pedestrian Collisions,20 to 24,None,,Failed to Yield Right of Way,Inattentive,,,"-79.253146, 43.735575"
5000423922,2015,19,Major Arterial,Scarborough,,At Intersection,Traffic Signal,Clear,Dry,Non-Fatal Injury,Pedestrian Collisions,60 to 64,Major,,,,Crossing with right of way,Normal,"-79.253146, 43.735575"
5000020238,2015,19,Major Arterial,Toronto and East York,11,Non Intersection,Pedestrian Crossover,Snow,Wet,Non-Fatal Injury,Pedestrian Collisions,70 to 74,None,,Failed to Yield Right of Way,Normal,,,"-79.408206, 43.657664"
5000020238,2015,19,Major Arterial,Toronto and East York,11,Non Intersection,Pedestrian Crossover,Snow,Wet,Non-Fatal Injury,Pedestrian Collisions,25 to 29,Major,,,,"Crossing, Pedestrian Crossover",Normal,"-79.408206, 43.657664"
5000177590,2015,19,,North York,16,Non Intersection,No Control,Clear,Dry,Non-Fatal Injury,Rear End,30 to 34,Minimal,,Following too Close,Normal,,,"-79.332248, 43.740245"
5000177590,2015,19,,North York,16,Non Intersection,No Control,Clear,Dry,Non-Fatal Injury,Rear End,unknown,None,,Driving Properly,Normal,,,"-79.332248, 43.740245"
5000177590,2015,19,,North York,16,Non Intersection,No Control,Clear,Dry,Non-Fatal Injury,Rear End,65 to 69,Minimal,,Driving Properly,Normal,,,"-79.332248, 43.740245"
5000177590,2015,19,,North York,16,Non Intersection,No Control,Clear,Dry,Non-Fatal Injury,Rear End,30 to 34,Minimal,,Driving Properly,Normal,,,"-79.332248, 43.740245"
5000177590,2015,19,,North York,16,Non Intersection,No Control,Clear,Dry,Non-Fatal Injury,Rear End,30 to 34,Major,,,,,,"-79.332248, 43.740245"
5000177590,2015,19,,North York,16,Non Intersection,No Control,Clear,Dry,Non-Fatal Injury,Rear End,5 to 9,None,,,,,,"-79.332248, 43.740245"
5000177590,2015,19,,North York,16,Non Intersection,No Control,Clear,Dry,Non-Fatal Injury,Rear End,65 to 69,Minimal,,,,,,"-79.332248, 43.740245"
5000375108,2015,19,Minor Arterial,Etobicoke York,7,Intersection Related,Traffic Signal,Clear,Dry,Fatal,Pedestrian Collisions,40 to 44,None,,Failed to Yield Right of Way,Inattentive,,,"-79.570071, 43.760417"
5000375108,2015,19,Minor Arterial,Etobicoke York,7,Intersection Related,Traffic Signal,Clear,Dry,Fatal,Pedestrian Collisions,80 to 84,Fatal,9,,,Crossing with right of way,Normal,"-79.570071, 43.760417"
5001750958,2015,19,Major Arterial,Etobicoke York,2,,No Control,Clear,Dry,Fatal,Pedestrian Collisions,55 to 59,None,,Driving Properly,Normal,,,"-79.541393, 43.685214"
5001750958,2015,19,Major Arterial,Etobicoke York,2,,No Control,Clear,Dry,Fatal,Pedestrian Collisions,20 to 24,None,,Exceeding Speed Limit,Inattentive,,,"-79.541393, 43.685214"
5001750958,2015,19,Major Arterial,Etobicoke York,2,,No Control,Clear,Dry,Fatal,Pedestrian Collisions,20 to 24,Fatal,50,,,"Crossing, no Traffic Control",Inattentive,"-79.541393, 43.685214"
5000961885,2015,19,Minor Arterial,Toronto and East York,9,At Intersection,Stop Sign,Other,Other,Non-Fatal Injury,Angle,40 to 44,None,,Failed to Yield Right of Way,Unknown,,,"-79.443607, 43.660639"
5000961885,2015,19,Minor Arterial,Toronto and East York,9,At Intersection,Stop Sign,Other,Other,Non-Fatal Injury,Angle,50 to 54,Major,,Driving Properly,Unknown,,,"-79.443607, 43.660639"
143117140,2014,19,Major Arterial,North York,,,No Control,Rain,Wet,Fatal,Pedestrian Collisions,50 to 54,None,,Driving Properly,Normal,,,"-79.303104, 43.725833"
143117140,2014,19,Major Arterial,North York,,,No Control,Rain,Wet,Fatal,Pedestrian Collisions,55 to 59,Fatal,35,,,"Crossing, no Traffic Control",Unknown,"-79.303104, 43.725833"
4003437550,2014,19,Major Arterial,Scarborough,23,Non Intersection,No Control,Clear,Dry,Non-Fatal Injury,SMV Other,55 to 59,Major,,Lost control,Medical or Physical Disability,,,"-79.273639, 43.799033"
4003437550,2014,19,Major Arterial,Scarborough,23,Non Intersection,No Control,Clear,Dry,Non-Fatal Injury,SMV Other,50 to 54,Minor,,,,,,"-79.273639, 43.799033"
4003498466,2014,19,Major Arterial,Etobicoke York,1,Intersection Related,Traffic Signal,Rain,Wet,Non-Fatal Injury,Pedestrian Collisions,45 to 49,None,,Driving Properly,Normal,,,"-79.561374, 43.735346"
4003498466,2014,19,Major Arterial,Etobicoke York,1,Intersection Related,Traffic Signal,Rain,Wet,Non-Fatal Injury,Pedestrian Collisions,5 to 9,Major,,,,,,"-79.561374, 43.735346"
4003498466,2014,19,Major Arterial,Etobicoke York,1,Intersection Related,Traffic Signal,Rain,Wet,Non-Fatal Injury,Pedestrian Collisions,45 to 49,Minor,,,,Crossing with right of way,Normal,"-79.561374, 43.735346"
5000513349,2015,19,Major Arterial,Scarborough,,Non Intersection,No Control,Clear,Dry,Non-Fatal Injury,Other,55 to 59,None,,Driving Properly,Normal,,,"-79.297504, 43.725642"
5000513349,2015,19,Major Arterial,Scarborough,,Non Intersection,No Control,Clear,Dry,Non-Fatal Injury,Other,50 to 54,Major,,,,,,"-79.297504, 43.725642"
5000549380,2015,19,Major Arterial,North York,17,At Intersection,Traffic Signal,Rain,Wet,Non-Fatal Injury,Pedestrian Collisions,20 to 24,None,,Disobeyed Traffic Control,Normal,,,"-79.347888, 43.777117"
5000549380,2015,19,Major Arterial,North York,17,At Intersection,Traffic Signal,Rain,Wet,Non-Fatal Injury,Pedestrian Collisions,20 to 24,None,,,,,,"-79.347888, 43.777117"
5000549380,2015,19,Major Arterial,North York,17,At Intersection,Traffic Signal,Rain,Wet,Non-Fatal Injury,Pedestrian Collisions,50 to 54,Major,,,,Crossing with right of way,Unknown,"-79.347888, 43.777117"
6001470144,2016,19,Collector,Scarborough,25,Non Intersection,No Control,Clear,Dry,Non-Fatal Injury,Sideswipe,20 to 24,Major,,Improper Passing,Inattentive,,,"-79.188243, 43.799857"
6001470144,2016,19,Collector,Scarborough,25,Non Intersection,No Control,Clear,Dry,Non-Fatal Injury,Sideswipe,60 to 64,None,,Driving Properly,Normal,,,"-79.188243, 43.799857"
5001826352,2015,19,Minor Arterial,Scarborough,25,At Intersection,Traffic Signal,Clear,Dry,Non-Fatal Injury,Pedestrian Collisions,60 to 64,None,,Driving Properly,Normal,,,"-79.211139, 43.81626"
5001826352,2015,19,Minor Arterial,Scarborough,25,At Intersection,Traffic Signal,Clear,Dry,Non-Fatal Injury,Pedestrian Collisions,30 to 34,Major,,,,Running onto Roadway,Inattentive,"-79.211139, 43.81626"
5001837340,2015,19,Major Arterial,Scarborough,,At Intersection,Traffic Signal,Clear,Dry,Non-Fatal Injury,Pedestrian Collisions,25 to 29,None,,Failed to Yield Right of Way,Inattentive,,,"-79.246158, 43.737086"
5001837340,2015,19,Major Arterial,Scarborough,,At Intersection,Traffic Signal,Clear,Dry,Non-Fatal Injury,Pedestrian Collisions,50 to 54,Major,,,,Crossing with right of way,Normal,"-79.246158, 43.737086"
6000951747,2016,19,Minor Arterial,Toronto and East York,9,At Intersection,Traffic Signal,Clear,Dry,Non-Fatal Injury,Cyclist Collisions,30 to 34,Major,,,,,,"-79.435558, 43.649817"
6000951747,2016,19,Minor Arterial,Toronto and East York,9,At Intersection,Traffic Signal,Clear,Dry,Non-Fatal Injury,Cyclist Collisions,25 to 29,None,,Driving Properly,Normal,,,"-79.435558, 43.649817"
6000148806,2016,19,Major Arterial,North York,15,At Intersection,Traffic Signal,Clear,Dry,Non-Fatal Injury,Pedestrian Collisions,40 to 44,None,,Failed to Yield Right of Way,Inattentive,,,"-79.34135, 43.707946"
6000148806,2016,19,Major Arterial,North York,15,At Intersection,Traffic Signal,Clear,Dry,Non-Fatal Injury,Pedestrian Collisions,70 to 74,Major,,,,Crossing with right of way,Normal,"-79.34135, 43.707946"