ACCNUM,YEAR,HOUR,ROAD_CLASS,District,WardNum,ACCLOC,TRAFFCTL,VISIBILITY,RDSFCOND,ACCLASS,IMPACTYPE,INVAGE,INJURY,FATAL_NO,DRIVACT,DRIVCOND,PEDACT,PEDCOND,geometry
7000058719,2017,20,Major Arterial,Toronto and East York,13,At Intersection,Traffic Signal,Rain,Wet,Non-Fatal Injury,Pedestrian Collisions,55 to 59,None,,Driving Properly,Normal,,,"-79.374912, 43.651179"
7000058719,2017,20,Major Arterial,Toronto and East York,13,At Intersection,Traffic Signal,Rain,Wet,Non-Fatal Injury,Pedestrian Collisions,50 to 54,Major,,,,Crossing without right of way,Normal,"-79.374912, 43.651179"
7000058719,2017,20,Major Arterial,Toronto and East York,13,At Intersection,Traffic Signal,Rain,Wet,Non-Fatal Injury,Pedestrian Collisions,15 to 19,None,,,,,,"-79.374912, 43.651179"
7000090444,2017,20,Major Arterial,North York,,Intersection Related,No Control,Clear,Dry,Non-Fatal Injury,Pedestrian Collisions,45 to 49,Major,,,,Crossing without right of way,Inattentive,"-79.399997, 43.714495"
7000090444,2017,20,Major Arterial,North York,,Intersection Related,No Control,Clear,Dry,Non-Fatal Injury,Pedestrian Collisions,55 to 59,None,,Driving Properly,Normal,,,"-79.399997, 43.714495"
7001553173,2017,20,Major Arterial,Scarborough,23,Non Intersection,No Control,Clear,Dry,Fatal,Pedestrian Collisions,45 to 49,None,,Driving Properly,Normal,,,"-79.249019, 43.83705"
7001553173,2017,20,Major Arterial,Scarborough,23,Non Intersection,No Control,Clear,Dry,Fatal,Pedestrian Collisions,75 to 79,Fatal,38,,,Running onto Roadway,Inattentive,"-79.249019, 43.83705"
7001821559,2017,20,Major Arterial,Toronto and East York,11,At Intersection,No Control,Clear,Dry,Non-Fatal Injury,Turning Movement,15 to 19,Minimal,,,,,,"-79.388561, 43.655394"
7001821559,2017,20,Major Arterial,Toronto and East York,11,At Intersection,No Control,Clear,Dry,Non-Fatal Injury,Turning Movement,30 to 34,None,,,,,,"-79.388561, 43.655394"
7001821559,2017,20,Major Arterial,Toronto and East York,11,At Intersection,No Control,Clear,Dry,Non-Fatal Injury,Turning Movement,25 to 29,Major,,Driving Properly,Normal,,,"-79.388561, 43.655394"
7001821559,2017,20,Major Arterial,Toronto and East York,11,At Intersection,No Control,Clear,Dry,Non-Fatal Injury,Turning Movement,30 to 34,None,,Failed to Yield Right of Way,Normal,,,"-79.388561, 43.655394"
7001914819,2017,20,Major Arterial,Toronto and East York,10,Non Intersection,No Control,Clear,Dry,Non-Fatal Injury,Pedestrian Collisions,25 to 29,Major,,,,"Crossing, no Traffic Control",Had Been Drinking,"-79.408191, 43.642733"
7001914819,2017,20,Major Arterial,Toronto and East York,10,Non Intersection,No Control,Clear,Dry,Non-Fatal Injury,Pedestrian Collisions,55 to 59,None,,Driving Properly,Normal,,,"-79.408191, 43.642733"
7001954444,2017,20,Major Arterial,Etobicoke York,1,At Intersection,Traffic Signal,Clear,Dry,Non-Fatal Injury,Cyclist Collisions,30 to 34,Minor,,,,,,"-79.582073, 43.743193"
7001954444,2017,20,Major Arterial,Etobicoke York,1,At Intersection,Traffic Signal,Clear,Dry,Non-Fatal Injury,Cyclist Collisions,45 to 49,Major,,Driving Properly,Normal,,,"-79.582073, 43.743193"
7002025580,2017,20,Major Arterial,Etobicoke York,,At Intersection,Traffic Signal,Clear,Dry,Non-Fatal Injury,Turning Movement,55 to 59,None,,Failed to Yield Right of Way,Inattentive,,,"-79.494464, 43.781508"
7002025580,2017,20,Major Arterial,Etobicoke York,,At Intersection,Traffic Signal,Clear,Dry,Non-Fatal Injury,Turning Movement,20 to 24,Major,,Driving Properly,Inattentive,,,"-79.494464, 43.781508"
8001178233,2018,20,Major Arterial,Toronto and East York,14,At/Near Private Drive,No Control,Clear,Dry,Non-Fatal Injury,Cyclist Collisions,35 to 39,Major,,Improper Turn,Inattentive,,,"-79.341083, 43.679595"
8001218664,2018,20,Local,Scarborough,22,Non Intersection,No Control,Clear,Wet,Non-Fatal Injury,SMV Other,25 to 29,None,,Driving Properly,Normal,,,"-79.316661, 43.780074"
8001218664,2018,20,Local,Scarborough,22,Non Intersection,No Control,Clear,Wet,Non-Fatal Injury,SMV Other,25 to 29,Major,,,,,,"-79.316661, 43.780074"
8001218664,2018,20,Local,Scarborough,22,Non Intersection,No Control,Clear,Wet,Non-Fatal Injury,SMV Other,0 to 4,None,,,,,,"-79.316661, 43.780074"
8000825405,2018,20,Major Arterial,Toronto and East York,13,Intersection Related,Traffic Signal,Clear,Dry,Non-Fatal Injury,Pedestrian Collisions,60 to 64,Major,,,,"Crossing, no Traffic Control",Inattentive,"-79.372791, 43.652632"
8000825405,2018,20,Major Arterial,Toronto and East York,13,Intersection Related,Traffic Signal,Clear,Dry,Non-Fatal Injury,Pedestrian Collisions,unknown,None,,Other,Unknown,,,"-79.372791, 43.652632"
8000916945,2018,20,Major Arterial,Etobicoke York,1,Non Intersection,No Control,Clear,Dry,Non-Fatal Injury,Rear End,20 to 24,Minor,,,,,,"-79.614955, 43.755194"
8000916945,2018,20,Major Arterial,Etobicoke York,1,Non Intersection,No Control,Clear,Dry,Non-Fatal Injury,Rear End,20 to 24,Minor,,,,,,"-79.614955, 43.755194"
8000916945,2018,20,Major Arterial,Etobicoke York,1,Non Intersection,No Control,Clear,Dry,Non-Fatal Injury,Rear End,40 to 44,Minor,,,,,,"-79.614955, 43.755194"
8000916945,2018,20,Major Arterial,Etobicoke York,1,Non Intersection,No Control,Clear,Dry,Non-Fatal Injury,Rear End,15 to 19,Minor,,,,,,"-79.614955, 43.755194"
8000916945,2018,20,Major Arterial,Etobicoke York,1,Non Intersection,No Control,Clear,Dry,Non-Fatal Injury,Rear End,15 to 19,Minimal,,,,,,"-79.614955, 43.755194"
8000916945,2018,20,Major Arterial,Etobicoke York,1,Non Intersection,No Control,Clear,Dry,Non-Fatal Injury,Rear End,45 to 49,Minimal,,Driving Properly,Normal,,,"-79.614955, 43.755194"
8000916945,2018,20,Major Arterial,Etobicoke York,1,Non Intersection,No Control,Clear,Dry,Non-Fatal Injury,Rear End,25 to 29,Major,,Driving Properly,Normal,,,"-79.614955, 43.755194"
8000916945,2018,20,Major Arterial,Etobicoke York,1,Non Intersection,No Control,Clear,Dry,Non-Fatal Injury,Rear End,30 to 34,None,,Speed too Fast For Condition,Inattentive,,,"-79.614955, 43.755194"
8000986648,2018,20,Major Arterial,Scarborough,,Intersection Related,No Control,Clear,Wet,Non-Fatal Injury,Pedestrian Collisions,35 to 39,None,,Driving Properly,Normal,,,"-79.186191, 43.768336"
8000986648,2018,20,Major Arterial,Scarborough,,Intersection Related,No Control,Clear,Wet,Non-Fatal Injury,Pedestrian Collisions,35 to 39,Major,,,,"Crossing, no Traffic Control",Had Been Drinking,"-79.186191, 43.768336"
8000986648,2018,20,Major Arterial,Scarborough,,Intersection Related,No Control,Clear,Wet,Non-Fatal Injury,Pedestrian Collisions,40 to 44,None,,,,,,"-79.186191, 43.768336"
8001473575,2018,20,Minor Arterial,Scarborough,24,At Intersection,Traffic Signal,Clear,Dry,Fatal,Angle,70 to 74,Fatal,41,Driving Properly,Unknown,,,"-79.239131, 43.767378"
8001340896,2018,20,Major Arterial,Scarborough,24,Non Intersection,No Control,Clear,Dry,Non-Fatal Injury,SMV Other,20 to 24,Major,,Lost control,Normal,,,"-79.222179, 43.778483"
8001473575,2018,20,Minor Arterial,Scarborough,24,At Intersection,Traffic Signal,Clear,Dry,Fatal,Angle,30 to 34,None,,Disobeyed Traffic Control,Unknown,,,"-79.239131, 43.767378"
8000630918,2018,20,Major Arterial,Etobicoke York,7,At Intersection,Traffic Signal,Clear,Dry,Non-Fatal Injury,Rear End,10 to 14,Major,,,,,,"-79.53622, 43.753218"
8000630918,2018,20,Major Arterial,Etobicoke York,7,At Intersection,Traffic Signal,Clear,Dry,Non-Fatal Injury,Rear End,45 to 49,Minor,,,,,,"-79.53622, 43.753218"
8000630918,2018,20,Major Arterial,Etobicoke York,7,At Intersection,Traffic Signal,Clear,Dry,Non-Fatal Injury,Rear End,40 to 44,Minor,,,,,,"-79.53622, 43.753218"
8000630918,2018,20,Major Arterial,Etobicoke York,7,At Intersection,Traffic Signal,Clear,Dry,Non-Fatal Injury,Rear End,60 to 64,Minor,,Driving Properly,Normal,,,"-79.53622, 43.753218"
8000630918,2018,20,Major Arterial,Etobicoke York,7,At Intersection,Traffic Signal,Clear,Dry,Non-Fatal Injury,Rear End,40 to 44,Minor,,Driving Properly,Normal,,,"-79.53622, 43.753218"
8000630918,2018,20,Major Arterial,Etobicoke York,7,At Intersection,Traffic Signal,Clear,Dry,Non-Fatal Injury,Rear End,30 to 34,None,,Following too Close,Inattentive,,,"-79.53622, 43.753218"
8000657737,2018,20,Major Arterial,North York,6,At Intersection,Traffic Signal,Clear,Dry,Non-Fatal Injury,Turning Movement,20 to 24,None,,,,,,"-79.49673, 43.723284"
8000657737,2018,20,Major Arterial,North York,6,At Intersection,Traffic Signal,Clear,Dry,Non-Fatal Injury,Turning Movement,20 to 24,None,,Driving Properly,Normal,,,"-79.49673, 43.723284"
8000657737,2018,20,Major Arterial,North York,6,At Intersection,Traffic Signal,Clear,Dry,Non-Fatal Injury,Turning Movement,20 to 24,Major,,Disobeyed Traffic Control,Inattentive,,,"-79.49673, 43.723284"
8001785891,2018,20,Major Arterial,Scarborough,22,Non Intersection,No Control,Clear,Dry,Fatal,Pedestrian Collisions,unknown,None,,Failed to Yield Right of Way,Unknown,,,"-79.292499, 43.782229"
8001785891,2018,20,Major Arterial,Scarborough,22,Non Intersection,No Control,Clear,Dry,Fatal,Pedestrian Collisions,75 to 79,Fatal,52,,,"Crossing, no Traffic Control",Inattentive,"-79.292499, 43.782229"
7003203834,2017,20,Major Arterial,Toronto and East York,10,At Intersection,Traffic Signal,Clear,Wet,Non-Fatal Injury,Pedestrian Collisions,55 to 59,Major,,,,Crossing with right of way,Normal,"-79.384067, 43.649115"
7003203834,2017,20,Major Arterial,Toronto and East York,10,At Intersection,Traffic Signal,Clear,Wet,Non-Fatal Injury,Pedestrian Collisions,40 to 44,None,,Driving Properly,Normal,,,"-79.384067, 43.649115"
9001268275,2019,20,Major Arterial,Scarborough,,Intersection Related,Traffic Signal,Clear,Dry,Non-Fatal Injury,Pedestrian Collisions,25 to 29,Major,,,,,Normal,"-79.217632, 43.798118"
8000165108,2018,20,Minor Arterial,Scarborough,23,Non Intersection,No Control,Clear,Dry,Non-Fatal Injury,Approaching,35 to 39,Major,,Lost control,"Ability Impaired, Alcohol",,,"-79.225757, 43.804667"
8000165108,2018,20,Minor Arterial,Scarborough,23,Non Intersection,No Control,Clear,Dry,Non-Fatal Injury,Approaching,35 to 39,Minor,,Driving Properly,Normal,,,"-79.225757, 43.804667"
8000165108,2018,20,Minor Arterial,Scarborough,23,Non Intersection,No Control,Clear,Dry,Non-Fatal Injury,Approaching,55 to 59,Minimal,,,,,,"-79.225757, 43.804667"
9001051786,2019,20,Major Arterial,Etobicoke York,7,At Intersection,Traffic Signal,Clear,Dry,Non-Fatal Injury,Pedestrian Collisions,unknown,None,,Failed to Yield Right of Way,Unknown,,,"-79.552288, 43.749942"
9001051786,2019,20,Major Arterial,Etobicoke York,7,At Intersection,Traffic Signal,Clear,Dry,Non-Fatal Injury,Pedestrian Collisions,35 to 39,Major,,,,,Normal,"-79.552288, 43.749942"
9001182119,2019,20,Major Arterial,Scarborough,21,Non Intersection,No Control,Clear,Dry,Non-Fatal Injury,Pedestrian Collisions,20 to 24,None,,Other,Unknown,,,"-79.270527, 43.765876"
9001182119,2019,20,Major Arterial,Scarborough,21,Non Intersection,No Control,Clear,Dry,Non-Fatal Injury,Pedestrian Collisions,40 to 44,None,,Driving Properly,Normal,,,"-79.270527, 43.765876"
9001182119,2019,20,Major Arterial,Scarborough,21,Non Intersection,No Control,Clear,Dry,Non-Fatal Injury,Pedestrian Collisions,40 to 44,None,,Driving Properly,Normal,,,"-79.270527, 43.765876"
9001182119,2019,20,Major Arterial,Scarborough,21,Non Intersection,No Control,Clear,Dry,Non-Fatal Injury,Pedestrian Collisions,35 to 39,Major,,,,,Unknown,"-79.270527, 43.765876"
9001182119,2019,20,Major Arterial,Scarborough,21,Non Intersection,No Control,Clear,Dry,Non-Fatal Injury,Pedestrian Collisions,55 to 59,None,,Driving Properly,Normal,,,"-79.270527, 43.765876"
9001182119,2019,20,Major Arterial,Scarborough,21,Non Intersection,No Control,Clear,Dry,Non-Fatal Injury,Pedestrian Collisions,20 to 24,None,,,,,,"-79.270527, 43.765876"
9001182119,2019,20,Major Arterial,Scarborough,21,Non Intersection,No Control,Clear,Dry,Non-Fatal Injury,Pedestrian Collisions,20 to 24,None,,,,,,"-79.270527, 43.765876"
9001182119,2019,20,Major Arterial,Scarborough,21,Non Intersection,No Control,Clear,Dry,Non-Fatal Injury,Pedestrian Collisions,20 to 24,None,,,,,,"-79.270527, 43.765876"
9001268275,2019,20,Major Arterial,Scarborough,,Intersection Related,Traffic Signal,Clear,Dry,Non-Fatal Injury,Pedestrian Collisions,20 to 24,None,,Improper Turn,Normal,,,"-79.217632, 43.798118"
8002018204,2018,20,Major Arterial,Etobicoke York,1,At Intersection,Traffic Signal,Clear,Dry,Fatal,Pedestrian Collisions,90 to 94,Fatal,59,,,Crossing without right of way,Normal,"-79.58575, 43.750846"
9000294499,2019,20,Major Arterial,Etobicoke York,5,At Intersection,Traffic Signal,Clear,Wet,Non-Fatal Injury,Pedestrian Collisions,60 to 64,None,,Failed to Yield Right of Way,Normal,,,"-79.476726, 43.681602"
9000294499,2019,20,Major Arterial,Etobicoke York,5,At Intersection,Traffic Signal,Clear,Wet,Non-Fatal Injury,Pedestrian Collisions,40 to 44,None,,,,,,"-79.476726, 43.681602"
9002099158,2019,20,Major Arterial,Scarborough,23,Intersection Related,Traffic Signal,Rain,Wet,Non-Fatal Injury,Pedestrian Collisions,75 to 79,Major,,,,,Normal,"-79.271946, 43.817939"
9000294499,2019,20,Major Arterial,Etobicoke York,5,At Intersection,Traffic Signal,Clear,Wet,Non-Fatal Injury,Pedestrian Collisions,55 to 59,Major,,,,,Normal,"-79.476726, 43.681602"
8002018204,2018,20,Major Arterial,Etobicoke York,1,At Intersection,Traffic Signal,Clear,Dry,Fatal,Pedestrian Collisions,70 to 74,None,,Driving Properly,Normal,,,"-79.58575, 43.750846"
9000865737,2019,20,Major Arterial,Etobicoke York,3,Intersection Related,Traffic Signal,Rain,Wet,Non-Fatal Injury,Pedestrian Collisions,40 to 44,None,,Driving Properly,Normal,,,"-79.516918, 43.598193"
9000865737,2019,20,Major Arterial,Etobicoke York,3,Intersection Related,Traffic Signal,Rain,Wet,Non-Fatal Injury,Pedestrian Collisions,15 to 19,Major,,,,,Normal,"-79.516918, 43.598193"
9000494467,2019,20,Major Arterial,Toronto and East York,11,Non Intersection,No Control,Clear,Dry,Non-Fatal Injury,Cyclist Collisions,unknown,None,,Failed to Yield Right of Way,Normal,,,"-79.383732, 43.656509"
9000494467,2019,20,Major Arterial,Toronto and East York,11,Non Intersection,No Control,Clear,Dry,Non-Fatal Injury,Cyclist Collisions,35 to 39,Major,,,,,,"-79.383732, 43.656509"
9000568934,2019,20,Major Arterial,Toronto and East York,,At Intersection,Traffic Signal,Clear,Dry,Non-Fatal Injury,Turning Movement,20 to 24,None,,Failed to Yield Right of Way,Inattentive,,,"-79.360119, 43.670192"
9000568934,2019,20,Major Arterial,Toronto and East York,,At Intersection,Traffic Signal,Clear,Dry,Non-Fatal Injury,Turning Movement,25 to 29,Major,,Driving Properly,Normal,,,"-79.360119, 43.670192"
9002063791,2019,20,Minor Arterial,North York,18,At Intersection,Traffic Signal,Clear,Dry,Non-Fatal Injury,Cyclist Collisions,60 to 64,None,,Failed to Yield Right of Way,Unknown,,,"-79.409893, 43.788654"
9002063791,2019,20,Minor Arterial,North York,18,At Intersection,Traffic Signal,Clear,Dry,Non-Fatal Injury,Cyclist Collisions,20 to 24,Major,,,,,,"-79.409893, 43.788654"
9002099158,2019,20,Major Arterial,Scarborough,23,Intersection Related,Traffic Signal,Rain,Wet,Non-Fatal Injury,Pedestrian Collisions,35 to 39,None,,Driving Properly,Normal,,,"-79.271946, 43.817939"
9002099158,2019,20,Major Arterial,Scarborough,23,Intersection Related,Traffic Signal,Rain,Wet,Non-Fatal Injury,Pedestrian Collisions,5 to 9,None,,,,,,"-79.271946, 43.817939"
9002099223,2019,20,Collector,Scarborough,21,Non Intersection,No Control,Rain,Wet,Fatal,Pedestrian Collisions,55 to 59,Fatal,51,,,"Crossing, no Traffic Control",Inattentive,"-79.289478, 43.750472"
9002099223,2019,20,Collector,Scarborough,21,Non Intersection,No Control,Rain,Wet,Fatal,Pedestrian Collisions,25 to 29,None,,Driving Properly,Normal,,,"-79.289478, 43.750472"
8002114840,2018,20,Major Arterial,North York,,At Intersection,Traffic Signal,Snow,Wet,Non-Fatal Injury,Pedestrian Collisions,20 to 24,None,,Failed to Yield Right of Way,Normal,,,"-79.39619, 43.803198"
8002114840,2018,20,Major Arterial,North York,,At Intersection,Traffic Signal,Snow,Wet,Non-Fatal Injury,Pedestrian Collisions,15 to 19,Major,,,,Crossing with right of way,Normal,"-79.39619, 43.803198"
8002306569,2018,20,Major Arterial,Etobicoke York,1,At Intersection,Traffic Signal,Clear,Dry,Non-Fatal Injury,Pedestrian Collisions,unknown,None,,Failed to Yield Right of Way,Unknown,,,"-79.603442, 43.719145"
8002306569,2018,20,Major Arterial,Etobicoke York,1,At Intersection,Traffic Signal,Clear,Dry,Non-Fatal Injury,Pedestrian Collisions,55 to 59,Major,,,,Crossing with right of way,Normal,"-79.603442, 43.719145"
8002355627,2018,20,Major Arterial,Etobicoke York,1,Non Intersection,No Control,Clear,Dry,Non-Fatal Injury,Approaching,10 to 14,Minor,,,,,,"-79.590541, 43.737025"
8002355627,2018,20,Major Arterial,Etobicoke York,1,Non Intersection,No Control,Clear,Dry,Non-Fatal Injury,Approaching,0 to 4,None,,,,,,"-79.590541, 43.737025"
8002355627,2018,20,Major Arterial,Etobicoke York,1,Non Intersection,No Control,Clear,Dry,Non-Fatal Injury,Approaching,35 to 39,Major,,,,,,"-79.590541, 43.737025"
8002355627,2018,20,Major Arterial,Etobicoke York,1,Non Intersection,No Control,Clear,Dry,Non-Fatal Injury,Approaching,25 to 29,Minor,,Lost control,"Ability Impaired, Alcohol Over .08",,,"-79.590541, 43.737025"
8002355627,2018,20,Major Arterial,Etobicoke York,1,Non Intersection,No Control,Clear,Dry,Non-Fatal Injury,Approaching,40 to 44,Minor,,Driving Properly,Normal,,,"-79.590541, 43.737025"
9000040914,2019,20,Local,Toronto and East York,4,Non Intersection,No Control,Rain,Wet,Fatal,Pedestrian Collisions,65 to 69,None,,Following too Close,Normal,,,"-79.435504, 43.639567"
9000040914,2019,20,Local,Toronto and East York,4,Non Intersection,No Control,Rain,Wet,Fatal,Pedestrian Collisions,60 to 64,Fatal,1,,,Other,Normal,"-79.435504, 43.639567"
9001466378,2019,20,Major Arterial,Toronto and East York,4,At Intersection,Traffic Signal,Clear,Dry,Non-Fatal Injury,Turning Movement,20 to 24,None,,Improper Turn,Normal,,,"-79.46989, 43.63721"
9001466378,2019,20,Major Arterial,Toronto and East York,4,At Intersection,Traffic Signal,Clear,Dry,Non-Fatal Injury,Turning Movement,15 to 19,Major,,Driving Properly,Normal,,,"-79.46989, 43.63721"
9001466378,2019,20,Major Arterial,Toronto and East York,4,At Intersection,Traffic Signal,Clear,Dry,Non-Fatal Injury,Turning Movement,15 to 19,Major,,,,,,"-79.46989, 43.63721"
8001860748,2018,20,Major Arterial,Toronto and East York,14,At Intersection,No Control,Clear,Dry,Fatal,Cyclist Collisions,60 to 64,Fatal,54,,,,,"-79.35094, 43.658515"
8001860748,2018,20,Major Arterial,Toronto and East York,14,At Intersection,No Control,Clear,Dry,Fatal,Cyclist Collisions,30 to 34,None,,Driving Properly,Normal,,,"-79.35094, 43.658515"
8001860748,2018,20,Major Arterial,Toronto and East York,14,At Intersection,No Control,Clear,Dry,Fatal,Cyclist Collisions,unknown,None,,,,,,"-79.35094, 43.658515"
8001881817,2018,20,Major Arterial,Toronto and East York,4,At Intersection,Traffic Controller,Clear,Dry,Non-Fatal Injury,Turning Movement,20 to 24,None,,Failed to Yield Right of Way,Normal,,,"-79.47626, 43.651065"
8001881817,2018,20,Major Arterial,Toronto and East York,4,At Intersection,Traffic Controller,Clear,Dry,Non-Fatal Injury,Turning Movement,25 to 29,Major,,Driving Properly,Normal,,,"-79.47626, 43.651065"
8001972538,2018,20,Collector,North York,18,Intersection Related,No Control,Clear,Dry,Non-Fatal Injury,Pedestrian Collisions,unknown,None,,Other,Unknown,,,"-79.401439, 43.78171"
8001972538,2018,20,Collector,North York,18,Intersection Related,No Control,Clear,Dry,Non-Fatal Injury,Pedestrian Collisions,65 to 69,Major,,,,Other,Inattentive,"-79.401439, 43.78171"
9001623743,2019,20,Major Arterial,Scarborough,25,Non Intersection,No Control,Clear,Dry,Fatal,Pedestrian Collisions,60 to 64,None,,Driving Properly,Normal,,,"-79.186321, 43.771086"
9001623743,2019,20,Major Arterial,Scarborough,25,Non Intersection,No Control,Clear,Dry,Fatal,Pedestrian Collisions,70 to 74,Fatal,37,,,"Crossing, no Traffic Control",Unknown,"-79.186321, 43.771086"
9001661234,2019,20,Major Arterial,Scarborough,22,Non Intersection,No Control,Clear,Dry,Fatal,Pedestrian Collisions,30 to 34,Fatal,38,,,"Crossing, no Traffic Control",Inattentive,"-79.313861, 43.777281"
9001661234,2019,20,Major Arterial,Scarborough,22,Non Intersection,No Control,Clear,Dry,Fatal,Pedestrian Collisions,unknown,None,,Other,Unknown,,,"-79.313861, 43.777281"
9001731704,2019,20,Major Arterial,North York,,At Intersection,Stop Sign,Clear,Dry,Non-Fatal Injury,Turning Movement,45 to 49,None,,Failed to Yield Right of Way,Normal,,,"-79.42773, 43.700519"
9001731704,2019,20,Major Arterial,North York,,At Intersection,Stop Sign,Clear,Dry,Non-Fatal Injury,Turning Movement,35 to 39,Major,,Driving Properly,Normal,,,"-79.42773, 43.700519"
9001746758,2019,20,Major Arterial,Etobicoke York,7,At Intersection,Traffic Signal,Rain,Wet,Non-Fatal Injury,Pedestrian Collisions,35 to 39,None,,Failed to Yield Right of Way,Inattentive,,,"-79.515095, 43.747085"
9001746758,2019,20,Major Arterial,Etobicoke York,7,At Intersection,Traffic Signal,Rain,Wet,Non-Fatal Injury,Pedestrian Collisions,60 to 64,Major,,,,,Normal,"-79.515095, 43.747085"
9001790358,2019,20,Major Arterial,Scarborough,21,Intersection Related,Stop Sign,Clear,Dry,Fatal,Pedestrian Collisions,55 to 59,Minimal,,Driving Properly,Normal,,,"-79.291835, 43.745886"
9001790358,2019,20,Major Arterial,Scarborough,21,Intersection Related,Stop Sign,Clear,Dry,Fatal,Pedestrian Collisions,55 to 59,Fatal,42,,,"Crossing, no Traffic Control",Normal,"-79.291835, 43.745886"
9001835582,2019,20,Minor Arterial,Scarborough,24,Non Intersection,No Control,Clear,Dry,Fatal,Pedestrian Collisions,15 to 19,Fatal,44,,,"Crossing, no Traffic Control",Inattentive,"-79.214244, 43.757247"
9001835582,2019,20,Minor Arterial,Scarborough,24,Non Intersection,No Control,Clear,Dry,Fatal,Pedestrian Collisions,20 to 24,None,,Driving Properly,Normal,,,"-79.214244, 43.757247"
9001843126,2019,20,Major Arterial,Scarborough,20,At Intersection,No Control,Clear,Dry,Fatal,Pedestrian Collisions,65 to 69,Fatal,45,,,"Crossing, no Traffic Control",Unknown,"-79.282268, 43.692488"
9001843126,2019,20,Major Arterial,Scarborough,20,At Intersection,No Control,Clear,Dry,Fatal,Pedestrian Collisions,40 to 44,None,,Driving Properly,Normal,,,"-79.282268, 43.692488"
9001872287,2019,20,Major Arterial,Scarborough,20,At Intersection,Traffic Signal,Clear,Dry,Fatal,Angle,40 to 44,None,,,,,,"-79.261302, 43.716452"
9001872287,2019,20,Major Arterial,Scarborough,20,At Intersection,Traffic Signal,Clear,Dry,Fatal,Angle,65 to 69,Fatal,46,Disobeyed Traffic Control,Unknown,,,"-79.261302, 43.716452"
9001872287,2019,20,Major Arterial,Scarborough,20,At Intersection,Traffic Signal,Clear,Dry,Fatal,Angle,60 to 64,Minor,,,,,,"-79.261302, 43.716452"
9001872287,2019,20,Major Arterial,Scarborough,20,At Intersection,Traffic Signal,Clear,Dry,Fatal,Angle,35 to 39,None,,Driving Properly,Normal,,,"-79.261302, 43.716452"
9001872287,2019,20,Major Arterial,Scarborough,20,At Intersection,Traffic Signal,Clear,Dry,Fatal,Angle,5 to 9,Minor,,,,,,"-79.261302, 43.716452"
9001878764,2019,20,Major Arterial,Etobicoke York,1,Non Intersection,No Control,Clear,Dry,Fatal,Pedestrian Collisions,55 to 59,Fatal,47,,,"Crossing, no Traffic Control",Unknown,"-79.5647, 43.707354"
9001878764,2019,20,Major Arterial,Etobicoke York,1,Non Intersection,No Control,Clear,Dry,Fatal,Pedestrian Collisions,50 to 54,None,,Driving Properly,Normal,,,"-79.5647, 43.707354"
9002320157,2019,20,Major Arterial,Scarborough,21,Non Intersection,No Control,Snow,Loose Snow,Non-Fatal Injury,Rear End,25 to 29,None,,Speed too Fast For Condition,Had Been Drinking,,,"-79.292286, 43.745898"
9002320157,2019,20,Major Arterial,Scarborough,21,Non Intersection,No Control,Snow,Loose Snow,Non-Fatal Injury,Rear End,50 to 54,None,,Driving Properly,Normal,,,"-79.292286, 43.745898"
9002320157,2019,20,Major Arterial,Scarborough,21,Non Intersection,No Control,Snow,Loose Snow,Non-Fatal Injury,Rear End,50 to 54,Minor,,Driving Properly,Normal,,,"-79.292286, 43.745898"
9002320157,2019,20,Major Arterial,Scarborough,21,Non Intersection,No Control,Snow,Loose Snow,Non-Fatal Injury,Rear End,25 to 29,None,,Driving Properly,Normal,,,"-79.292286, 43.745898"
9002320157,2019,20,Major Arterial,Scarborough,21,Non Intersection,No Control,Snow,Loose Snow,Non-Fatal Injury,Rear End,20 to 24,Major,,,,,,"-79.292286, 43.745898"
9002320157,2019,20,Major Arterial,Scarborough,21,Non Intersection,No Control,Snow,Loose Snow,Non-Fatal Injury,Rear End,30 to 34,None,,,,,,"-79.292286, 43.745898"
9002320157,2019,20,Major Arterial,Scarborough,21,Non Intersection,No Control,Snow,Loose Snow,Non-Fatal Injury,Rear End,30 to 34,Minimal,,,,,,"-79.292286, 43.745898"
9002320157,2019,20,Major Arterial,Scarborough,21,Non Intersection,No Control,Snow,Loose Snow,Non-Fatal Injury,Rear End,35 to 39,None,,,,,,"-79.292286, 43.745898"
9002404959,2019,20,Major Arterial,North York,6,Intersection Related,Traffic Signal,Clear,Dry,Non-Fatal Injury,Pedestrian Collisions,65 to 69,None,,Failed to Yield Right of Way,Normal,,,"-79.486423, 43.744773"
9002404959,2019,20,Major Arterial,North York,6,Intersection Related,Traffic Signal,Clear,Dry,Non-Fatal Injury,Pedestrian Collisions,50 to 54,Major,,,,,Normal,"-79.486423, 43.744773"
,,,,,,,,,,,,,,,,,,,geometry